{"textures":{"0":"item/mobs/zahar/zahar_abomination"},"elements":[{"from":[6.0,8.0,6.285714],"to":[10.0,12.0,9.714286],"rotation":{"angle":0.0,"axis":"y","origin":[5.428571,3.7142854,7.142857]},"faces":{"east":{"uv":[4.8125,8.125,5.1875,8.5625],"rotation":0,"texture":"#0","tintindex":0},"south":{"uv":[6.8125,7.9375,7.25,8.375],"rotation":0,"texture":"#0","tintindex":0},"north":{"uv":[6.375,7.9375,6.8125,8.375],"rotation":0,"texture":"#0","tintindex":0},"west":{"uv":[7.75,8.125,8.125,8.5625],"rotation":0,"texture":"#0","tintindex":0},"up":{"uv":[8.5625,8.5,8.125,8.125],"rotation":0,"texture":"#0","tintindex":0},"down":{"uv":[8.625,5.4375,8.1875,5.8125],"rotation":0,"texture":"#0","tintindex":0}}},{"from":[7.714286,10.857143,9.142858],"to":[11.142858,13.714286,9.142858],"rotation":{"angle":22.5,"axis":"x","origin":[9.428572,12.285715,9.142858]},"faces":{"east":{"uv":[0.0,0.0,0.0,0.3125],"rotation":0,"texture":"#0","tintindex":0},"south":{"uv":[2.9375,8.5,3.3125,8.8125],"rotation":0,"texture":"#0","tintindex":0},"north":{"uv":[0.8125,8.5,1.1875,8.8125],"rotation":0,"texture":"#0","tintindex":0},"west":{"uv":[0.0,0.0,0.0,0.3125],"rotation":0,"texture":"#0","tintindex":0},"up":{"uv":[0.375,0.0,0.0,0.0],"rotation":0,"texture":"#0","tintindex":0},"down":{"uv":[0.375,0.0,0.0,0.0],"rotation":0,"texture":"#0","tintindex":0}}}],"display":{"head":{"translation":[0.0,-6.4,0.0],"scale":[4.0,4.0,4.0]}}}{"textures":{"0":"item/mobs/zahar/zahar_abomination"},"elements":[{"from":[6.0,8.0,6.285714],"to":[10.0,12.0,9.714286],"rotation":{"angle":0.0,"axis":"y","origin":[5.428571,3.7142854,7.142857]},"faces":{"east":{"uv":[4.8125,8.125,5.1875,8.5625],"rotation":0,"texture":"#0","tintindex":0},"south":{"uv":[6.8125,7.9375,7.25,8.375],"rotation":0,"texture":"#0","tintindex":0},"north":{"uv":[6.375,7.9375,6.8125,8.375],"rotation":0,"texture":"#0","tintindex":0},"west":{"uv":[7.75,8.125,8.125,8.5625],"rotation":0,"texture":"#0","tintindex":0},"up":{"uv":[8.5625,8.5,8.125,8.125],"rotation":0,"texture":"#0","tintindex":0},"down":{"uv":[8.625,5.4375,8.1875,5.8125],"rotation":0,"texture":"#0","tintindex":0}}},{"from":[7.714286,10.857143,9.142858],"to":[11.142858,13.714286,9.142858],"rotation":{"angle":22.5,"axis":"x","origin":[9.428572,12.285715,9.142858]},"faces":{"east":{"uv":[0.0,0.0,0.0,0.3125],"rotation":0,"texture":"#0","tintindex":0},"south":{"uv":[2.9375,8.5,3.3125,8.8125],"rotation":0,"texture":"#0","tintindex":0},"north":{"uv":[0.8125,8.5,1.1875,8.8125],"rotation":0,"texture":"#0","tintindex":0},"west":{"uv":[0.0,0.0,0.0,0.3125],"rotation":0,"texture":"#0","tintindex":0},"up":{"uv":[0.375,0.0,0.0,0.0],"rotation":0,"texture":"#0","tintindex":0},"down":{"uv":[0.375,0.0,0.0,0.0],"rotation":0,"texture":"#0","tintindex":0}}}],"display":{"head":{"translation":[0.0,-6.4,0.0],"scale":[4.0,4.0,4.0]}}}{"textures":{"0":"item/mobs/zahar/zahar_abomination"},"elements":[{"from":[6.0,8.0,6.285714],"to":[10.0,12.0,9.714286],"rotation":{"angle":0.0,"axis":"y","origin":[5.428571,3.7142854,7.142857]},"faces":{"east":{"uv":[4.8125,8.125,5.1875,8.5625],"rotation":0,"texture":"#0","tintindex":0},"south":{"uv":[6.8125,7.9375,7.25,8.375],"rotation":0,"texture":"#0","tintindex":0},"north":{"uv":[6.375,7.9375,6.8125,8.375],"rotation":0,"texture":"#0","tintindex":0},"west":{"uv":[7.75,8.125,8.125,8.5625],"rotation":0,"texture":"#0","tintindex":0},"up":{"uv":[8.5625,8.5,8.125,8.125],"rotation":0,"texture":"#0","tintindex":0},"down":{"uv":[8.625,5.4375,8.1875,5.8125],"rotation":0,"texture":"#0","tintindex":0}}},{"from":[7.714286,10.857143,9.142858],"to":[11.142858,13.714286,9.142858],"rotation":{"angle":22.5,"axis":"x","origin":[9.428572,12.285715,9.142858]},"faces":{"east":{"uv":[0.0,0.0,0.0,0.3125],"rotation":0,"texture":"#0","tintindex":0},"south":{"uv":[2.9375,8.5,3.3125,8.8125],"rotation":0,"texture":"#0","tintindex":0},"north":{"uv":[0.8125,8.5,1.1875,8.8125],"rotation":0,"texture":"#0","tintindex":0},"west":{"uv":[0.0,0.0,0.0,0.3125],"rotation":0,"texture":"#0","tintindex":0},"up":{"uv":[0.375,0.0,0.0,0.0],"rotation":0,"texture":"#0","tintindex":0},"down":{"uv":[0.375,0.0,0.0,0.0],"rotation":0,"texture":"#0","tintindex":0}}}],"display":{"head":{"translation":[0.0,-6.4,0.0],"scale":[4.0,4.0,4.0]}}}{"textures":{"0":"item/mobs/zahar/zahar_abomination"},"elements":[{"from":[6.0,8.0,6.285714],"to":[10.0,12.0,9.714286],"rotation":{"angle":0.0,"axis":"y","origin":[5.428571,3.7142854,7.142857]},"faces":{"east":{"uv":[4.8125,8.125,5.1875,8.5625],"rotation":0,"texture":"#0","tintindex":0},"south":{"uv":[6.8125,7.9375,7.25,8.375],"rotation":0,"texture":"#0","tintindex":0},"north":{"uv":[6.375,7.9375,6.8125,8.375],"rotation":0,"texture":"#0","tintindex":0},"west":{"uv":[7.75,8.125,8.125,8.5625],"rotation":0,"texture":"#0","tintindex":0},"up":{"uv":[8.5625,8.5,8.125,8.125],"rotation":0,"texture":"#0","tintindex":0},"down":{"uv":[8.625,5.4375,8.1875,5.8125],"rotation":0,"texture":"#0","tintindex":0}}},{"from":[7.714286,10.857143,9.142858],"to":[11.142858,13.714286,9.142858],"rotation":{"angle":22.5,"axis":"x","origin":[9.428572,12.285715,9.142858]},"faces":{"east":{"uv":[0.0,0.0,0.0,0.3125],"rotation":0,"texture":"#0","tintindex":0},"south":{"uv":[2.9375,8.5,3.3125,8.8125],"rotation":0,"texture":"#0","tintindex":0},"north":{"uv":[0.8125,8.5,1.1875,8.8125],"rotation":0,"texture":"#0","tintindex":0},"west":{"uv":[0.0,0.0,0.0,0.3125],"rotation":0,"texture":"#0","tintindex":0},"up":{"uv":[0.375,0.0,0.0,0.0],"rotation":0,"texture":"#0","tintindex":0},"down":{"uv":[0.375,0.0,0.0,0.0],"rotation":0,"texture":"#0","tintindex":0}}}],"display":{"head":{"translation":[0.0,-6.4,0.0],"scale":[4.0,4.0,4.0]}}}{"textures":{"0":"item/mobs/zahar/zahar_abomination"},"elements":[{"from":[6.0,8.0,6.285714],"to":[10.0,12.0,9.714286],"rotation":{"angle":0.0,"axis":"y","origin":[5.428571,3.7142854,7.142857]},"faces":{"east":{"uv":[4.8125,8.125,5.1875,8.5625],"rotation":0,"texture":"#0","tintindex":0},"south":{"uv":[6.8125,7.9375,7.25,8.375],"rotation":0,"texture":"#0","tintindex":0},"north":{"uv":[6.375,7.9375,6.8125,8.375],"rotation":0,"texture":"#0","tintindex":0},"west":{"uv":[7.75,8.125,8.125,8.5625],"rotation":0,"texture":"#0","tintindex":0},"up":{"uv":[8.5625,8.5,8.125,8.125],"rotation":0,"texture":"#0","tintindex":0},"down":{"uv":[8.625,5.4375,8.1875,5.8125],"rotation":0,"texture":"#0","tintindex":0}}},{"from":[7.714286,10.857143,9.142858],"to":[11.142858,13.714286,9.142858],"rotation":{"angle":22.5,"axis":"x","origin":[9.428572,12.285715,9.142858]},"faces":{"east":{"uv":[0.0,0.0,0.0,0.3125],"rotation":0,"texture":"#0","tintindex":0},"south":{"uv":[2.9375,8.5,3.3125,8.8125],"rotation":0,"texture":"#0","tintindex":0},"north":{"uv":[0.8125,8.5,1.1875,8.8125],"rotation":0,"texture":"#0","tintindex":0},"west":{"uv":[0.0,0.0,0.0,0.3125],"rotation":0,"texture":"#0","tintindex":0},"up":{"uv":[0.375,0.0,0.0,0.0],"rotation":0,"texture":"#0","tintindex":0},"down":{"uv":[0.375,0.0,0.0,0.0],"rotation":0,"texture":"#0","tintindex":0}}}],"display":{"head":{"translation":[0.0,-6.4,0.0],"scale":[4.0,4.0,4.0]}}}{"textures":{"0":"item/mobs/zahar/zahar_abomination"},"elements":[{"from":[6.0,8.0,6.285714],"to":[10.0,12.0,9.714286],"rotation":{"angle":0.0,"axis":"y","origin":[5.428571,3.7142854,7.142857]},"faces":{"east":{"uv":[4.8125,8.125,5.1875,8.5625],"rotation":0,"texture":"#0","tintindex":0},"south":{"uv":[6.8125,7.9375,7.25,8.375],"rotation":0,"texture":"#0","tintindex":0},"north":{"uv":[6.375,7.9375,6.8125,8.375],"rotation":0,"texture":"#0","tintindex":0},"west":{"uv":[7.75,8.125,8.125,8.5625],"rotation":0,"texture":"#0","tintindex":0},"up":{"uv":[8.5625,8.5,8.125,8.125],"rotation":0,"texture":"#0","tintindex":0},"down":{"uv":[8.625,5.4375,8.1875,5.8125],"rotation":0,"texture":"#0","tintindex":0}}},{"from":[7.714286,10.857143,9.142858],"to":[11.142858,13.714286,9.142858],"rotation":{"angle":22.5,"axis":"x","origin":[9.428572,12.285715,9.142858]},"faces":{"east":{"uv":[0.0,0.0,0.0,0.3125],"rotation":0,"texture":"#0","tintindex":0},"south":{"uv":[2.9375,8.5,3.3125,8.8125],"rotation":0,"texture":"#0","tintindex":0},"north":{"uv":[0.8125,8.5,1.1875,8.8125],"rotation":0,"texture":"#0","tintindex":0},"west":{"uv":[0.0,0.0,0.0,0.3125],"rotation":0,"texture":"#0","tintindex":0},"up":{"uv":[0.375,0.0,0.0,0.0],"rotation":0,"texture":"#0","tintindex":0},"down":{"uv":[0.375,0.0,0.0,0.0],"rotation":0,"texture":"#0","tintindex":0}}}],"display":{"head":{"translation":[0.0,-6.4,0.0],"scale":[4.0,4.0,4.0]}}}{"textures":{"0":"item/mobs/zahar/zahar_abomination"},"elements":[{"from":[6.0,8.0,6.285714],"to":[10.0,12.0,9.714286],"rotation":{"angle":0.0,"axis":"y","origin":[5.428571,3.7142854,7.142857]},"faces":{"east":{"uv":[4.8125,8.125,5.1875,8.5625],"rotation":0,"texture":"#0","tintindex":0},"south":{"uv":[6.8125,7.9375,7.25,8.375],"rotation":0,"texture":"#0","tintindex":0},"north":{"uv":[6.375,7.9375,6.8125,8.375],"rotation":0,"texture":"#0","tintindex":0},"west":{"uv":[7.75,8.125,8.125,8.5625],"rotation":0,"texture":"#0","tintindex":0},"up":{"uv":[8.5625,8.5,8.125,8.125],"rotation":0,"texture":"#0","tintindex":0},"down":{"uv":[8.625,5.4375,8.1875,5.8125],"rotation":0,"texture":"#0","tintindex":0}}},{"from":[7.714286,10.857143,9.142858],"to":[11.142858,13.714286,9.142858],"rotation":{"angle":22.5,"axis":"x","origin":[9.428572,12.285715,9.142858]},"faces":{"east":{"uv":[0.0,0.0,0.0,0.3125],"rotation":0,"texture":"#0","tintindex":0},"south":{"uv":[2.9375,8.5,3.3125,8.8125],"rotation":0,"texture":"#0","tintindex":0},"north":{"uv":[0.8125,8.5,1.1875,8.8125],"rotation":0,"texture":"#0","tintindex":0},"west":{"uv":[0.0,0.0,0.0,0.3125],"rotation":0,"texture":"#0","tintindex":0},"up":{"uv":[0.375,0.0,0.0,0.0],"rotation":0,"texture":"#0","tintindex":0},"down":{"uv":[0.375,0.0,0.0,0.0],"rotation":0,"texture":"#0","tintindex":0}}}],"display":{"head":{"translation":[0.0,-6.4,0.0],"scale":[4.0,4.0,4.0]}}}{"textures":{"0":"item/mobs/zahar/zahar_abomination"},"elements":[{"from":[6.0,8.0,6.285714],"to":[10.0,12.0,9.714286],"rotation":{"angle":0.0,"axis":"y","origin":[5.428571,3.7142854,7.142857]},"faces":{"east":{"uv":[4.8125,8.125,5.1875,8.5625],"rotation":0,"texture":"#0","tintindex":0},"south":{"uv":[6.8125,7.9375,7.25,8.375],"rotation":0,"texture":"#0","tintindex":0},"north":{"uv":[6.375,7.9375,6.8125,8.375],"rotation":0,"texture":"#0","tintindex":0},"west":{"uv":[7.75,8.125,8.125,8.5625],"rotation":0,"texture":"#0","tintindex":0},"up":{"uv":[8.5625,8.5,8.125,8.125],"rotation":0,"texture":"#0","tintindex":0},"down":{"uv":[8.625,5.4375,8.1875,5.8125],"rotation":0,"texture":"#0","tintindex":0}}},{"from":[7.714286,10.857143,9.142858],"to":[11.142858,13.714286,9.142858],"rotation":{"angle":22.5,"axis":"x","origin":[9.428572,12.285715,9.142858]},"faces":{"east":{"uv":[0.0,0.0,0.0,0.3125],"rotation":0,"texture":"#0","tintindex":0},"south":{"uv":[2.9375,8.5,3.3125,8.8125],"rotation":0,"texture":"#0","tintindex":0},"north":{"uv":[0.8125,8.5,1.1875,8.8125],"rotation":0,"texture":"#0","tintindex":0},"west":{"uv":[0.0,0.0,0.0,0.3125],"rotation":0,"texture":"#0","tintindex":0},"up":{"uv":[0.375,0.0,0.0,0.0],"rotation":0,"texture":"#0","tintindex":0},"down":{"uv":[0.375,0.0,0.0,0.0],"rotation":0,"texture":"#0","tintindex":0}}}],"display":{"head":{"translation":[0.0,-6.4,0.0],"scale":[4.0,4.0,4.0]}}}