{"textures":{"0":"item/mobs/zahar/zahar_abomination"},"elements":[{"from":[5.714286,7.7021403,5.2256246],"to":[10.285714,10.559283,9.225624],"rotation":{"angle":0.0,"axis":"y","origin":[8.0,-9.440718,8.654196]},"faces":{"east":{"uv":[7.25,8.3125,7.6875,8.625],"rotation":0,"texture":"#0","tintindex":0},"south":{"uv":[8.25,6.6875,8.75,7.0],"rotation":0,"texture":"#0","tintindex":0},"north":{"uv":[2.4375,8.25,2.9375,8.5625],"rotation":0,"texture":"#0","tintindex":0},"west":{"uv":[8.3125,7.25,8.75,7.5625],"rotation":0,"texture":"#0","tintindex":0},"up":{"uv":[8.25,2.0625,7.75,1.625],"rotation":0,"texture":"#0","tintindex":0},"down":{"uv":[8.3125,7.6875,7.8125,8.125],"rotation":0,"texture":"#0","tintindex":0}}},{"from":[6.285714,6.8619647,5.0486455],"to":[9.714286,8.576251,7.33436],"rotation":{"angle":-22.5,"axis":"x","origin":[8.0,7.1476793,7.6200743]},"faces":{"east":{"uv":[7.5625,3.125,7.8125,3.3125],"rotation":0,"texture":"#0","tintindex":0},"south":{"uv":[7.625,0.625,8.0,0.8125],"rotation":0,"texture":"#0","tintindex":0},"north":{"uv":[6.5,0.625,6.875,0.8125],"rotation":0,"texture":"#0","tintindex":0},"west":{"uv":[8.125,0.4375,8.375,0.625],"rotation":0,"texture":"#0","tintindex":0},"up":{"uv":[5.375,2.0,5.0,1.75],"rotation":0,"texture":"#0","tintindex":0},"down":{"uv":[8.875,4.5,8.5,4.75],"rotation":0,"texture":"#0","tintindex":0}}},{"from":[10.285714,5.7191076,2.7629309],"to":[12.0,7.4333935,6.1915026],"rotation":{"angle":-45.0,"axis":"y","origin":[10.0,7.7191076,4.4772167]},"faces":{"east":{"uv":[0.1875,4.6875,0.5625,4.875],"rotation":0,"texture":"#0","tintindex":0},"south":{"uv":[0.75,4.5,0.9375,4.6875],"rotation":0,"texture":"#0","tintindex":0},"north":{"uv":[0.75,4.6875,0.9375,4.875],"rotation":0,"texture":"#0","tintindex":0},"west":{"uv":[0.1875,4.5,0.5625,4.6875],"rotation":0,"texture":"#0","tintindex":0},"up":{"uv":[0.1875,4.875,0.0,4.5],"rotation":0,"texture":"#0","tintindex":0},"down":{"uv":[0.75,4.5,0.5625,4.875],"rotation":0,"texture":"#0","tintindex":0}}},{"from":[3.0,5.7191076,4.3343596],"to":[4.714286,7.4333935,7.7629313],"rotation":{"angle":45.0,"axis":"y","origin":[3.7142854,7.7191076,4.4772167]},"faces":{"east":{"uv":[0.5625,4.5,0.1875,4.6875],"rotation":0,"texture":"#0","tintindex":0},"south":{"uv":[0.9375,4.5,0.75,4.6875],"rotation":0,"texture":"#0","tintindex":0},"north":{"uv":[0.9375,4.6875,0.75,4.875],"rotation":0,"texture":"#0","tintindex":0},"west":{"uv":[0.5625,4.6875,0.1875,4.875],"rotation":0,"texture":"#0","tintindex":0},"up":{"uv":[0.0,4.875,0.1875,4.5],"rotation":0,"texture":"#0","tintindex":0},"down":{"uv":[0.5625,4.5,0.75,4.875],"rotation":0,"texture":"#0","tintindex":0}}},{"from":[7.428571,7.22129,4.8728724],"to":[8.571428,8.364147,6.0157294],"rotation":{"angle":22.5,"axis":"x","origin":[9.142858,7.792719,5.4443007]},"faces":{"east":{"uv":[2.6875,3.625,2.8125,3.75],"rotation":0,"texture":"#0","tintindex":0},"south":{"uv":[2.6875,3.75,2.8125,3.875],"rotation":0,"texture":"#0","tintindex":0},"north":{"uv":[2.6875,3.5,2.8125,3.625],"rotation":0,"texture":"#0","tintindex":0},"west":{"uv":[2.5625,3.625,2.6875,3.75],"rotation":0,"texture":"#0","tintindex":0},"up":{"uv":[2.6875,3.625,2.5625,3.5],"rotation":0,"texture":"#0","tintindex":0},"down":{"uv":[2.6875,3.75,2.5625,3.875],"rotation":0,"texture":"#0","tintindex":0}}}],"display":{"head":{"translation":[0.0,-6.4,0.0],"scale":[4.0,4.0,4.0]}}}{"textures":{"0":"item/mobs/zahar/zahar_abomination"},"elements":[{"from":[5.714286,7.7021403,5.2256246],"to":[10.285714,10.559283,9.225624],"rotation":{"angle":0.0,"axis":"y","origin":[8.0,-9.440718,8.654196]},"faces":{"east":{"uv":[7.25,8.3125,7.6875,8.625],"rotation":0,"texture":"#0","tintindex":0},"south":{"uv":[8.25,6.6875,8.75,7.0],"rotation":0,"texture":"#0","tintindex":0},"north":{"uv":[2.4375,8.25,2.9375,8.5625],"rotation":0,"texture":"#0","tintindex":0},"west":{"uv":[8.3125,7.25,8.75,7.5625],"rotation":0,"texture":"#0","tintindex":0},"up":{"uv":[8.25,2.0625,7.75,1.625],"rotation":0,"texture":"#0","tintindex":0},"down":{"uv":[8.3125,7.6875,7.8125,8.125],"rotation":0,"texture":"#0","tintindex":0}}},{"from":[6.285714,6.8619647,5.0486455],"to":[9.714286,8.576251,7.33436],"rotation":{"angle":-22.5,"axis":"x","origin":[8.0,7.1476793,7.6200743]},"faces":{"east":{"uv":[7.5625,3.125,7.8125,3.3125],"rotation":0,"texture":"#0","tintindex":0},"south":{"uv":[7.625,0.625,8.0,0.8125],"rotation":0,"texture":"#0","tintindex":0},"north":{"uv":[6.5,0.625,6.875,0.8125],"rotation":0,"texture":"#0","tintindex":0},"west":{"uv":[8.125,0.4375,8.375,0.625],"rotation":0,"texture":"#0","tintindex":0},"up":{"uv":[5.375,2.0,5.0,1.75],"rotation":0,"texture":"#0","tintindex":0},"down":{"uv":[8.875,4.5,8.5,4.75],"rotation":0,"texture":"#0","tintindex":0}}},{"from":[10.285714,5.7191076,2.7629309],"to":[12.0,7.4333935,6.1915026],"rotation":{"angle":-45.0,"axis":"y","origin":[10.0,7.7191076,4.4772167]},"faces":{"east":{"uv":[0.1875,4.6875,0.5625,4.875],"rotation":0,"texture":"#0","tintindex":0},"south":{"uv":[0.75,4.5,0.9375,4.6875],"rotation":0,"texture":"#0","tintindex":0},"north":{"uv":[0.75,4.6875,0.9375,4.875],"rotation":0,"texture":"#0","tintindex":0},"west":{"uv":[0.1875,4.5,0.5625,4.6875],"rotation":0,"texture":"#0","tintindex":0},"up":{"uv":[0.1875,4.875,0.0,4.5],"rotation":0,"texture":"#0","tintindex":0},"down":{"uv":[0.75,4.5,0.5625,4.875],"rotation":0,"texture":"#0","tintindex":0}}},{"from":[3.0,5.7191076,4.3343596],"to":[4.714286,7.4333935,7.7629313],"rotation":{"angle":45.0,"axis":"y","origin":[3.7142854,7.7191076,4.4772167]},"faces":{"east":{"uv":[0.5625,4.5,0.1875,4.6875],"rotation":0,"texture":"#0","tintindex":0},"south":{"uv":[0.9375,4.5,0.75,4.6875],"rotation":0,"texture":"#0","tintindex":0},"north":{"uv":[0.9375,4.6875,0.75,4.875],"rotation":0,"texture":"#0","tintindex":0},"west":{"uv":[0.5625,4.6875,0.1875,4.875],"rotation":0,"texture":"#0","tintindex":0},"up":{"uv":[0.0,4.875,0.1875,4.5],"rotation":0,"texture":"#0","tintindex":0},"down":{"uv":[0.5625,4.5,0.75,4.875],"rotation":0,"texture":"#0","tintindex":0}}},{"from":[7.428571,7.22129,4.8728724],"to":[8.571428,8.364147,6.0157294],"rotation":{"angle":22.5,"axis":"x","origin":[9.142858,7.792719,5.4443007]},"faces":{"east":{"uv":[2.6875,3.625,2.8125,3.75],"rotation":0,"texture":"#0","tintindex":0},"south":{"uv":[2.6875,3.75,2.8125,3.875],"rotation":0,"texture":"#0","tintindex":0},"north":{"uv":[2.6875,3.5,2.8125,3.625],"rotation":0,"texture":"#0","tintindex":0},"west":{"uv":[2.5625,3.625,2.6875,3.75],"rotation":0,"texture":"#0","tintindex":0},"up":{"uv":[2.6875,3.625,2.5625,3.5],"rotation":0,"texture":"#0","tintindex":0},"down":{"uv":[2.6875,3.75,2.5625,3.875],"rotation":0,"texture":"#0","tintindex":0}}}],"display":{"head":{"translation":[0.0,-6.4,0.0],"scale":[4.0,4.0,4.0]}}}{"textures":{"0":"item/mobs/zahar/zahar_abomination"},"elements":[{"from":[5.714286,7.7021403,5.2256246],"to":[10.285714,10.559283,9.225624],"rotation":{"angle":0.0,"axis":"y","origin":[8.0,-9.440718,8.654196]},"faces":{"east":{"uv":[7.25,8.3125,7.6875,8.625],"rotation":0,"texture":"#0","tintindex":0},"south":{"uv":[8.25,6.6875,8.75,7.0],"rotation":0,"texture":"#0","tintindex":0},"north":{"uv":[2.4375,8.25,2.9375,8.5625],"rotation":0,"texture":"#0","tintindex":0},"west":{"uv":[8.3125,7.25,8.75,7.5625],"rotation":0,"texture":"#0","tintindex":0},"up":{"uv":[8.25,2.0625,7.75,1.625],"rotation":0,"texture":"#0","tintindex":0},"down":{"uv":[8.3125,7.6875,7.8125,8.125],"rotation":0,"texture":"#0","tintindex":0}}},{"from":[6.285714,6.8619647,5.0486455],"to":[9.714286,8.576251,7.33436],"rotation":{"angle":-22.5,"axis":"x","origin":[8.0,7.1476793,7.6200743]},"faces":{"east":{"uv":[7.5625,3.125,7.8125,3.3125],"rotation":0,"texture":"#0","tintindex":0},"south":{"uv":[7.625,0.625,8.0,0.8125],"rotation":0,"texture":"#0","tintindex":0},"north":{"uv":[6.5,0.625,6.875,0.8125],"rotation":0,"texture":"#0","tintindex":0},"west":{"uv":[8.125,0.4375,8.375,0.625],"rotation":0,"texture":"#0","tintindex":0},"up":{"uv":[5.375,2.0,5.0,1.75],"rotation":0,"texture":"#0","tintindex":0},"down":{"uv":[8.875,4.5,8.5,4.75],"rotation":0,"texture":"#0","tintindex":0}}},{"from":[10.285714,5.7191076,2.7629309],"to":[12.0,7.4333935,6.1915026],"rotation":{"angle":-45.0,"axis":"y","origin":[10.0,7.7191076,4.4772167]},"faces":{"east":{"uv":[0.1875,4.6875,0.5625,4.875],"rotation":0,"texture":"#0","tintindex":0},"south":{"uv":[0.75,4.5,0.9375,4.6875],"rotation":0,"texture":"#0","tintindex":0},"north":{"uv":[0.75,4.6875,0.9375,4.875],"rotation":0,"texture":"#0","tintindex":0},"west":{"uv":[0.1875,4.5,0.5625,4.6875],"rotation":0,"texture":"#0","tintindex":0},"up":{"uv":[0.1875,4.875,0.0,4.5],"rotation":0,"texture":"#0","tintindex":0},"down":{"uv":[0.75,4.5,0.5625,4.875],"rotation":0,"texture":"#0","tintindex":0}}},{"from":[3.0,5.7191076,4.3343596],"to":[4.714286,7.4333935,7.7629313],"rotation":{"angle":45.0,"axis":"y","origin":[3.7142854,7.7191076,4.4772167]},"faces":{"east":{"uv":[0.5625,4.5,0.1875,4.6875],"rotation":0,"texture":"#0","tintindex":0},"south":{"uv":[0.9375,4.5,0.75,4.6875],"rotation":0,"texture":"#0","tintindex":0},"north":{"uv":[0.9375,4.6875,0.75,4.875],"rotation":0,"texture":"#0","tintindex":0},"west":{"uv":[0.5625,4.6875,0.1875,4.875],"rotation":0,"texture":"#0","tintindex":0},"up":{"uv":[0.0,4.875,0.1875,4.5],"rotation":0,"texture":"#0","tintindex":0},"down":{"uv":[0.5625,4.5,0.75,4.875],"rotation":0,"texture":"#0","tintindex":0}}},{"from":[7.428571,7.22129,4.8728724],"to":[8.571428,8.364147,6.0157294],"rotation":{"angle":22.5,"axis":"x","origin":[9.142858,7.792719,5.4443007]},"faces":{"east":{"uv":[2.6875,3.625,2.8125,3.75],"rotation":0,"texture":"#0","tintindex":0},"south":{"uv":[2.6875,3.75,2.8125,3.875],"rotation":0,"texture":"#0","tintindex":0},"north":{"uv":[2.6875,3.5,2.8125,3.625],"rotation":0,"texture":"#0","tintindex":0},"west":{"uv":[2.5625,3.625,2.6875,3.75],"rotation":0,"texture":"#0","tintindex":0},"up":{"uv":[2.6875,3.625,2.5625,3.5],"rotation":0,"texture":"#0","tintindex":0},"down":{"uv":[2.6875,3.75,2.5625,3.875],"rotation":0,"texture":"#0","tintindex":0}}}],"display":{"head":{"translation":[0.0,-6.4,0.0],"scale":[4.0,4.0,4.0]}}}{"textures":{"0":"item/mobs/zahar/zahar_abomination"},"elements":[{"from":[5.714286,7.7021403,5.2256246],"to":[10.285714,10.559283,9.225624],"rotation":{"angle":0.0,"axis":"y","origin":[8.0,-9.440718,8.654196]},"faces":{"east":{"uv":[7.25,8.3125,7.6875,8.625],"rotation":0,"texture":"#0","tintindex":0},"south":{"uv":[8.25,6.6875,8.75,7.0],"rotation":0,"texture":"#0","tintindex":0},"north":{"uv":[2.4375,8.25,2.9375,8.5625],"rotation":0,"texture":"#0","tintindex":0},"west":{"uv":[8.3125,7.25,8.75,7.5625],"rotation":0,"texture":"#0","tintindex":0},"up":{"uv":[8.25,2.0625,7.75,1.625],"rotation":0,"texture":"#0","tintindex":0},"down":{"uv":[8.3125,7.6875,7.8125,8.125],"rotation":0,"texture":"#0","tintindex":0}}},{"from":[6.285714,6.8619647,5.0486455],"to":[9.714286,8.576251,7.33436],"rotation":{"angle":-22.5,"axis":"x","origin":[8.0,7.1476793,7.6200743]},"faces":{"east":{"uv":[7.5625,3.125,7.8125,3.3125],"rotation":0,"texture":"#0","tintindex":0},"south":{"uv":[7.625,0.625,8.0,0.8125],"rotation":0,"texture":"#0","tintindex":0},"north":{"uv":[6.5,0.625,6.875,0.8125],"rotation":0,"texture":"#0","tintindex":0},"west":{"uv":[8.125,0.4375,8.375,0.625],"rotation":0,"texture":"#0","tintindex":0},"up":{"uv":[5.375,2.0,5.0,1.75],"rotation":0,"texture":"#0","tintindex":0},"down":{"uv":[8.875,4.5,8.5,4.75],"rotation":0,"texture":"#0","tintindex":0}}},{"from":[10.285714,5.7191076,2.7629309],"to":[12.0,7.4333935,6.1915026],"rotation":{"angle":-45.0,"axis":"y","origin":[10.0,7.7191076,4.4772167]},"faces":{"east":{"uv":[0.1875,4.6875,0.5625,4.875],"rotation":0,"texture":"#0","tintindex":0},"south":{"uv":[0.75,4.5,0.9375,4.6875],"rotation":0,"texture":"#0","tintindex":0},"north":{"uv":[0.75,4.6875,0.9375,4.875],"rotation":0,"texture":"#0","tintindex":0},"west":{"uv":[0.1875,4.5,0.5625,4.6875],"rotation":0,"texture":"#0","tintindex":0},"up":{"uv":[0.1875,4.875,0.0,4.5],"rotation":0,"texture":"#0","tintindex":0},"down":{"uv":[0.75,4.5,0.5625,4.875],"rotation":0,"texture":"#0","tintindex":0}}},{"from":[3.0,5.7191076,4.3343596],"to":[4.714286,7.4333935,7.7629313],"rotation":{"angle":45.0,"axis":"y","origin":[3.7142854,7.7191076,4.4772167]},"faces":{"east":{"uv":[0.5625,4.5,0.1875,4.6875],"rotation":0,"texture":"#0","tintindex":0},"south":{"uv":[0.9375,4.5,0.75,4.6875],"rotation":0,"texture":"#0","tintindex":0},"north":{"uv":[0.9375,4.6875,0.75,4.875],"rotation":0,"texture":"#0","tintindex":0},"west":{"uv":[0.5625,4.6875,0.1875,4.875],"rotation":0,"texture":"#0","tintindex":0},"up":{"uv":[0.0,4.875,0.1875,4.5],"rotation":0,"texture":"#0","tintindex":0},"down":{"uv":[0.5625,4.5,0.75,4.875],"rotation":0,"texture":"#0","tintindex":0}}},{"from":[7.428571,7.22129,4.8728724],"to":[8.571428,8.364147,6.0157294],"rotation":{"angle":22.5,"axis":"x","origin":[9.142858,7.792719,5.4443007]},"faces":{"east":{"uv":[2.6875,3.625,2.8125,3.75],"rotation":0,"texture":"#0","tintindex":0},"south":{"uv":[2.6875,3.75,2.8125,3.875],"rotation":0,"texture":"#0","tintindex":0},"north":{"uv":[2.6875,3.5,2.8125,3.625],"rotation":0,"texture":"#0","tintindex":0},"west":{"uv":[2.5625,3.625,2.6875,3.75],"rotation":0,"texture":"#0","tintindex":0},"up":{"uv":[2.6875,3.625,2.5625,3.5],"rotation":0,"texture":"#0","tintindex":0},"down":{"uv":[2.6875,3.75,2.5625,3.875],"rotation":0,"texture":"#0","tintindex":0}}}],"display":{"head":{"translation":[0.0,-6.4,0.0],"scale":[4.0,4.0,4.0]}}}{"textures":{"0":"item/mobs/zahar/zahar_abomination"},"elements":[{"from":[5.714286,7.7021403,5.2256246],"to":[10.285714,10.559283,9.225624],"rotation":{"angle":0.0,"axis":"y","origin":[8.0,-9.440718,8.654196]},"faces":{"east":{"uv":[7.25,8.3125,7.6875,8.625],"rotation":0,"texture":"#0","tintindex":0},"south":{"uv":[8.25,6.6875,8.75,7.0],"rotation":0,"texture":"#0","tintindex":0},"north":{"uv":[2.4375,8.25,2.9375,8.5625],"rotation":0,"texture":"#0","tintindex":0},"west":{"uv":[8.3125,7.25,8.75,7.5625],"rotation":0,"texture":"#0","tintindex":0},"up":{"uv":[8.25,2.0625,7.75,1.625],"rotation":0,"texture":"#0","tintindex":0},"down":{"uv":[8.3125,7.6875,7.8125,8.125],"rotation":0,"texture":"#0","tintindex":0}}},{"from":[6.285714,6.8619647,5.0486455],"to":[9.714286,8.576251,7.33436],"rotation":{"angle":-22.5,"axis":"x","origin":[8.0,7.1476793,7.6200743]},"faces":{"east":{"uv":[7.5625,3.125,7.8125,3.3125],"rotation":0,"texture":"#0","tintindex":0},"south":{"uv":[7.625,0.625,8.0,0.8125],"rotation":0,"texture":"#0","tintindex":0},"north":{"uv":[6.5,0.625,6.875,0.8125],"rotation":0,"texture":"#0","tintindex":0},"west":{"uv":[8.125,0.4375,8.375,0.625],"rotation":0,"texture":"#0","tintindex":0},"up":{"uv":[5.375,2.0,5.0,1.75],"rotation":0,"texture":"#0","tintindex":0},"down":{"uv":[8.875,4.5,8.5,4.75],"rotation":0,"texture":"#0","tintindex":0}}},{"from":[10.285714,5.7191076,2.7629309],"to":[12.0,7.4333935,6.1915026],"rotation":{"angle":-45.0,"axis":"y","origin":[10.0,7.7191076,4.4772167]},"faces":{"east":{"uv":[0.1875,4.6875,0.5625,4.875],"rotation":0,"texture":"#0","tintindex":0},"south":{"uv":[0.75,4.5,0.9375,4.6875],"rotation":0,"texture":"#0","tintindex":0},"north":{"uv":[0.75,4.6875,0.9375,4.875],"rotation":0,"texture":"#0","tintindex":0},"west":{"uv":[0.1875,4.5,0.5625,4.6875],"rotation":0,"texture":"#0","tintindex":0},"up":{"uv":[0.1875,4.875,0.0,4.5],"rotation":0,"texture":"#0","tintindex":0},"down":{"uv":[0.75,4.5,0.5625,4.875],"rotation":0,"texture":"#0","tintindex":0}}},{"from":[3.0,5.7191076,4.3343596],"to":[4.714286,7.4333935,7.7629313],"rotation":{"angle":45.0,"axis":"y","origin":[3.7142854,7.7191076,4.4772167]},"faces":{"east":{"uv":[0.5625,4.5,0.1875,4.6875],"rotation":0,"texture":"#0","tintindex":0},"south":{"uv":[0.9375,4.5,0.75,4.6875],"rotation":0,"texture":"#0","tintindex":0},"north":{"uv":[0.9375,4.6875,0.75,4.875],"rotation":0,"texture":"#0","tintindex":0},"west":{"uv":[0.5625,4.6875,0.1875,4.875],"rotation":0,"texture":"#0","tintindex":0},"up":{"uv":[0.0,4.875,0.1875,4.5],"rotation":0,"texture":"#0","tintindex":0},"down":{"uv":[0.5625,4.5,0.75,4.875],"rotation":0,"texture":"#0","tintindex":0}}},{"from":[7.428571,7.22129,4.8728724],"to":[8.571428,8.364147,6.0157294],"rotation":{"angle":22.5,"axis":"x","origin":[9.142858,7.792719,5.4443007]},"faces":{"east":{"uv":[2.6875,3.625,2.8125,3.75],"rotation":0,"texture":"#0","tintindex":0},"south":{"uv":[2.6875,3.75,2.8125,3.875],"rotation":0,"texture":"#0","tintindex":0},"north":{"uv":[2.6875,3.5,2.8125,3.625],"rotation":0,"texture":"#0","tintindex":0},"west":{"uv":[2.5625,3.625,2.6875,3.75],"rotation":0,"texture":"#0","tintindex":0},"up":{"uv":[2.6875,3.625,2.5625,3.5],"rotation":0,"texture":"#0","tintindex":0},"down":{"uv":[2.6875,3.75,2.5625,3.875],"rotation":0,"texture":"#0","tintindex":0}}}],"display":{"head":{"translation":[0.0,-6.4,0.0],"scale":[4.0,4.0,4.0]}}}{"textures":{"0":"item/mobs/zahar/zahar_abomination"},"elements":[{"from":[5.714286,7.7021403,5.2256246],"to":[10.285714,10.559283,9.225624],"rotation":{"angle":0.0,"axis":"y","origin":[8.0,-9.440718,8.654196]},"faces":{"east":{"uv":[7.25,8.3125,7.6875,8.625],"rotation":0,"texture":"#0","tintindex":0},"south":{"uv":[8.25,6.6875,8.75,7.0],"rotation":0,"texture":"#0","tintindex":0},"north":{"uv":[2.4375,8.25,2.9375,8.5625],"rotation":0,"texture":"#0","tintindex":0},"west":{"uv":[8.3125,7.25,8.75,7.5625],"rotation":0,"texture":"#0","tintindex":0},"up":{"uv":[8.25,2.0625,7.75,1.625],"rotation":0,"texture":"#0","tintindex":0},"down":{"uv":[8.3125,7.6875,7.8125,8.125],"rotation":0,"texture":"#0","tintindex":0}}},{"from":[6.285714,6.8619647,5.0486455],"to":[9.714286,8.576251,7.33436],"rotation":{"angle":-22.5,"axis":"x","origin":[8.0,7.1476793,7.6200743]},"faces":{"east":{"uv":[7.5625,3.125,7.8125,3.3125],"rotation":0,"texture":"#0","tintindex":0},"south":{"uv":[7.625,0.625,8.0,0.8125],"rotation":0,"texture":"#0","tintindex":0},"north":{"uv":[6.5,0.625,6.875,0.8125],"rotation":0,"texture":"#0","tintindex":0},"west":{"uv":[8.125,0.4375,8.375,0.625],"rotation":0,"texture":"#0","tintindex":0},"up":{"uv":[5.375,2.0,5.0,1.75],"rotation":0,"texture":"#0","tintindex":0},"down":{"uv":[8.875,4.5,8.5,4.75],"rotation":0,"texture":"#0","tintindex":0}}},{"from":[10.285714,5.7191076,2.7629309],"to":[12.0,7.4333935,6.1915026],"rotation":{"angle":-45.0,"axis":"y","origin":[10.0,7.7191076,4.4772167]},"faces":{"east":{"uv":[0.1875,4.6875,0.5625,4.875],"rotation":0,"texture":"#0","tintindex":0},"south":{"uv":[0.75,4.5,0.9375,4.6875],"rotation":0,"texture":"#0","tintindex":0},"north":{"uv":[0.75,4.6875,0.9375,4.875],"rotation":0,"texture":"#0","tintindex":0},"west":{"uv":[0.1875,4.5,0.5625,4.6875],"rotation":0,"texture":"#0","tintindex":0},"up":{"uv":[0.1875,4.875,0.0,4.5],"rotation":0,"texture":"#0","tintindex":0},"down":{"uv":[0.75,4.5,0.5625,4.875],"rotation":0,"texture":"#0","tintindex":0}}},{"from":[3.0,5.7191076,4.3343596],"to":[4.714286,7.4333935,7.7629313],"rotation":{"angle":45.0,"axis":"y","origin":[3.7142854,7.7191076,4.4772167]},"faces":{"east":{"uv":[0.5625,4.5,0.1875,4.6875],"rotation":0,"texture":"#0","tintindex":0},"south":{"uv":[0.9375,4.5,0.75,4.6875],"rotation":0,"texture":"#0","tintindex":0},"north":{"uv":[0.9375,4.6875,0.75,4.875],"rotation":0,"texture":"#0","tintindex":0},"west":{"uv":[0.5625,4.6875,0.1875,4.875],"rotation":0,"texture":"#0","tintindex":0},"up":{"uv":[0.0,4.875,0.1875,4.5],"rotation":0,"texture":"#0","tintindex":0},"down":{"uv":[0.5625,4.5,0.75,4.875],"rotation":0,"texture":"#0","tintindex":0}}},{"from":[7.428571,7.22129,4.8728724],"to":[8.571428,8.364147,6.0157294],"rotation":{"angle":22.5,"axis":"x","origin":[9.142858,7.792719,5.4443007]},"faces":{"east":{"uv":[2.6875,3.625,2.8125,3.75],"rotation":0,"texture":"#0","tintindex":0},"south":{"uv":[2.6875,3.75,2.8125,3.875],"rotation":0,"texture":"#0","tintindex":0},"north":{"uv":[2.6875,3.5,2.8125,3.625],"rotation":0,"texture":"#0","tintindex":0},"west":{"uv":[2.5625,3.625,2.6875,3.75],"rotation":0,"texture":"#0","tintindex":0},"up":{"uv":[2.6875,3.625,2.5625,3.5],"rotation":0,"texture":"#0","tintindex":0},"down":{"uv":[2.6875,3.75,2.5625,3.875],"rotation":0,"texture":"#0","tintindex":0}}}],"display":{"head":{"translation":[0.0,-6.4,0.0],"scale":[4.0,4.0,4.0]}}}{"textures":{"0":"item/mobs/zahar/zahar_abomination"},"elements":[{"from":[5.714286,7.7021403,5.2256246],"to":[10.285714,10.559283,9.225624],"rotation":{"angle":0.0,"axis":"y","origin":[8.0,-9.440718,8.654196]},"faces":{"east":{"uv":[7.25,8.3125,7.6875,8.625],"rotation":0,"texture":"#0","tintindex":0},"south":{"uv":[8.25,6.6875,8.75,7.0],"rotation":0,"texture":"#0","tintindex":0},"north":{"uv":[2.4375,8.25,2.9375,8.5625],"rotation":0,"texture":"#0","tintindex":0},"west":{"uv":[8.3125,7.25,8.75,7.5625],"rotation":0,"texture":"#0","tintindex":0},"up":{"uv":[8.25,2.0625,7.75,1.625],"rotation":0,"texture":"#0","tintindex":0},"down":{"uv":[8.3125,7.6875,7.8125,8.125],"rotation":0,"texture":"#0","tintindex":0}}},{"from":[6.285714,6.8619647,5.0486455],"to":[9.714286,8.576251,7.33436],"rotation":{"angle":-22.5,"axis":"x","origin":[8.0,7.1476793,7.6200743]},"faces":{"east":{"uv":[7.5625,3.125,7.8125,3.3125],"rotation":0,"texture":"#0","tintindex":0},"south":{"uv":[7.625,0.625,8.0,0.8125],"rotation":0,"texture":"#0","tintindex":0},"north":{"uv":[6.5,0.625,6.875,0.8125],"rotation":0,"texture":"#0","tintindex":0},"west":{"uv":[8.125,0.4375,8.375,0.625],"rotation":0,"texture":"#0","tintindex":0},"up":{"uv":[5.375,2.0,5.0,1.75],"rotation":0,"texture":"#0","tintindex":0},"down":{"uv":[8.875,4.5,8.5,4.75],"rotation":0,"texture":"#0","tintindex":0}}},{"from":[10.285714,5.7191076,2.7629309],"to":[12.0,7.4333935,6.1915026],"rotation":{"angle":-45.0,"axis":"y","origin":[10.0,7.7191076,4.4772167]},"faces":{"east":{"uv":[0.1875,4.6875,0.5625,4.875],"rotation":0,"texture":"#0","tintindex":0},"south":{"uv":[0.75,4.5,0.9375,4.6875],"rotation":0,"texture":"#0","tintindex":0},"north":{"uv":[0.75,4.6875,0.9375,4.875],"rotation":0,"texture":"#0","tintindex":0},"west":{"uv":[0.1875,4.5,0.5625,4.6875],"rotation":0,"texture":"#0","tintindex":0},"up":{"uv":[0.1875,4.875,0.0,4.5],"rotation":0,"texture":"#0","tintindex":0},"down":{"uv":[0.75,4.5,0.5625,4.875],"rotation":0,"texture":"#0","tintindex":0}}},{"from":[3.0,5.7191076,4.3343596],"to":[4.714286,7.4333935,7.7629313],"rotation":{"angle":45.0,"axis":"y","origin":[3.7142854,7.7191076,4.4772167]},"faces":{"east":{"uv":[0.5625,4.5,0.1875,4.6875],"rotation":0,"texture":"#0","tintindex":0},"south":{"uv":[0.9375,4.5,0.75,4.6875],"rotation":0,"texture":"#0","tintindex":0},"north":{"uv":[0.9375,4.6875,0.75,4.875],"rotation":0,"texture":"#0","tintindex":0},"west":{"uv":[0.5625,4.6875,0.1875,4.875],"rotation":0,"texture":"#0","tintindex":0},"up":{"uv":[0.0,4.875,0.1875,4.5],"rotation":0,"texture":"#0","tintindex":0},"down":{"uv":[0.5625,4.5,0.75,4.875],"rotation":0,"texture":"#0","tintindex":0}}},{"from":[7.428571,7.22129,4.8728724],"to":[8.571428,8.364147,6.0157294],"rotation":{"angle":22.5,"axis":"x","origin":[9.142858,7.792719,5.4443007]},"faces":{"east":{"uv":[2.6875,3.625,2.8125,3.75],"rotation":0,"texture":"#0","tintindex":0},"south":{"uv":[2.6875,3.75,2.8125,3.875],"rotation":0,"texture":"#0","tintindex":0},"north":{"uv":[2.6875,3.5,2.8125,3.625],"rotation":0,"texture":"#0","tintindex":0},"west":{"uv":[2.5625,3.625,2.6875,3.75],"rotation":0,"texture":"#0","tintindex":0},"up":{"uv":[2.6875,3.625,2.5625,3.5],"rotation":0,"texture":"#0","tintindex":0},"down":{"uv":[2.6875,3.75,2.5625,3.875],"rotation":0,"texture":"#0","tintindex":0}}}],"display":{"head":{"translation":[0.0,-6.4,0.0],"scale":[4.0,4.0,4.0]}}}{"textures":{"0":"item/mobs/zahar/zahar_abomination"},"elements":[{"from":[5.714286,7.7021403,5.2256246],"to":[10.285714,10.559283,9.225624],"rotation":{"angle":0.0,"axis":"y","origin":[8.0,-9.440718,8.654196]},"faces":{"east":{"uv":[7.25,8.3125,7.6875,8.625],"rotation":0,"texture":"#0","tintindex":0},"south":{"uv":[8.25,6.6875,8.75,7.0],"rotation":0,"texture":"#0","tintindex":0},"north":{"uv":[2.4375,8.25,2.9375,8.5625],"rotation":0,"texture":"#0","tintindex":0},"west":{"uv":[8.3125,7.25,8.75,7.5625],"rotation":0,"texture":"#0","tintindex":0},"up":{"uv":[8.25,2.0625,7.75,1.625],"rotation":0,"texture":"#0","tintindex":0},"down":{"uv":[8.3125,7.6875,7.8125,8.125],"rotation":0,"texture":"#0","tintindex":0}}},{"from":[6.285714,6.8619647,5.0486455],"to":[9.714286,8.576251,7.33436],"rotation":{"angle":-22.5,"axis":"x","origin":[8.0,7.1476793,7.6200743]},"faces":{"east":{"uv":[7.5625,3.125,7.8125,3.3125],"rotation":0,"texture":"#0","tintindex":0},"south":{"uv":[7.625,0.625,8.0,0.8125],"rotation":0,"texture":"#0","tintindex":0},"north":{"uv":[6.5,0.625,6.875,0.8125],"rotation":0,"texture":"#0","tintindex":0},"west":{"uv":[8.125,0.4375,8.375,0.625],"rotation":0,"texture":"#0","tintindex":0},"up":{"uv":[5.375,2.0,5.0,1.75],"rotation":0,"texture":"#0","tintindex":0},"down":{"uv":[8.875,4.5,8.5,4.75],"rotation":0,"texture":"#0","tintindex":0}}},{"from":[10.285714,5.7191076,2.7629309],"to":[12.0,7.4333935,6.1915026],"rotation":{"angle":-45.0,"axis":"y","origin":[10.0,7.7191076,4.4772167]},"faces":{"east":{"uv":[0.1875,4.6875,0.5625,4.875],"rotation":0,"texture":"#0","tintindex":0},"south":{"uv":[0.75,4.5,0.9375,4.6875],"rotation":0,"texture":"#0","tintindex":0},"north":{"uv":[0.75,4.6875,0.9375,4.875],"rotation":0,"texture":"#0","tintindex":0},"west":{"uv":[0.1875,4.5,0.5625,4.6875],"rotation":0,"texture":"#0","tintindex":0},"up":{"uv":[0.1875,4.875,0.0,4.5],"rotation":0,"texture":"#0","tintindex":0},"down":{"uv":[0.75,4.5,0.5625,4.875],"rotation":0,"texture":"#0","tintindex":0}}},{"from":[3.0,5.7191076,4.3343596],"to":[4.714286,7.4333935,7.7629313],"rotation":{"angle":45.0,"axis":"y","origin":[3.7142854,7.7191076,4.4772167]},"faces":{"east":{"uv":[0.5625,4.5,0.1875,4.6875],"rotation":0,"texture":"#0","tintindex":0},"south":{"uv":[0.9375,4.5,0.75,4.6875],"rotation":0,"texture":"#0","tintindex":0},"north":{"uv":[0.9375,4.6875,0.75,4.875],"rotation":0,"texture":"#0","tintindex":0},"west":{"uv":[0.5625,4.6875,0.1875,4.875],"rotation":0,"texture":"#0","tintindex":0},"up":{"uv":[0.0,4.875,0.1875,4.5],"rotation":0,"texture":"#0","tintindex":0},"down":{"uv":[0.5625,4.5,0.75,4.875],"rotation":0,"texture":"#0","tintindex":0}}},{"from":[7.428571,7.22129,4.8728724],"to":[8.571428,8.364147,6.0157294],"rotation":{"angle":22.5,"axis":"x","origin":[9.142858,7.792719,5.4443007]},"faces":{"east":{"uv":[2.6875,3.625,2.8125,3.75],"rotation":0,"texture":"#0","tintindex":0},"south":{"uv":[2.6875,3.75,2.8125,3.875],"rotation":0,"texture":"#0","tintindex":0},"north":{"uv":[2.6875,3.5,2.8125,3.625],"rotation":0,"texture":"#0","tintindex":0},"west":{"uv":[2.5625,3.625,2.6875,3.75],"rotation":0,"texture":"#0","tintindex":0},"up":{"uv":[2.6875,3.625,2.5625,3.5],"rotation":0,"texture":"#0","tintindex":0},"down":{"uv":[2.6875,3.75,2.5625,3.875],"rotation":0,"texture":"#0","tintindex":0}}}],"display":{"head":{"translation":[0.0,-6.4,0.0],"scale":[4.0,4.0,4.0]}}}