{"textures":{"0":"item/mobs/zahar/zahar_abomination"},"elements":[{"from":[10.064875,13.153006,3.1487465],"to":[10.064875,18.295864,5.4344606],"rotation":{"angle":45.0,"axis":"y","origin":[10.064875,15.724435,3.7201748]},"faces":{"east":{"uv":[1.5,8.125,1.25,8.6875],"rotation":0,"texture":"#0","tintindex":0},"south":{"uv":[0.0,0.0,0.0,0.5625],"rotation":0,"texture":"#0","tintindex":0},"north":{"uv":[0.0,0.0,0.0,0.5625],"rotation":0,"texture":"#0","tintindex":0},"west":{"uv":[1.25,8.125,1.5,8.6875],"rotation":0,"texture":"#0","tintindex":0},"up":{"uv":[0.0,0.25,0.0,0.0],"rotation":0,"texture":"#0","tintindex":0},"down":{"uv":[0.0,0.0,0.0,0.25],"rotation":0,"texture":"#0","tintindex":0}}},{"from":[11.714286,13.153006,4.8451777],"to":[11.714286,18.295864,7.130892],"rotation":{"angle":22.5,"axis":"y","origin":[11.714286,15.724435,5.9880347]},"faces":{"east":{"uv":[5.1875,8.125,5.4375,8.6875],"rotation":0,"texture":"#0","tintindex":0},"south":{"uv":[0.0,0.0,0.0,0.5625],"rotation":0,"texture":"#0","tintindex":0},"north":{"uv":[0.0,0.0,0.0,0.5625],"rotation":0,"texture":"#0","tintindex":0},"west":{"uv":[5.4375,8.125,5.1875,8.6875],"rotation":0,"texture":"#0","tintindex":0},"up":{"uv":[0.0,0.25,0.0,0.0],"rotation":0,"texture":"#0","tintindex":0},"down":{"uv":[0.0,0.0,0.0,0.25],"rotation":0,"texture":"#0","tintindex":0}}},{"from":[5.935126,13.153006,3.1487465],"to":[5.935126,18.295864,5.4344606],"rotation":{"angle":-45.0,"axis":"y","origin":[5.935126,15.724435,3.7201748]},"faces":{"east":{"uv":[1.5,8.125,1.25,8.6875],"rotation":0,"texture":"#0","tintindex":0},"south":{"uv":[0.0,0.0,0.0,0.5625],"rotation":0,"texture":"#0","tintindex":0},"north":{"uv":[0.0,0.0,0.0,0.5625],"rotation":0,"texture":"#0","tintindex":0},"west":{"uv":[1.25,8.125,1.5,8.6875],"rotation":0,"texture":"#0","tintindex":0},"up":{"uv":[0.0,0.25,0.0,0.0],"rotation":0,"texture":"#0","tintindex":0},"down":{"uv":[0.0,0.0,0.0,0.25],"rotation":0,"texture":"#0","tintindex":0}}},{"from":[4.285714,13.153006,4.8451777],"to":[4.285714,18.295864,7.130892],"rotation":{"angle":-22.5,"axis":"y","origin":[4.285714,15.724435,5.9880347]},"faces":{"east":{"uv":[5.1875,8.125,5.4375,8.6875],"rotation":0,"texture":"#0","tintindex":0},"south":{"uv":[0.0,0.0,0.0,0.5625],"rotation":0,"texture":"#0","tintindex":0},"north":{"uv":[0.0,0.0,0.0,0.5625],"rotation":0,"texture":"#0","tintindex":0},"west":{"uv":[5.4375,8.125,5.1875,8.6875],"rotation":0,"texture":"#0","tintindex":0},"up":{"uv":[0.0,0.25,0.0,0.0],"rotation":0,"texture":"#0","tintindex":0},"down":{"uv":[0.0,0.0,0.0,0.25],"rotation":0,"texture":"#0","tintindex":0}}},{"from":[4.285714,9.870697,6.364336],"to":[11.714286,15.013555,12.078622],"rotation":{"angle":22.5,"axis":"x","origin":[9.714286,12.442125,9.221479]},"faces":{"east":{"uv":[7.25,4.5625,7.875,5.125],"rotation":0,"texture":"#0","tintindex":0},"south":{"uv":[6.9375,6.8125,7.75,7.375],"rotation":0,"texture":"#0","tintindex":0},"north":{"uv":[6.875,5.6875,7.6875,6.25],"rotation":0,"texture":"#0","tintindex":0},"west":{"uv":[5.9375,7.3125,6.5625,7.875],"rotation":0,"texture":"#0","tintindex":0},"up":{"uv":[2.8125,7.375,2.0,6.75],"rotation":0,"texture":"#0","tintindex":0},"down":{"uv":[4.3125,6.8125,3.5,7.4375],"rotation":0,"texture":"#0","tintindex":0}}},{"from":[2.5714283,13.724435,7.130892],"to":[13.428572,18.867292,12.845179],"rotation":{"angle":0.0,"axis":"y","origin":[6.5714283,2.8672915,9.416607]},"faces":{"east":{"uv":[2.0,7.375,2.625,7.9375],"rotation":0,"texture":"#0","tintindex":0},"south":{"uv":[5.8125,2.9375,7.0,3.5],"rotation":0,"texture":"#0","tintindex":0},"north":{"uv":[5.6875,5.6875,6.875,6.25],"rotation":0,"texture":"#0","tintindex":0},"west":{"uv":[7.375,5.125,8.0,5.6875],"rotation":0,"texture":"#0","tintindex":0},"up":{"uv":[5.375,1.75,4.1875,1.125],"rotation":0,"texture":"#0","tintindex":0},"down":{"uv":[6.3125,4.0625,5.125,4.6875],"rotation":0,"texture":"#0","tintindex":0}}},{"from":[4.285714,6.142857,8.0],"to":[11.714286,10.142858,8.0],"rotation":{"angle":0.0,"axis":"y","origin":[8.0,8.0,8.0]},"faces":{"east":{"uv":[0.0,0.0,0.0,0.4375],"rotation":0,"texture":"#0","tintindex":0},"south":{"uv":[6.9375,2.5,6.125,2.9375],"rotation":0,"texture":"#0","tintindex":0},"north":{"uv":[6.125,2.5,6.9375,2.9375],"rotation":0,"texture":"#0","tintindex":0},"west":{"uv":[0.0,0.0,0.0,0.4375],"rotation":0,"texture":"#0","tintindex":0},"up":{"uv":[0.8125,0.0,0.0,0.0],"rotation":0,"texture":"#0","tintindex":0},"down":{"uv":[0.8125,0.0,0.0,0.0],"rotation":0,"texture":"#0","tintindex":0}}}],"display":{"head":{"translation":[0.0,-6.4,0.0],"scale":[4.0,4.0,4.0]}}}{"textures":{"0":"item/mobs/zahar/zahar_abomination"},"elements":[{"from":[10.064875,13.153006,3.1487465],"to":[10.064875,18.295864,5.4344606],"rotation":{"angle":45.0,"axis":"y","origin":[10.064875,15.724435,3.7201748]},"faces":{"east":{"uv":[1.5,8.125,1.25,8.6875],"rotation":0,"texture":"#0","tintindex":0},"south":{"uv":[0.0,0.0,0.0,0.5625],"rotation":0,"texture":"#0","tintindex":0},"north":{"uv":[0.0,0.0,0.0,0.5625],"rotation":0,"texture":"#0","tintindex":0},"west":{"uv":[1.25,8.125,1.5,8.6875],"rotation":0,"texture":"#0","tintindex":0},"up":{"uv":[0.0,0.25,0.0,0.0],"rotation":0,"texture":"#0","tintindex":0},"down":{"uv":[0.0,0.0,0.0,0.25],"rotation":0,"texture":"#0","tintindex":0}}},{"from":[11.714286,13.153006,4.8451777],"to":[11.714286,18.295864,7.130892],"rotation":{"angle":22.5,"axis":"y","origin":[11.714286,15.724435,5.9880347]},"faces":{"east":{"uv":[5.1875,8.125,5.4375,8.6875],"rotation":0,"texture":"#0","tintindex":0},"south":{"uv":[0.0,0.0,0.0,0.5625],"rotation":0,"texture":"#0","tintindex":0},"north":{"uv":[0.0,0.0,0.0,0.5625],"rotation":0,"texture":"#0","tintindex":0},"west":{"uv":[5.4375,8.125,5.1875,8.6875],"rotation":0,"texture":"#0","tintindex":0},"up":{"uv":[0.0,0.25,0.0,0.0],"rotation":0,"texture":"#0","tintindex":0},"down":{"uv":[0.0,0.0,0.0,0.25],"rotation":0,"texture":"#0","tintindex":0}}},{"from":[5.935126,13.153006,3.1487465],"to":[5.935126,18.295864,5.4344606],"rotation":{"angle":-45.0,"axis":"y","origin":[5.935126,15.724435,3.7201748]},"faces":{"east":{"uv":[1.5,8.125,1.25,8.6875],"rotation":0,"texture":"#0","tintindex":0},"south":{"uv":[0.0,0.0,0.0,0.5625],"rotation":0,"texture":"#0","tintindex":0},"north":{"uv":[0.0,0.0,0.0,0.5625],"rotation":0,"texture":"#0","tintindex":0},"west":{"uv":[1.25,8.125,1.5,8.6875],"rotation":0,"texture":"#0","tintindex":0},"up":{"uv":[0.0,0.25,0.0,0.0],"rotation":0,"texture":"#0","tintindex":0},"down":{"uv":[0.0,0.0,0.0,0.25],"rotation":0,"texture":"#0","tintindex":0}}},{"from":[4.285714,13.153006,4.8451777],"to":[4.285714,18.295864,7.130892],"rotation":{"angle":-22.5,"axis":"y","origin":[4.285714,15.724435,5.9880347]},"faces":{"east":{"uv":[5.1875,8.125,5.4375,8.6875],"rotation":0,"texture":"#0","tintindex":0},"south":{"uv":[0.0,0.0,0.0,0.5625],"rotation":0,"texture":"#0","tintindex":0},"north":{"uv":[0.0,0.0,0.0,0.5625],"rotation":0,"texture":"#0","tintindex":0},"west":{"uv":[5.4375,8.125,5.1875,8.6875],"rotation":0,"texture":"#0","tintindex":0},"up":{"uv":[0.0,0.25,0.0,0.0],"rotation":0,"texture":"#0","tintindex":0},"down":{"uv":[0.0,0.0,0.0,0.25],"rotation":0,"texture":"#0","tintindex":0}}},{"from":[4.285714,9.870697,6.364336],"to":[11.714286,15.013555,12.078622],"rotation":{"angle":22.5,"axis":"x","origin":[9.714286,12.442125,9.221479]},"faces":{"east":{"uv":[7.25,4.5625,7.875,5.125],"rotation":0,"texture":"#0","tintindex":0},"south":{"uv":[6.9375,6.8125,7.75,7.375],"rotation":0,"texture":"#0","tintindex":0},"north":{"uv":[6.875,5.6875,7.6875,6.25],"rotation":0,"texture":"#0","tintindex":0},"west":{"uv":[5.9375,7.3125,6.5625,7.875],"rotation":0,"texture":"#0","tintindex":0},"up":{"uv":[2.8125,7.375,2.0,6.75],"rotation":0,"texture":"#0","tintindex":0},"down":{"uv":[4.3125,6.8125,3.5,7.4375],"rotation":0,"texture":"#0","tintindex":0}}},{"from":[2.5714283,13.724435,7.130892],"to":[13.428572,18.867292,12.845179],"rotation":{"angle":0.0,"axis":"y","origin":[6.5714283,2.8672915,9.416607]},"faces":{"east":{"uv":[2.0,7.375,2.625,7.9375],"rotation":0,"texture":"#0","tintindex":0},"south":{"uv":[5.8125,2.9375,7.0,3.5],"rotation":0,"texture":"#0","tintindex":0},"north":{"uv":[5.6875,5.6875,6.875,6.25],"rotation":0,"texture":"#0","tintindex":0},"west":{"uv":[7.375,5.125,8.0,5.6875],"rotation":0,"texture":"#0","tintindex":0},"up":{"uv":[5.375,1.75,4.1875,1.125],"rotation":0,"texture":"#0","tintindex":0},"down":{"uv":[6.3125,4.0625,5.125,4.6875],"rotation":0,"texture":"#0","tintindex":0}}},{"from":[4.285714,6.142857,8.0],"to":[11.714286,10.142858,8.0],"rotation":{"angle":0.0,"axis":"y","origin":[8.0,8.0,8.0]},"faces":{"east":{"uv":[0.0,0.0,0.0,0.4375],"rotation":0,"texture":"#0","tintindex":0},"south":{"uv":[6.9375,2.5,6.125,2.9375],"rotation":0,"texture":"#0","tintindex":0},"north":{"uv":[6.125,2.5,6.9375,2.9375],"rotation":0,"texture":"#0","tintindex":0},"west":{"uv":[0.0,0.0,0.0,0.4375],"rotation":0,"texture":"#0","tintindex":0},"up":{"uv":[0.8125,0.0,0.0,0.0],"rotation":0,"texture":"#0","tintindex":0},"down":{"uv":[0.8125,0.0,0.0,0.0],"rotation":0,"texture":"#0","tintindex":0}}}],"display":{"head":{"translation":[0.0,-6.4,0.0],"scale":[4.0,4.0,4.0]}}}{"textures":{"0":"item/mobs/zahar/zahar_abomination"},"elements":[{"from":[10.064875,13.153006,3.1487465],"to":[10.064875,18.295864,5.4344606],"rotation":{"angle":45.0,"axis":"y","origin":[10.064875,15.724435,3.7201748]},"faces":{"east":{"uv":[1.5,8.125,1.25,8.6875],"rotation":0,"texture":"#0","tintindex":0},"south":{"uv":[0.0,0.0,0.0,0.5625],"rotation":0,"texture":"#0","tintindex":0},"north":{"uv":[0.0,0.0,0.0,0.5625],"rotation":0,"texture":"#0","tintindex":0},"west":{"uv":[1.25,8.125,1.5,8.6875],"rotation":0,"texture":"#0","tintindex":0},"up":{"uv":[0.0,0.25,0.0,0.0],"rotation":0,"texture":"#0","tintindex":0},"down":{"uv":[0.0,0.0,0.0,0.25],"rotation":0,"texture":"#0","tintindex":0}}},{"from":[11.714286,13.153006,4.8451777],"to":[11.714286,18.295864,7.130892],"rotation":{"angle":22.5,"axis":"y","origin":[11.714286,15.724435,5.9880347]},"faces":{"east":{"uv":[5.1875,8.125,5.4375,8.6875],"rotation":0,"texture":"#0","tintindex":0},"south":{"uv":[0.0,0.0,0.0,0.5625],"rotation":0,"texture":"#0","tintindex":0},"north":{"uv":[0.0,0.0,0.0,0.5625],"rotation":0,"texture":"#0","tintindex":0},"west":{"uv":[5.4375,8.125,5.1875,8.6875],"rotation":0,"texture":"#0","tintindex":0},"up":{"uv":[0.0,0.25,0.0,0.0],"rotation":0,"texture":"#0","tintindex":0},"down":{"uv":[0.0,0.0,0.0,0.25],"rotation":0,"texture":"#0","tintindex":0}}},{"from":[5.935126,13.153006,3.1487465],"to":[5.935126,18.295864,5.4344606],"rotation":{"angle":-45.0,"axis":"y","origin":[5.935126,15.724435,3.7201748]},"faces":{"east":{"uv":[1.5,8.125,1.25,8.6875],"rotation":0,"texture":"#0","tintindex":0},"south":{"uv":[0.0,0.0,0.0,0.5625],"rotation":0,"texture":"#0","tintindex":0},"north":{"uv":[0.0,0.0,0.0,0.5625],"rotation":0,"texture":"#0","tintindex":0},"west":{"uv":[1.25,8.125,1.5,8.6875],"rotation":0,"texture":"#0","tintindex":0},"up":{"uv":[0.0,0.25,0.0,0.0],"rotation":0,"texture":"#0","tintindex":0},"down":{"uv":[0.0,0.0,0.0,0.25],"rotation":0,"texture":"#0","tintindex":0}}},{"from":[4.285714,13.153006,4.8451777],"to":[4.285714,18.295864,7.130892],"rotation":{"angle":-22.5,"axis":"y","origin":[4.285714,15.724435,5.9880347]},"faces":{"east":{"uv":[5.1875,8.125,5.4375,8.6875],"rotation":0,"texture":"#0","tintindex":0},"south":{"uv":[0.0,0.0,0.0,0.5625],"rotation":0,"texture":"#0","tintindex":0},"north":{"uv":[0.0,0.0,0.0,0.5625],"rotation":0,"texture":"#0","tintindex":0},"west":{"uv":[5.4375,8.125,5.1875,8.6875],"rotation":0,"texture":"#0","tintindex":0},"up":{"uv":[0.0,0.25,0.0,0.0],"rotation":0,"texture":"#0","tintindex":0},"down":{"uv":[0.0,0.0,0.0,0.25],"rotation":0,"texture":"#0","tintindex":0}}},{"from":[4.285714,9.870697,6.364336],"to":[11.714286,15.013555,12.078622],"rotation":{"angle":22.5,"axis":"x","origin":[9.714286,12.442125,9.221479]},"faces":{"east":{"uv":[7.25,4.5625,7.875,5.125],"rotation":0,"texture":"#0","tintindex":0},"south":{"uv":[6.9375,6.8125,7.75,7.375],"rotation":0,"texture":"#0","tintindex":0},"north":{"uv":[6.875,5.6875,7.6875,6.25],"rotation":0,"texture":"#0","tintindex":0},"west":{"uv":[5.9375,7.3125,6.5625,7.875],"rotation":0,"texture":"#0","tintindex":0},"up":{"uv":[2.8125,7.375,2.0,6.75],"rotation":0,"texture":"#0","tintindex":0},"down":{"uv":[4.3125,6.8125,3.5,7.4375],"rotation":0,"texture":"#0","tintindex":0}}},{"from":[2.5714283,13.724435,7.130892],"to":[13.428572,18.867292,12.845179],"rotation":{"angle":0.0,"axis":"y","origin":[6.5714283,2.8672915,9.416607]},"faces":{"east":{"uv":[2.0,7.375,2.625,7.9375],"rotation":0,"texture":"#0","tintindex":0},"south":{"uv":[5.8125,2.9375,7.0,3.5],"rotation":0,"texture":"#0","tintindex":0},"north":{"uv":[5.6875,5.6875,6.875,6.25],"rotation":0,"texture":"#0","tintindex":0},"west":{"uv":[7.375,5.125,8.0,5.6875],"rotation":0,"texture":"#0","tintindex":0},"up":{"uv":[5.375,1.75,4.1875,1.125],"rotation":0,"texture":"#0","tintindex":0},"down":{"uv":[6.3125,4.0625,5.125,4.6875],"rotation":0,"texture":"#0","tintindex":0}}},{"from":[4.285714,6.142857,8.0],"to":[11.714286,10.142858,8.0],"rotation":{"angle":0.0,"axis":"y","origin":[8.0,8.0,8.0]},"faces":{"east":{"uv":[0.0,0.0,0.0,0.4375],"rotation":0,"texture":"#0","tintindex":0},"south":{"uv":[6.9375,2.5,6.125,2.9375],"rotation":0,"texture":"#0","tintindex":0},"north":{"uv":[6.125,2.5,6.9375,2.9375],"rotation":0,"texture":"#0","tintindex":0},"west":{"uv":[0.0,0.0,0.0,0.4375],"rotation":0,"texture":"#0","tintindex":0},"up":{"uv":[0.8125,0.0,0.0,0.0],"rotation":0,"texture":"#0","tintindex":0},"down":{"uv":[0.8125,0.0,0.0,0.0],"rotation":0,"texture":"#0","tintindex":0}}}],"display":{"head":{"translation":[0.0,-6.4,0.0],"scale":[4.0,4.0,4.0]}}}{"textures":{"0":"item/mobs/zahar/zahar_abomination"},"elements":[{"from":[10.064875,13.153006,3.1487465],"to":[10.064875,18.295864,5.4344606],"rotation":{"angle":45.0,"axis":"y","origin":[10.064875,15.724435,3.7201748]},"faces":{"east":{"uv":[1.5,8.125,1.25,8.6875],"rotation":0,"texture":"#0","tintindex":0},"south":{"uv":[0.0,0.0,0.0,0.5625],"rotation":0,"texture":"#0","tintindex":0},"north":{"uv":[0.0,0.0,0.0,0.5625],"rotation":0,"texture":"#0","tintindex":0},"west":{"uv":[1.25,8.125,1.5,8.6875],"rotation":0,"texture":"#0","tintindex":0},"up":{"uv":[0.0,0.25,0.0,0.0],"rotation":0,"texture":"#0","tintindex":0},"down":{"uv":[0.0,0.0,0.0,0.25],"rotation":0,"texture":"#0","tintindex":0}}},{"from":[11.714286,13.153006,4.8451777],"to":[11.714286,18.295864,7.130892],"rotation":{"angle":22.5,"axis":"y","origin":[11.714286,15.724435,5.9880347]},"faces":{"east":{"uv":[5.1875,8.125,5.4375,8.6875],"rotation":0,"texture":"#0","tintindex":0},"south":{"uv":[0.0,0.0,0.0,0.5625],"rotation":0,"texture":"#0","tintindex":0},"north":{"uv":[0.0,0.0,0.0,0.5625],"rotation":0,"texture":"#0","tintindex":0},"west":{"uv":[5.4375,8.125,5.1875,8.6875],"rotation":0,"texture":"#0","tintindex":0},"up":{"uv":[0.0,0.25,0.0,0.0],"rotation":0,"texture":"#0","tintindex":0},"down":{"uv":[0.0,0.0,0.0,0.25],"rotation":0,"texture":"#0","tintindex":0}}},{"from":[5.935126,13.153006,3.1487465],"to":[5.935126,18.295864,5.4344606],"rotation":{"angle":-45.0,"axis":"y","origin":[5.935126,15.724435,3.7201748]},"faces":{"east":{"uv":[1.5,8.125,1.25,8.6875],"rotation":0,"texture":"#0","tintindex":0},"south":{"uv":[0.0,0.0,0.0,0.5625],"rotation":0,"texture":"#0","tintindex":0},"north":{"uv":[0.0,0.0,0.0,0.5625],"rotation":0,"texture":"#0","tintindex":0},"west":{"uv":[1.25,8.125,1.5,8.6875],"rotation":0,"texture":"#0","tintindex":0},"up":{"uv":[0.0,0.25,0.0,0.0],"rotation":0,"texture":"#0","tintindex":0},"down":{"uv":[0.0,0.0,0.0,0.25],"rotation":0,"texture":"#0","tintindex":0}}},{"from":[4.285714,13.153006,4.8451777],"to":[4.285714,18.295864,7.130892],"rotation":{"angle":-22.5,"axis":"y","origin":[4.285714,15.724435,5.9880347]},"faces":{"east":{"uv":[5.1875,8.125,5.4375,8.6875],"rotation":0,"texture":"#0","tintindex":0},"south":{"uv":[0.0,0.0,0.0,0.5625],"rotation":0,"texture":"#0","tintindex":0},"north":{"uv":[0.0,0.0,0.0,0.5625],"rotation":0,"texture":"#0","tintindex":0},"west":{"uv":[5.4375,8.125,5.1875,8.6875],"rotation":0,"texture":"#0","tintindex":0},"up":{"uv":[0.0,0.25,0.0,0.0],"rotation":0,"texture":"#0","tintindex":0},"down":{"uv":[0.0,0.0,0.0,0.25],"rotation":0,"texture":"#0","tintindex":0}}},{"from":[4.285714,9.870697,6.364336],"to":[11.714286,15.013555,12.078622],"rotation":{"angle":22.5,"axis":"x","origin":[9.714286,12.442125,9.221479]},"faces":{"east":{"uv":[7.25,4.5625,7.875,5.125],"rotation":0,"texture":"#0","tintindex":0},"south":{"uv":[6.9375,6.8125,7.75,7.375],"rotation":0,"texture":"#0","tintindex":0},"north":{"uv":[6.875,5.6875,7.6875,6.25],"rotation":0,"texture":"#0","tintindex":0},"west":{"uv":[5.9375,7.3125,6.5625,7.875],"rotation":0,"texture":"#0","tintindex":0},"up":{"uv":[2.8125,7.375,2.0,6.75],"rotation":0,"texture":"#0","tintindex":0},"down":{"uv":[4.3125,6.8125,3.5,7.4375],"rotation":0,"texture":"#0","tintindex":0}}},{"from":[2.5714283,13.724435,7.130892],"to":[13.428572,18.867292,12.845179],"rotation":{"angle":0.0,"axis":"y","origin":[6.5714283,2.8672915,9.416607]},"faces":{"east":{"uv":[2.0,7.375,2.625,7.9375],"rotation":0,"texture":"#0","tintindex":0},"south":{"uv":[5.8125,2.9375,7.0,3.5],"rotation":0,"texture":"#0","tintindex":0},"north":{"uv":[5.6875,5.6875,6.875,6.25],"rotation":0,"texture":"#0","tintindex":0},"west":{"uv":[7.375,5.125,8.0,5.6875],"rotation":0,"texture":"#0","tintindex":0},"up":{"uv":[5.375,1.75,4.1875,1.125],"rotation":0,"texture":"#0","tintindex":0},"down":{"uv":[6.3125,4.0625,5.125,4.6875],"rotation":0,"texture":"#0","tintindex":0}}},{"from":[4.285714,6.142857,8.0],"to":[11.714286,10.142858,8.0],"rotation":{"angle":0.0,"axis":"y","origin":[8.0,8.0,8.0]},"faces":{"east":{"uv":[0.0,0.0,0.0,0.4375],"rotation":0,"texture":"#0","tintindex":0},"south":{"uv":[6.9375,2.5,6.125,2.9375],"rotation":0,"texture":"#0","tintindex":0},"north":{"uv":[6.125,2.5,6.9375,2.9375],"rotation":0,"texture":"#0","tintindex":0},"west":{"uv":[0.0,0.0,0.0,0.4375],"rotation":0,"texture":"#0","tintindex":0},"up":{"uv":[0.8125,0.0,0.0,0.0],"rotation":0,"texture":"#0","tintindex":0},"down":{"uv":[0.8125,0.0,0.0,0.0],"rotation":0,"texture":"#0","tintindex":0}}}],"display":{"head":{"translation":[0.0,-6.4,0.0],"scale":[4.0,4.0,4.0]}}}{"textures":{"0":"item/mobs/zahar/zahar_abomination"},"elements":[{"from":[10.064875,13.153006,3.1487465],"to":[10.064875,18.295864,5.4344606],"rotation":{"angle":45.0,"axis":"y","origin":[10.064875,15.724435,3.7201748]},"faces":{"east":{"uv":[1.5,8.125,1.25,8.6875],"rotation":0,"texture":"#0","tintindex":0},"south":{"uv":[0.0,0.0,0.0,0.5625],"rotation":0,"texture":"#0","tintindex":0},"north":{"uv":[0.0,0.0,0.0,0.5625],"rotation":0,"texture":"#0","tintindex":0},"west":{"uv":[1.25,8.125,1.5,8.6875],"rotation":0,"texture":"#0","tintindex":0},"up":{"uv":[0.0,0.25,0.0,0.0],"rotation":0,"texture":"#0","tintindex":0},"down":{"uv":[0.0,0.0,0.0,0.25],"rotation":0,"texture":"#0","tintindex":0}}},{"from":[11.714286,13.153006,4.8451777],"to":[11.714286,18.295864,7.130892],"rotation":{"angle":22.5,"axis":"y","origin":[11.714286,15.724435,5.9880347]},"faces":{"east":{"uv":[5.1875,8.125,5.4375,8.6875],"rotation":0,"texture":"#0","tintindex":0},"south":{"uv":[0.0,0.0,0.0,0.5625],"rotation":0,"texture":"#0","tintindex":0},"north":{"uv":[0.0,0.0,0.0,0.5625],"rotation":0,"texture":"#0","tintindex":0},"west":{"uv":[5.4375,8.125,5.1875,8.6875],"rotation":0,"texture":"#0","tintindex":0},"up":{"uv":[0.0,0.25,0.0,0.0],"rotation":0,"texture":"#0","tintindex":0},"down":{"uv":[0.0,0.0,0.0,0.25],"rotation":0,"texture":"#0","tintindex":0}}},{"from":[5.935126,13.153006,3.1487465],"to":[5.935126,18.295864,5.4344606],"rotation":{"angle":-45.0,"axis":"y","origin":[5.935126,15.724435,3.7201748]},"faces":{"east":{"uv":[1.5,8.125,1.25,8.6875],"rotation":0,"texture":"#0","tintindex":0},"south":{"uv":[0.0,0.0,0.0,0.5625],"rotation":0,"texture":"#0","tintindex":0},"north":{"uv":[0.0,0.0,0.0,0.5625],"rotation":0,"texture":"#0","tintindex":0},"west":{"uv":[1.25,8.125,1.5,8.6875],"rotation":0,"texture":"#0","tintindex":0},"up":{"uv":[0.0,0.25,0.0,0.0],"rotation":0,"texture":"#0","tintindex":0},"down":{"uv":[0.0,0.0,0.0,0.25],"rotation":0,"texture":"#0","tintindex":0}}},{"from":[4.285714,13.153006,4.8451777],"to":[4.285714,18.295864,7.130892],"rotation":{"angle":-22.5,"axis":"y","origin":[4.285714,15.724435,5.9880347]},"faces":{"east":{"uv":[5.1875,8.125,5.4375,8.6875],"rotation":0,"texture":"#0","tintindex":0},"south":{"uv":[0.0,0.0,0.0,0.5625],"rotation":0,"texture":"#0","tintindex":0},"north":{"uv":[0.0,0.0,0.0,0.5625],"rotation":0,"texture":"#0","tintindex":0},"west":{"uv":[5.4375,8.125,5.1875,8.6875],"rotation":0,"texture":"#0","tintindex":0},"up":{"uv":[0.0,0.25,0.0,0.0],"rotation":0,"texture":"#0","tintindex":0},"down":{"uv":[0.0,0.0,0.0,0.25],"rotation":0,"texture":"#0","tintindex":0}}},{"from":[4.285714,9.870697,6.364336],"to":[11.714286,15.013555,12.078622],"rotation":{"angle":22.5,"axis":"x","origin":[9.714286,12.442125,9.221479]},"faces":{"east":{"uv":[7.25,4.5625,7.875,5.125],"rotation":0,"texture":"#0","tintindex":0},"south":{"uv":[6.9375,6.8125,7.75,7.375],"rotation":0,"texture":"#0","tintindex":0},"north":{"uv":[6.875,5.6875,7.6875,6.25],"rotation":0,"texture":"#0","tintindex":0},"west":{"uv":[5.9375,7.3125,6.5625,7.875],"rotation":0,"texture":"#0","tintindex":0},"up":{"uv":[2.8125,7.375,2.0,6.75],"rotation":0,"texture":"#0","tintindex":0},"down":{"uv":[4.3125,6.8125,3.5,7.4375],"rotation":0,"texture":"#0","tintindex":0}}},{"from":[2.5714283,13.724435,7.130892],"to":[13.428572,18.867292,12.845179],"rotation":{"angle":0.0,"axis":"y","origin":[6.5714283,2.8672915,9.416607]},"faces":{"east":{"uv":[2.0,7.375,2.625,7.9375],"rotation":0,"texture":"#0","tintindex":0},"south":{"uv":[5.8125,2.9375,7.0,3.5],"rotation":0,"texture":"#0","tintindex":0},"north":{"uv":[5.6875,5.6875,6.875,6.25],"rotation":0,"texture":"#0","tintindex":0},"west":{"uv":[7.375,5.125,8.0,5.6875],"rotation":0,"texture":"#0","tintindex":0},"up":{"uv":[5.375,1.75,4.1875,1.125],"rotation":0,"texture":"#0","tintindex":0},"down":{"uv":[6.3125,4.0625,5.125,4.6875],"rotation":0,"texture":"#0","tintindex":0}}},{"from":[4.285714,6.142857,8.0],"to":[11.714286,10.142858,8.0],"rotation":{"angle":0.0,"axis":"y","origin":[8.0,8.0,8.0]},"faces":{"east":{"uv":[0.0,0.0,0.0,0.4375],"rotation":0,"texture":"#0","tintindex":0},"south":{"uv":[6.9375,2.5,6.125,2.9375],"rotation":0,"texture":"#0","tintindex":0},"north":{"uv":[6.125,2.5,6.9375,2.9375],"rotation":0,"texture":"#0","tintindex":0},"west":{"uv":[0.0,0.0,0.0,0.4375],"rotation":0,"texture":"#0","tintindex":0},"up":{"uv":[0.8125,0.0,0.0,0.0],"rotation":0,"texture":"#0","tintindex":0},"down":{"uv":[0.8125,0.0,0.0,0.0],"rotation":0,"texture":"#0","tintindex":0}}}],"display":{"head":{"translation":[0.0,-6.4,0.0],"scale":[4.0,4.0,4.0]}}}{"textures":{"0":"item/mobs/zahar/zahar_abomination"},"elements":[{"from":[10.064875,13.153006,3.1487465],"to":[10.064875,18.295864,5.4344606],"rotation":{"angle":45.0,"axis":"y","origin":[10.064875,15.724435,3.7201748]},"faces":{"east":{"uv":[1.5,8.125,1.25,8.6875],"rotation":0,"texture":"#0","tintindex":0},"south":{"uv":[0.0,0.0,0.0,0.5625],"rotation":0,"texture":"#0","tintindex":0},"north":{"uv":[0.0,0.0,0.0,0.5625],"rotation":0,"texture":"#0","tintindex":0},"west":{"uv":[1.25,8.125,1.5,8.6875],"rotation":0,"texture":"#0","tintindex":0},"up":{"uv":[0.0,0.25,0.0,0.0],"rotation":0,"texture":"#0","tintindex":0},"down":{"uv":[0.0,0.0,0.0,0.25],"rotation":0,"texture":"#0","tintindex":0}}},{"from":[11.714286,13.153006,4.8451777],"to":[11.714286,18.295864,7.130892],"rotation":{"angle":22.5,"axis":"y","origin":[11.714286,15.724435,5.9880347]},"faces":{"east":{"uv":[5.1875,8.125,5.4375,8.6875],"rotation":0,"texture":"#0","tintindex":0},"south":{"uv":[0.0,0.0,0.0,0.5625],"rotation":0,"texture":"#0","tintindex":0},"north":{"uv":[0.0,0.0,0.0,0.5625],"rotation":0,"texture":"#0","tintindex":0},"west":{"uv":[5.4375,8.125,5.1875,8.6875],"rotation":0,"texture":"#0","tintindex":0},"up":{"uv":[0.0,0.25,0.0,0.0],"rotation":0,"texture":"#0","tintindex":0},"down":{"uv":[0.0,0.0,0.0,0.25],"rotation":0,"texture":"#0","tintindex":0}}},{"from":[5.935126,13.153006,3.1487465],"to":[5.935126,18.295864,5.4344606],"rotation":{"angle":-45.0,"axis":"y","origin":[5.935126,15.724435,3.7201748]},"faces":{"east":{"uv":[1.5,8.125,1.25,8.6875],"rotation":0,"texture":"#0","tintindex":0},"south":{"uv":[0.0,0.0,0.0,0.5625],"rotation":0,"texture":"#0","tintindex":0},"north":{"uv":[0.0,0.0,0.0,0.5625],"rotation":0,"texture":"#0","tintindex":0},"west":{"uv":[1.25,8.125,1.5,8.6875],"rotation":0,"texture":"#0","tintindex":0},"up":{"uv":[0.0,0.25,0.0,0.0],"rotation":0,"texture":"#0","tintindex":0},"down":{"uv":[0.0,0.0,0.0,0.25],"rotation":0,"texture":"#0","tintindex":0}}},{"from":[4.285714,13.153006,4.8451777],"to":[4.285714,18.295864,7.130892],"rotation":{"angle":-22.5,"axis":"y","origin":[4.285714,15.724435,5.9880347]},"faces":{"east":{"uv":[5.1875,8.125,5.4375,8.6875],"rotation":0,"texture":"#0","tintindex":0},"south":{"uv":[0.0,0.0,0.0,0.5625],"rotation":0,"texture":"#0","tintindex":0},"north":{"uv":[0.0,0.0,0.0,0.5625],"rotation":0,"texture":"#0","tintindex":0},"west":{"uv":[5.4375,8.125,5.1875,8.6875],"rotation":0,"texture":"#0","tintindex":0},"up":{"uv":[0.0,0.25,0.0,0.0],"rotation":0,"texture":"#0","tintindex":0},"down":{"uv":[0.0,0.0,0.0,0.25],"rotation":0,"texture":"#0","tintindex":0}}},{"from":[4.285714,9.870697,6.364336],"to":[11.714286,15.013555,12.078622],"rotation":{"angle":22.5,"axis":"x","origin":[9.714286,12.442125,9.221479]},"faces":{"east":{"uv":[7.25,4.5625,7.875,5.125],"rotation":0,"texture":"#0","tintindex":0},"south":{"uv":[6.9375,6.8125,7.75,7.375],"rotation":0,"texture":"#0","tintindex":0},"north":{"uv":[6.875,5.6875,7.6875,6.25],"rotation":0,"texture":"#0","tintindex":0},"west":{"uv":[5.9375,7.3125,6.5625,7.875],"rotation":0,"texture":"#0","tintindex":0},"up":{"uv":[2.8125,7.375,2.0,6.75],"rotation":0,"texture":"#0","tintindex":0},"down":{"uv":[4.3125,6.8125,3.5,7.4375],"rotation":0,"texture":"#0","tintindex":0}}},{"from":[2.5714283,13.724435,7.130892],"to":[13.428572,18.867292,12.845179],"rotation":{"angle":0.0,"axis":"y","origin":[6.5714283,2.8672915,9.416607]},"faces":{"east":{"uv":[2.0,7.375,2.625,7.9375],"rotation":0,"texture":"#0","tintindex":0},"south":{"uv":[5.8125,2.9375,7.0,3.5],"rotation":0,"texture":"#0","tintindex":0},"north":{"uv":[5.6875,5.6875,6.875,6.25],"rotation":0,"texture":"#0","tintindex":0},"west":{"uv":[7.375,5.125,8.0,5.6875],"rotation":0,"texture":"#0","tintindex":0},"up":{"uv":[5.375,1.75,4.1875,1.125],"rotation":0,"texture":"#0","tintindex":0},"down":{"uv":[6.3125,4.0625,5.125,4.6875],"rotation":0,"texture":"#0","tintindex":0}}},{"from":[4.285714,6.142857,8.0],"to":[11.714286,10.142858,8.0],"rotation":{"angle":0.0,"axis":"y","origin":[8.0,8.0,8.0]},"faces":{"east":{"uv":[0.0,0.0,0.0,0.4375],"rotation":0,"texture":"#0","tintindex":0},"south":{"uv":[6.9375,2.5,6.125,2.9375],"rotation":0,"texture":"#0","tintindex":0},"north":{"uv":[6.125,2.5,6.9375,2.9375],"rotation":0,"texture":"#0","tintindex":0},"west":{"uv":[0.0,0.0,0.0,0.4375],"rotation":0,"texture":"#0","tintindex":0},"up":{"uv":[0.8125,0.0,0.0,0.0],"rotation":0,"texture":"#0","tintindex":0},"down":{"uv":[0.8125,0.0,0.0,0.0],"rotation":0,"texture":"#0","tintindex":0}}}],"display":{"head":{"translation":[0.0,-6.4,0.0],"scale":[4.0,4.0,4.0]}}}{"textures":{"0":"item/mobs/zahar/zahar_abomination"},"elements":[{"from":[10.064875,13.153006,3.1487465],"to":[10.064875,18.295864,5.4344606],"rotation":{"angle":45.0,"axis":"y","origin":[10.064875,15.724435,3.7201748]},"faces":{"east":{"uv":[1.5,8.125,1.25,8.6875],"rotation":0,"texture":"#0","tintindex":0},"south":{"uv":[0.0,0.0,0.0,0.5625],"rotation":0,"texture":"#0","tintindex":0},"north":{"uv":[0.0,0.0,0.0,0.5625],"rotation":0,"texture":"#0","tintindex":0},"west":{"uv":[1.25,8.125,1.5,8.6875],"rotation":0,"texture":"#0","tintindex":0},"up":{"uv":[0.0,0.25,0.0,0.0],"rotation":0,"texture":"#0","tintindex":0},"down":{"uv":[0.0,0.0,0.0,0.25],"rotation":0,"texture":"#0","tintindex":0}}},{"from":[11.714286,13.153006,4.8451777],"to":[11.714286,18.295864,7.130892],"rotation":{"angle":22.5,"axis":"y","origin":[11.714286,15.724435,5.9880347]},"faces":{"east":{"uv":[5.1875,8.125,5.4375,8.6875],"rotation":0,"texture":"#0","tintindex":0},"south":{"uv":[0.0,0.0,0.0,0.5625],"rotation":0,"texture":"#0","tintindex":0},"north":{"uv":[0.0,0.0,0.0,0.5625],"rotation":0,"texture":"#0","tintindex":0},"west":{"uv":[5.4375,8.125,5.1875,8.6875],"rotation":0,"texture":"#0","tintindex":0},"up":{"uv":[0.0,0.25,0.0,0.0],"rotation":0,"texture":"#0","tintindex":0},"down":{"uv":[0.0,0.0,0.0,0.25],"rotation":0,"texture":"#0","tintindex":0}}},{"from":[5.935126,13.153006,3.1487465],"to":[5.935126,18.295864,5.4344606],"rotation":{"angle":-45.0,"axis":"y","origin":[5.935126,15.724435,3.7201748]},"faces":{"east":{"uv":[1.5,8.125,1.25,8.6875],"rotation":0,"texture":"#0","tintindex":0},"south":{"uv":[0.0,0.0,0.0,0.5625],"rotation":0,"texture":"#0","tintindex":0},"north":{"uv":[0.0,0.0,0.0,0.5625],"rotation":0,"texture":"#0","tintindex":0},"west":{"uv":[1.25,8.125,1.5,8.6875],"rotation":0,"texture":"#0","tintindex":0},"up":{"uv":[0.0,0.25,0.0,0.0],"rotation":0,"texture":"#0","tintindex":0},"down":{"uv":[0.0,0.0,0.0,0.25],"rotation":0,"texture":"#0","tintindex":0}}},{"from":[4.285714,13.153006,4.8451777],"to":[4.285714,18.295864,7.130892],"rotation":{"angle":-22.5,"axis":"y","origin":[4.285714,15.724435,5.9880347]},"faces":{"east":{"uv":[5.1875,8.125,5.4375,8.6875],"rotation":0,"texture":"#0","tintindex":0},"south":{"uv":[0.0,0.0,0.0,0.5625],"rotation":0,"texture":"#0","tintindex":0},"north":{"uv":[0.0,0.0,0.0,0.5625],"rotation":0,"texture":"#0","tintindex":0},"west":{"uv":[5.4375,8.125,5.1875,8.6875],"rotation":0,"texture":"#0","tintindex":0},"up":{"uv":[0.0,0.25,0.0,0.0],"rotation":0,"texture":"#0","tintindex":0},"down":{"uv":[0.0,0.0,0.0,0.25],"rotation":0,"texture":"#0","tintindex":0}}},{"from":[4.285714,9.870697,6.364336],"to":[11.714286,15.013555,12.078622],"rotation":{"angle":22.5,"axis":"x","origin":[9.714286,12.442125,9.221479]},"faces":{"east":{"uv":[7.25,4.5625,7.875,5.125],"rotation":0,"texture":"#0","tintindex":0},"south":{"uv":[6.9375,6.8125,7.75,7.375],"rotation":0,"texture":"#0","tintindex":0},"north":{"uv":[6.875,5.6875,7.6875,6.25],"rotation":0,"texture":"#0","tintindex":0},"west":{"uv":[5.9375,7.3125,6.5625,7.875],"rotation":0,"texture":"#0","tintindex":0},"up":{"uv":[2.8125,7.375,2.0,6.75],"rotation":0,"texture":"#0","tintindex":0},"down":{"uv":[4.3125,6.8125,3.5,7.4375],"rotation":0,"texture":"#0","tintindex":0}}},{"from":[2.5714283,13.724435,7.130892],"to":[13.428572,18.867292,12.845179],"rotation":{"angle":0.0,"axis":"y","origin":[6.5714283,2.8672915,9.416607]},"faces":{"east":{"uv":[2.0,7.375,2.625,7.9375],"rotation":0,"texture":"#0","tintindex":0},"south":{"uv":[5.8125,2.9375,7.0,3.5],"rotation":0,"texture":"#0","tintindex":0},"north":{"uv":[5.6875,5.6875,6.875,6.25],"rotation":0,"texture":"#0","tintindex":0},"west":{"uv":[7.375,5.125,8.0,5.6875],"rotation":0,"texture":"#0","tintindex":0},"up":{"uv":[5.375,1.75,4.1875,1.125],"rotation":0,"texture":"#0","tintindex":0},"down":{"uv":[6.3125,4.0625,5.125,4.6875],"rotation":0,"texture":"#0","tintindex":0}}},{"from":[4.285714,6.142857,8.0],"to":[11.714286,10.142858,8.0],"rotation":{"angle":0.0,"axis":"y","origin":[8.0,8.0,8.0]},"faces":{"east":{"uv":[0.0,0.0,0.0,0.4375],"rotation":0,"texture":"#0","tintindex":0},"south":{"uv":[6.9375,2.5,6.125,2.9375],"rotation":0,"texture":"#0","tintindex":0},"north":{"uv":[6.125,2.5,6.9375,2.9375],"rotation":0,"texture":"#0","tintindex":0},"west":{"uv":[0.0,0.0,0.0,0.4375],"rotation":0,"texture":"#0","tintindex":0},"up":{"uv":[0.8125,0.0,0.0,0.0],"rotation":0,"texture":"#0","tintindex":0},"down":{"uv":[0.8125,0.0,0.0,0.0],"rotation":0,"texture":"#0","tintindex":0}}}],"display":{"head":{"translation":[0.0,-6.4,0.0],"scale":[4.0,4.0,4.0]}}}{"textures":{"0":"item/mobs/zahar/zahar_abomination"},"elements":[{"from":[10.064875,13.153006,3.1487465],"to":[10.064875,18.295864,5.4344606],"rotation":{"angle":45.0,"axis":"y","origin":[10.064875,15.724435,3.7201748]},"faces":{"east":{"uv":[1.5,8.125,1.25,8.6875],"rotation":0,"texture":"#0","tintindex":0},"south":{"uv":[0.0,0.0,0.0,0.5625],"rotation":0,"texture":"#0","tintindex":0},"north":{"uv":[0.0,0.0,0.0,0.5625],"rotation":0,"texture":"#0","tintindex":0},"west":{"uv":[1.25,8.125,1.5,8.6875],"rotation":0,"texture":"#0","tintindex":0},"up":{"uv":[0.0,0.25,0.0,0.0],"rotation":0,"texture":"#0","tintindex":0},"down":{"uv":[0.0,0.0,0.0,0.25],"rotation":0,"texture":"#0","tintindex":0}}},{"from":[11.714286,13.153006,4.8451777],"to":[11.714286,18.295864,7.130892],"rotation":{"angle":22.5,"axis":"y","origin":[11.714286,15.724435,5.9880347]},"faces":{"east":{"uv":[5.1875,8.125,5.4375,8.6875],"rotation":0,"texture":"#0","tintindex":0},"south":{"uv":[0.0,0.0,0.0,0.5625],"rotation":0,"texture":"#0","tintindex":0},"north":{"uv":[0.0,0.0,0.0,0.5625],"rotation":0,"texture":"#0","tintindex":0},"west":{"uv":[5.4375,8.125,5.1875,8.6875],"rotation":0,"texture":"#0","tintindex":0},"up":{"uv":[0.0,0.25,0.0,0.0],"rotation":0,"texture":"#0","tintindex":0},"down":{"uv":[0.0,0.0,0.0,0.25],"rotation":0,"texture":"#0","tintindex":0}}},{"from":[5.935126,13.153006,3.1487465],"to":[5.935126,18.295864,5.4344606],"rotation":{"angle":-45.0,"axis":"y","origin":[5.935126,15.724435,3.7201748]},"faces":{"east":{"uv":[1.5,8.125,1.25,8.6875],"rotation":0,"texture":"#0","tintindex":0},"south":{"uv":[0.0,0.0,0.0,0.5625],"rotation":0,"texture":"#0","tintindex":0},"north":{"uv":[0.0,0.0,0.0,0.5625],"rotation":0,"texture":"#0","tintindex":0},"west":{"uv":[1.25,8.125,1.5,8.6875],"rotation":0,"texture":"#0","tintindex":0},"up":{"uv":[0.0,0.25,0.0,0.0],"rotation":0,"texture":"#0","tintindex":0},"down":{"uv":[0.0,0.0,0.0,0.25],"rotation":0,"texture":"#0","tintindex":0}}},{"from":[4.285714,13.153006,4.8451777],"to":[4.285714,18.295864,7.130892],"rotation":{"angle":-22.5,"axis":"y","origin":[4.285714,15.724435,5.9880347]},"faces":{"east":{"uv":[5.1875,8.125,5.4375,8.6875],"rotation":0,"texture":"#0","tintindex":0},"south":{"uv":[0.0,0.0,0.0,0.5625],"rotation":0,"texture":"#0","tintindex":0},"north":{"uv":[0.0,0.0,0.0,0.5625],"rotation":0,"texture":"#0","tintindex":0},"west":{"uv":[5.4375,8.125,5.1875,8.6875],"rotation":0,"texture":"#0","tintindex":0},"up":{"uv":[0.0,0.25,0.0,0.0],"rotation":0,"texture":"#0","tintindex":0},"down":{"uv":[0.0,0.0,0.0,0.25],"rotation":0,"texture":"#0","tintindex":0}}},{"from":[4.285714,9.870697,6.364336],"to":[11.714286,15.013555,12.078622],"rotation":{"angle":22.5,"axis":"x","origin":[9.714286,12.442125,9.221479]},"faces":{"east":{"uv":[7.25,4.5625,7.875,5.125],"rotation":0,"texture":"#0","tintindex":0},"south":{"uv":[6.9375,6.8125,7.75,7.375],"rotation":0,"texture":"#0","tintindex":0},"north":{"uv":[6.875,5.6875,7.6875,6.25],"rotation":0,"texture":"#0","tintindex":0},"west":{"uv":[5.9375,7.3125,6.5625,7.875],"rotation":0,"texture":"#0","tintindex":0},"up":{"uv":[2.8125,7.375,2.0,6.75],"rotation":0,"texture":"#0","tintindex":0},"down":{"uv":[4.3125,6.8125,3.5,7.4375],"rotation":0,"texture":"#0","tintindex":0}}},{"from":[2.5714283,13.724435,7.130892],"to":[13.428572,18.867292,12.845179],"rotation":{"angle":0.0,"axis":"y","origin":[6.5714283,2.8672915,9.416607]},"faces":{"east":{"uv":[2.0,7.375,2.625,7.9375],"rotation":0,"texture":"#0","tintindex":0},"south":{"uv":[5.8125,2.9375,7.0,3.5],"rotation":0,"texture":"#0","tintindex":0},"north":{"uv":[5.6875,5.6875,6.875,6.25],"rotation":0,"texture":"#0","tintindex":0},"west":{"uv":[7.375,5.125,8.0,5.6875],"rotation":0,"texture":"#0","tintindex":0},"up":{"uv":[5.375,1.75,4.1875,1.125],"rotation":0,"texture":"#0","tintindex":0},"down":{"uv":[6.3125,4.0625,5.125,4.6875],"rotation":0,"texture":"#0","tintindex":0}}},{"from":[4.285714,6.142857,8.0],"to":[11.714286,10.142858,8.0],"rotation":{"angle":0.0,"axis":"y","origin":[8.0,8.0,8.0]},"faces":{"east":{"uv":[0.0,0.0,0.0,0.4375],"rotation":0,"texture":"#0","tintindex":0},"south":{"uv":[6.9375,2.5,6.125,2.9375],"rotation":0,"texture":"#0","tintindex":0},"north":{"uv":[6.125,2.5,6.9375,2.9375],"rotation":0,"texture":"#0","tintindex":0},"west":{"uv":[0.0,0.0,0.0,0.4375],"rotation":0,"texture":"#0","tintindex":0},"up":{"uv":[0.8125,0.0,0.0,0.0],"rotation":0,"texture":"#0","tintindex":0},"down":{"uv":[0.8125,0.0,0.0,0.0],"rotation":0,"texture":"#0","tintindex":0}}}],"display":{"head":{"translation":[0.0,-6.4,0.0],"scale":[4.0,4.0,4.0]}}}