{"textures":{},"elements":[{"from":[5.714286,8.0,8.0],"to":[10.285714,12.571428,8.0],"rotation":{"angle":0.0,"axis":"y","origin":[8.0,8.0,8.0]},"faces":{"east":{"uv":[0.0,0.0,0.0,8.0],"rotation":0,"texture":"#missing","tintindex":0},"south":{"uv":[0.0,0.0,8.0,8.0],"rotation":0,"texture":"#missing","tintindex":0},"north":{"uv":[0.0,0.0,8.0,8.0],"rotation":0,"texture":"#missing","tintindex":0},"west":{"uv":[0.0,0.0,0.0,8.0],"rotation":0,"texture":"#missing","tintindex":0},"up":{"uv":[0.0,0.0,8.0,0.0],"rotation":0,"texture":"#missing","tintindex":0},"down":{"uv":[0.0,0.0,8.0,0.0],"rotation":0,"texture":"#missing","tintindex":0}}}],"display":{"head":{"translation":[0.0,-6.4,0.0],"scale":[4.0,4.0,4.0]}}}{"textures":{},"elements":[{"from":[5.714286,8.0,8.0],"to":[10.285714,12.571428,8.0],"rotation":{"angle":0.0,"axis":"y","origin":[8.0,8.0,8.0]},"faces":{"east":{"uv":[0.0,0.0,0.0,8.0],"rotation":0,"texture":"#missing","tintindex":0},"south":{"uv":[0.0,0.0,8.0,8.0],"rotation":0,"texture":"#missing","tintindex":0},"north":{"uv":[0.0,0.0,8.0,8.0],"rotation":0,"texture":"#missing","tintindex":0},"west":{"uv":[0.0,0.0,0.0,8.0],"rotation":0,"texture":"#missing","tintindex":0},"up":{"uv":[0.0,0.0,8.0,0.0],"rotation":0,"texture":"#missing","tintindex":0},"down":{"uv":[0.0,0.0,8.0,0.0],"rotation":0,"texture":"#missing","tintindex":0}}}],"display":{"head":{"translation":[0.0,-6.4,0.0],"scale":[4.0,4.0,4.0]}}}{"textures":{},"elements":[{"from":[5.714286,8.0,8.0],"to":[10.285714,12.571428,8.0],"rotation":{"angle":0.0,"axis":"y","origin":[8.0,8.0,8.0]},"faces":{"east":{"uv":[0.0,0.0,0.0,8.0],"rotation":0,"texture":"#missing","tintindex":0},"south":{"uv":[0.0,0.0,8.0,8.0],"rotation":0,"texture":"#missing","tintindex":0},"north":{"uv":[0.0,0.0,8.0,8.0],"rotation":0,"texture":"#missing","tintindex":0},"west":{"uv":[0.0,0.0,0.0,8.0],"rotation":0,"texture":"#missing","tintindex":0},"up":{"uv":[0.0,0.0,8.0,0.0],"rotation":0,"texture":"#missing","tintindex":0},"down":{"uv":[0.0,0.0,8.0,0.0],"rotation":0,"texture":"#missing","tintindex":0}}}],"display":{"head":{"translation":[0.0,-6.4,0.0],"scale":[4.0,4.0,4.0]}}}{"textures":{},"elements":[{"from":[5.714286,8.0,8.0],"to":[10.285714,12.571428,8.0],"rotation":{"angle":0.0,"axis":"y","origin":[8.0,8.0,8.0]},"faces":{"east":{"uv":[0.0,0.0,0.0,8.0],"rotation":0,"texture":"#missing","tintindex":0},"south":{"uv":[0.0,0.0,8.0,8.0],"rotation":0,"texture":"#missing","tintindex":0},"north":{"uv":[0.0,0.0,8.0,8.0],"rotation":0,"texture":"#missing","tintindex":0},"west":{"uv":[0.0,0.0,0.0,8.0],"rotation":0,"texture":"#missing","tintindex":0},"up":{"uv":[0.0,0.0,8.0,0.0],"rotation":0,"texture":"#missing","tintindex":0},"down":{"uv":[0.0,0.0,8.0,0.0],"rotation":0,"texture":"#missing","tintindex":0}}}],"display":{"head":{"translation":[0.0,-6.4,0.0],"scale":[4.0,4.0,4.0]}}}{"textures":{},"elements":[{"from":[5.714286,8.0,8.0],"to":[10.285714,12.571428,8.0],"rotation":{"angle":0.0,"axis":"y","origin":[8.0,8.0,8.0]},"faces":{"east":{"uv":[0.0,0.0,0.0,8.0],"rotation":0,"texture":"#missing","tintindex":0},"south":{"uv":[0.0,0.0,8.0,8.0],"rotation":0,"texture":"#missing","tintindex":0},"north":{"uv":[0.0,0.0,8.0,8.0],"rotation":0,"texture":"#missing","tintindex":0},"west":{"uv":[0.0,0.0,0.0,8.0],"rotation":0,"texture":"#missing","tintindex":0},"up":{"uv":[0.0,0.0,8.0,0.0],"rotation":0,"texture":"#missing","tintindex":0},"down":{"uv":[0.0,0.0,8.0,0.0],"rotation":0,"texture":"#missing","tintindex":0}}}],"display":{"head":{"translation":[0.0,-6.4,0.0],"scale":[4.0,4.0,4.0]}}}{"textures":{},"elements":[{"from":[5.714286,8.0,8.0],"to":[10.285714,12.571428,8.0],"rotation":{"angle":0.0,"axis":"y","origin":[8.0,8.0,8.0]},"faces":{"east":{"uv":[0.0,0.0,0.0,8.0],"rotation":0,"texture":"#missing","tintindex":0},"south":{"uv":[0.0,0.0,8.0,8.0],"rotation":0,"texture":"#missing","tintindex":0},"north":{"uv":[0.0,0.0,8.0,8.0],"rotation":0,"texture":"#missing","tintindex":0},"west":{"uv":[0.0,0.0,0.0,8.0],"rotation":0,"texture":"#missing","tintindex":0},"up":{"uv":[0.0,0.0,8.0,0.0],"rotation":0,"texture":"#missing","tintindex":0},"down":{"uv":[0.0,0.0,8.0,0.0],"rotation":0,"texture":"#missing","tintindex":0}}}],"display":{"head":{"translation":[0.0,-6.4,0.0],"scale":[4.0,4.0,4.0]}}}{"textures":{},"elements":[{"from":[5.714286,8.0,8.0],"to":[10.285714,12.571428,8.0],"rotation":{"angle":0.0,"axis":"y","origin":[8.0,8.0,8.0]},"faces":{"east":{"uv":[0.0,0.0,0.0,8.0],"rotation":0,"texture":"#missing","tintindex":0},"south":{"uv":[0.0,0.0,8.0,8.0],"rotation":0,"texture":"#missing","tintindex":0},"north":{"uv":[0.0,0.0,8.0,8.0],"rotation":0,"texture":"#missing","tintindex":0},"west":{"uv":[0.0,0.0,0.0,8.0],"rotation":0,"texture":"#missing","tintindex":0},"up":{"uv":[0.0,0.0,8.0,0.0],"rotation":0,"texture":"#missing","tintindex":0},"down":{"uv":[0.0,0.0,8.0,0.0],"rotation":0,"texture":"#missing","tintindex":0}}}],"display":{"head":{"translation":[0.0,-6.4,0.0],"scale":[4.0,4.0,4.0]}}}{"textures":{},"elements":[{"from":[5.714286,8.0,8.0],"to":[10.285714,12.571428,8.0],"rotation":{"angle":0.0,"axis":"y","origin":[8.0,8.0,8.0]},"faces":{"east":{"uv":[0.0,0.0,0.0,8.0],"rotation":0,"texture":"#missing","tintindex":0},"south":{"uv":[0.0,0.0,8.0,8.0],"rotation":0,"texture":"#missing","tintindex":0},"north":{"uv":[0.0,0.0,8.0,8.0],"rotation":0,"texture":"#missing","tintindex":0},"west":{"uv":[0.0,0.0,0.0,8.0],"rotation":0,"texture":"#missing","tintindex":0},"up":{"uv":[0.0,0.0,8.0,0.0],"rotation":0,"texture":"#missing","tintindex":0},"down":{"uv":[0.0,0.0,8.0,0.0],"rotation":0,"texture":"#missing","tintindex":0}}}],"display":{"head":{"translation":[0.0,-6.4,0.0],"scale":[4.0,4.0,4.0]}}}