{
	"credit": "Made with Blockbench",
	"textures": {
		"0": "item/attachments/adaptive_chambering",
		"particle": "item/attachments/adaptive_chambering"
	},
	"elements": [
		{
			"from": [6, 8, 7],
			"to": [10, 10, 9],
			"faces": {
				"north": {"uv": [4, 2, 8, 4], "texture": "#0"},
				"east": {"uv": [8, 6, 10, 8], "texture": "#0"},
				"south": {"uv": [4, 4, 8, 6], "texture": "#0"},
				"west": {"uv": [8, 8, 10, 10], "texture": "#0"},
				"up": {"uv": [4, 8, 0, 6], "texture": "#0"},
				"down": {"uv": [8, 6, 4, 8], "texture": "#0"}
			}
		},
		{
			"from": [6, 8.2, 6.9],
			"to": [10, 9.8, 9.1],
			"faces": {
				"north": {"uv": [0, 0, 4, 2], "texture": "#0"},
				"east": {"uv": [8, 4, 10, 6], "texture": "#0"},
				"south": {"uv": [0, 2, 4, 4], "texture": "#0"},
				"west": {"uv": [6, 8, 8, 10], "texture": "#0"},
				"up": {"uv": [4, 6, 0, 4], "texture": "#0"},
				"down": {"uv": [8, 0, 4, 2], "texture": "#0"}
			}
		},
		{
			"from": [5, 7, 7],
			"to": [6, 11, 9],
			"faces": {
				"north": {"uv": [6, 10, 7, 14], "texture": "#0"},
				"east": {"uv": [2, 8, 4, 12], "texture": "#0"},
				"south": {"uv": [7, 10, 8, 14], "texture": "#0"},
				"west": {"uv": [4, 8, 6, 12], "texture": "#0"},
				"up": {"uv": [10, 12, 9, 10], "texture": "#0"},
				"down": {"uv": [11, 10, 10, 12], "texture": "#0"}
			}
		},
		{
			"from": [4.8, 7.1, 7.1],
			"to": [6, 10.9, 8.9],
			"faces": {
				"north": {"uv": [6, 10, 7, 14], "texture": "#0"},
				"east": {"uv": [2, 8, 4, 12], "texture": "#0"},
				"south": {"uv": [7, 10, 8, 14], "texture": "#0"},
				"west": {"uv": [4, 8, 6, 12], "texture": "#0"},
				"up": {"uv": [10, 12, 9, 10], "texture": "#0"},
				"down": {"uv": [11, 10, 10, 12], "texture": "#0"}
			}
		},
		{
			"from": [10, 7, 7],
			"to": [11, 11, 9],
			"rotation": {"angle": 0, "axis": "y", "origin": [16, 0, 0]},
			"faces": {
				"north": {"uv": [7, 10, 6, 14], "texture": "#0"},
				"east": {"uv": [6, 8, 4, 12], "texture": "#0"},
				"south": {"uv": [8, 10, 7, 14], "texture": "#0"},
				"west": {"uv": [4, 8, 2, 12], "texture": "#0"},
				"up": {"uv": [9, 12, 10, 10], "texture": "#0"},
				"down": {"uv": [10, 10, 11, 12], "texture": "#0"}
			}
		},
		{
			"from": [10, 7.1, 7.1],
			"to": [11.2, 10.9, 8.9],
			"rotation": {"angle": 0, "axis": "y", "origin": [16, 0, 0]},
			"faces": {
				"north": {"uv": [7, 10, 6, 14], "texture": "#0"},
				"east": {"uv": [6, 8, 4, 12], "texture": "#0"},
				"south": {"uv": [8, 10, 7, 14], "texture": "#0"},
				"west": {"uv": [4, 8, 2, 12], "texture": "#0"},
				"up": {"uv": [9, 12, 10, 10], "texture": "#0"},
				"down": {"uv": [10, 10, 11, 12], "texture": "#0"}
			}
		}
	],
	"gui_light": "front",
	"display": {
		"thirdperson_righthand": {
			"scale": [0.5, 0.5, 0.5]
		},
		"thirdperson_lefthand": {
			"scale": [0.5, 0.5, 0.5]
		},
		"firstperson_righthand": {
			"scale": [0.7, 0.7, 0.7]
		},
		"firstperson_lefthand": {
			"scale": [0.7, 0.7, 0.7]
		},
		"gui": {
			"translation": [0, -1, 0],
			"scale": [1.2, 1.2, 1.2]
		}
	}
}