{
	"credit": "Made with Blockbench",
	"texture_size": [32, 32],
	"textures": {
		"0": "item/attachments/barrel",
		"particle": "item/attachments/barrel"
	},
	"elements": [
		{
			"from": [3.7, 7.8, 6.8],
			"to": [13.1, 10.2, 9.2],
			"rotation": {"angle": 0, "axis": "y", "origin": [16, 0, 15]},
			"faces": {
				"north": {"uv": [0, 1, 4.5, 2], "texture": "#0"},
				"east": {"uv": [1, 4, 2, 5], "texture": "#0"},
				"south": {"uv": [0, 0, 4.5, 1], "texture": "#0"},
				"west": {"uv": [0, 4, 1, 5], "texture": "#0"},
				"up": {"uv": [4.5, 3, 0, 2], "rotation": 180, "texture": "#0"},
				"down": {"uv": [4.5, 3, 0, 4], "rotation": 180, "texture": "#0"}
			}
		},
		{
			"name": "hexadecagon",
			"from": [3, 8.80109, 8.5],
			"to": [7, 9.19891, 9],
			"rotation": {"angle": 45, "axis": "x", "origin": [5, 9, 8]},
			"faces": {
				"north": {"uv": [4, 4, 6, 4.5], "texture": "#0"},
				"east": {"uv": [8.5, 2, 9, 2.5], "texture": "#0"},
				"south": {"uv": [2, 4, 4, 4.5], "texture": "#0"},
				"west": {"uv": [2, 8.5, 2.5, 9], "texture": "#0"},
				"up": {"uv": [6.5, 0.5, 4.5, 0], "rotation": 180, "texture": "#0"},
				"down": {"uv": [6.5, 0.5, 4.5, 1], "rotation": 180, "texture": "#0"}
			}
		},
		{
			"name": "hexadecagon",
			"from": [3, 8.80109, 8.5],
			"to": [7, 9.19891, 9],
			"rotation": {"angle": 22.5, "axis": "x", "origin": [5, 9, 8]},
			"faces": {
				"north": {"uv": [4.5, 1.5, 6.5, 2], "texture": "#0"},
				"east": {"uv": [8.5, 2.5, 9, 3], "texture": "#0"},
				"south": {"uv": [4.5, 1, 6.5, 1.5], "texture": "#0"},
				"west": {"uv": [2.5, 8.5, 3, 9], "texture": "#0"},
				"up": {"uv": [4, 5, 2, 4.5], "rotation": 180, "texture": "#0"},
				"down": {"uv": [6.5, 2, 4.5, 2.5], "rotation": 180, "texture": "#0"}
			}
		},
		{
			"name": "hexadecagon",
			"from": [3, 8.80109, 8.5],
			"to": [7, 9.19891, 9],
			"rotation": {"angle": 0, "axis": "x", "origin": [5, 9, 8]},
			"faces": {
				"north": {"uv": [4.5, 3, 6.5, 3.5], "texture": "#0"},
				"east": {"uv": [8.5, 3, 9, 3.5], "texture": "#0"},
				"south": {"uv": [4.5, 2.5, 6.5, 3], "texture": "#0"},
				"west": {"uv": [3, 8.5, 3.5, 9], "texture": "#0"},
				"up": {"uv": [6.5, 4, 4.5, 3.5], "rotation": 180, "texture": "#0"},
				"down": {"uv": [6, 4.5, 4, 5], "rotation": 180, "texture": "#0"}
			}
		},
		{
			"name": "hexadecagon",
			"from": [3, 8.80109, 8.5],
			"to": [7, 9.19891, 9],
			"rotation": {"angle": -22.5, "axis": "x", "origin": [5, 9, 8]},
			"faces": {
				"north": {"uv": [2, 5, 4, 5.5], "texture": "#0"},
				"east": {"uv": [8.5, 3.5, 9, 4], "texture": "#0"},
				"south": {"uv": [0, 5, 2, 5.5], "texture": "#0"},
				"west": {"uv": [3.5, 8.5, 4, 9], "texture": "#0"},
				"up": {"uv": [6, 5.5, 4, 5], "rotation": 180, "texture": "#0"},
				"down": {"uv": [2, 5.5, 0, 6], "rotation": 180, "texture": "#0"}
			}
		},
		{
			"name": "hexadecagon",
			"from": [3, 8.80109, 8.5],
			"to": [7, 9.19891, 9],
			"rotation": {"angle": -45, "axis": "x", "origin": [5, 9, 8]},
			"faces": {
				"north": {"uv": [4, 5.5, 6, 6], "texture": "#0"},
				"east": {"uv": [4.5, 8.5, 5, 9], "texture": "#0"},
				"south": {"uv": [2, 5.5, 4, 6], "texture": "#0"},
				"west": {"uv": [4, 8.5, 4.5, 9], "texture": "#0"},
				"up": {"uv": [2, 6.5, 0, 6], "rotation": 180, "texture": "#0"},
				"down": {"uv": [4, 6, 2, 6.5], "rotation": 180, "texture": "#0"}
			}
		},
		{
			"name": "hexadecagon",
			"from": [3, 8.80109, 7],
			"to": [7, 9.19891, 7.5],
			"rotation": {"angle": 45, "axis": "x", "origin": [5, 9, 8]},
			"faces": {
				"north": {"uv": [6, 4, 8, 4.5], "texture": "#0"},
				"east": {"uv": [5.5, 8.5, 6, 9], "texture": "#0"},
				"south": {"uv": [4, 6, 6, 6.5], "texture": "#0"},
				"west": {"uv": [5, 8.5, 5.5, 9], "texture": "#0"},
				"up": {"uv": [8, 5, 6, 4.5], "rotation": 180, "texture": "#0"},
				"down": {"uv": [8, 5, 6, 5.5], "rotation": 180, "texture": "#0"}
			}
		},
		{
			"name": "hexadecagon",
			"from": [3, 8.80109, 7],
			"to": [7, 9.19891, 7.5],
			"rotation": {"angle": 22.5, "axis": "x", "origin": [5, 9, 8]},
			"faces": {
				"north": {"uv": [6, 6, 8, 6.5], "texture": "#0"},
				"east": {"uv": [6.5, 8.5, 7, 9], "texture": "#0"},
				"south": {"uv": [6, 5.5, 8, 6], "texture": "#0"},
				"west": {"uv": [6, 8.5, 6.5, 9], "texture": "#0"},
				"up": {"uv": [2, 7, 0, 6.5], "rotation": 180, "texture": "#0"},
				"down": {"uv": [8.5, 0, 6.5, 0.5], "rotation": 180, "texture": "#0"}
			}
		},
		{
			"name": "hexadecagon",
			"from": [3, 8.80109, 7],
			"to": [7, 9.19891, 7.5],
			"rotation": {"angle": 0, "axis": "x", "origin": [5, 9, 8]},
			"faces": {
				"north": {"uv": [6.5, 1, 8.5, 1.5], "texture": "#0"},
				"east": {"uv": [7.5, 8.5, 8, 9], "texture": "#0"},
				"south": {"uv": [6.5, 0.5, 8.5, 1], "texture": "#0"},
				"west": {"uv": [7, 8.5, 7.5, 9], "texture": "#0"},
				"up": {"uv": [8.5, 2, 6.5, 1.5], "rotation": 180, "texture": "#0"},
				"down": {"uv": [4, 6.5, 2, 7], "rotation": 180, "texture": "#0"}
			}
		},
		{
			"name": "hexadecagon",
			"from": [3, 8.80109, 7],
			"to": [7, 9.19891, 7.5],
			"rotation": {"angle": -22.5, "axis": "x", "origin": [5, 9, 8]},
			"faces": {
				"north": {"uv": [6.5, 2.5, 8.5, 3], "texture": "#0"},
				"east": {"uv": [8.5, 8.5, 9, 9], "texture": "#0"},
				"south": {"uv": [6.5, 2, 8.5, 2.5], "texture": "#0"},
				"west": {"uv": [8, 8.5, 8.5, 9], "texture": "#0"},
				"up": {"uv": [8.5, 3.5, 6.5, 3], "rotation": 180, "texture": "#0"},
				"down": {"uv": [8.5, 3.5, 6.5, 4], "rotation": 180, "texture": "#0"}
			}
		},
		{
			"name": "hexadecagon",
			"from": [3, 8.80109, 7],
			"to": [7, 9.19891, 7.5],
			"rotation": {"angle": -45, "axis": "x", "origin": [5, 9, 8]},
			"faces": {
				"north": {"uv": [6, 6.5, 8, 7], "texture": "#0"},
				"east": {"uv": [0.5, 9, 1, 9.5], "texture": "#0"},
				"south": {"uv": [4, 6.5, 6, 7], "texture": "#0"},
				"west": {"uv": [0, 9, 0.5, 9.5], "texture": "#0"},
				"up": {"uv": [2, 7.5, 0, 7], "rotation": 180, "texture": "#0"},
				"down": {"uv": [4, 7, 2, 7.5], "rotation": 180, "texture": "#0"}
			}
		},
		{
			"name": "hexadecagon",
			"from": [3, 8, 7.80109],
			"to": [7, 8.5, 8.19891],
			"rotation": {"angle": 22.5, "axis": "x", "origin": [5, 9, 8]},
			"faces": {
				"north": {"uv": [6, 7, 8, 7.5], "texture": "#0"},
				"east": {"uv": [1.5, 9, 2, 9.5], "texture": "#0"},
				"south": {"uv": [4, 7, 6, 7.5], "texture": "#0"},
				"west": {"uv": [1, 9, 1.5, 9.5], "texture": "#0"},
				"up": {"uv": [2, 8, 0, 7.5], "rotation": 180, "texture": "#0"},
				"down": {"uv": [4, 7.5, 2, 8], "rotation": 180, "texture": "#0"}
			}
		},
		{
			"name": "hexadecagon",
			"from": [3, 8, 7.80109],
			"to": [7, 8.5, 8.19891],
			"rotation": {"angle": 0, "axis": "x", "origin": [5, 9, 8]},
			"faces": {
				"north": {"uv": [6, 7.5, 8, 8], "texture": "#0"},
				"east": {"uv": [9, 2, 9.5, 2.5], "texture": "#0"},
				"south": {"uv": [4, 7.5, 6, 8], "texture": "#0"},
				"west": {"uv": [2, 9, 2.5, 9.5], "texture": "#0"},
				"up": {"uv": [2, 8.5, 0, 8], "rotation": 180, "texture": "#0"},
				"down": {"uv": [4, 8, 2, 8.5], "rotation": 180, "texture": "#0"}
			}
		},
		{
			"name": "hexadecagon",
			"from": [3, 8, 7.80109],
			"to": [7, 8.5, 8.19891],
			"rotation": {"angle": -22.5, "axis": "x", "origin": [5, 9, 8]},
			"faces": {
				"north": {"uv": [8, 4, 10, 4.5], "texture": "#0"},
				"east": {"uv": [9, 2.5, 9.5, 3], "texture": "#0"},
				"south": {"uv": [4, 8, 6, 8.5], "texture": "#0"},
				"west": {"uv": [2.5, 9, 3, 9.5], "texture": "#0"},
				"up": {"uv": [10, 5, 8, 4.5], "rotation": 180, "texture": "#0"},
				"down": {"uv": [10, 5, 8, 5.5], "rotation": 180, "texture": "#0"}
			}
		},
		{
			"name": "hexadecagon",
			"from": [3, 9.5, 7.80109],
			"to": [7, 10, 8.19891],
			"rotation": {"angle": 22.5, "axis": "x", "origin": [5, 9, 8]},
			"faces": {
				"north": {"uv": [6, 8, 8, 8.5], "texture": "#0"},
				"east": {"uv": [9, 3, 9.5, 3.5], "texture": "#0"},
				"south": {"uv": [8, 5.5, 10, 6], "texture": "#0"},
				"west": {"uv": [3, 9, 3.5, 9.5], "texture": "#0"},
				"up": {"uv": [10, 6.5, 8, 6], "rotation": 180, "texture": "#0"},
				"down": {"uv": [10, 6.5, 8, 7], "rotation": 180, "texture": "#0"}
			}
		},
		{
			"name": "hexadecagon",
			"from": [3, 9.5, 7.80109],
			"to": [7, 10, 8.19891],
			"rotation": {"angle": 0, "axis": "x", "origin": [5, 9, 8]},
			"faces": {
				"north": {"uv": [8, 7.5, 10, 8], "texture": "#0"},
				"east": {"uv": [9, 3.5, 9.5, 4], "texture": "#0"},
				"south": {"uv": [8, 7, 10, 7.5], "texture": "#0"},
				"west": {"uv": [3.5, 9, 4, 9.5], "texture": "#0"},
				"up": {"uv": [10, 8.5, 8, 8], "rotation": 180, "texture": "#0"},
				"down": {"uv": [2, 8.5, 0, 9], "rotation": 180, "texture": "#0"}
			}
		},
		{
			"name": "hexadecagon",
			"from": [3, 9.5, 7.80109],
			"to": [7, 10, 8.19891],
			"rotation": {"angle": -22.5, "axis": "x", "origin": [5, 9, 8]},
			"faces": {
				"north": {"uv": [8.5, 0.5, 10.5, 1], "texture": "#0"},
				"east": {"uv": [4.5, 9, 5, 9.5], "texture": "#0"},
				"south": {"uv": [8.5, 0, 10.5, 0.5], "texture": "#0"},
				"west": {"uv": [4, 9, 4.5, 9.5], "texture": "#0"},
				"up": {"uv": [10.5, 1.5, 8.5, 1], "rotation": 180, "texture": "#0"},
				"down": {"uv": [10.5, 1.5, 8.5, 2], "rotation": 180, "texture": "#0"}
			}
		}
	],
	"gui_light": "front",
	"display": {
		"thirdperson_righthand": {
			"scale": [0.5, 0.5, 0.5]
		},
		"thirdperson_lefthand": {
			"scale": [0.5, 0.5, 0.5]
		},
		"firstperson_righthand": {
			"translation": [0, 1, 0],
			"scale": [0.6, 0.6, 0.6]
		},
		"firstperson_lefthand": {
			"translation": [0, 1, 0],
			"scale": [0.6, 0.6, 0.6]
		},
		"gui": {
			"translation": [0, -1, 0],
			"scale": [1.17774, 1.04, 1.04]
		}
	},
	"groups": [
		0,
		{
			"name": "hexadecagon",
			"origin": [8, 8, 8],
			"color": 0,
			"children": [1, 2, 3, 4, 5, 6, 7, 8, 9, 10, 11, 12, 13, 14, 15, 16]
		}
	]
}