{
	"credit": "Made with Blockbench",
	"textures": {
		"0": "item/attachments/bipod",
		"particle": "item/attachments/bipod"
	},
	"elements": [
		{
			"from": [5, 0, 6.875],
			"to": [7, 0.5, 8.125],
			"rotation": {"angle": 0, "axis": "z", "origin": [6, 0.25, 7.5]},
			"faces": {
				"north": {"uv": [2, 6, 4, 7], "texture": "#0"},
				"east": {"uv": [2, 9, 3, 10], "texture": "#0"},
				"south": {"uv": [6, 2, 8, 3], "texture": "#0"},
				"west": {"uv": [3, 9, 4, 10], "texture": "#0"},
				"up": {"uv": [8, 4, 6, 3], "texture": "#0"},
				"down": {"uv": [6, 6, 4, 7], "texture": "#0"}
			}
		},
		{
			"from": [5.5, 0.25, 7],
			"to": [6.5, 5.25, 8],
			"rotation": {"angle": -22.5, "axis": "z", "origin": [6, 0.5, 7.5]},
			"faces": {
				"north": {"uv": [0, 0, 1, 5], "texture": "#0"},
				"east": {"uv": [1, 0, 2, 5], "texture": "#0"},
				"south": {"uv": [2, 0, 3, 5], "texture": "#0"},
				"west": {"uv": [3, 0, 4, 5], "texture": "#0"},
				"up": {"uv": [5, 10, 4, 9], "texture": "#0"},
				"down": {"uv": [6, 9, 5, 10], "texture": "#0"}
			}
		},
		{
			"from": [9, 0, 6.875],
			"to": [11, 0.5, 8.125],
			"rotation": {"angle": 0, "axis": "z", "origin": [10, 0.25, 7.5]},
			"faces": {
				"north": {"uv": [4, 7, 6, 8], "texture": "#0"},
				"east": {"uv": [9, 7, 10, 8], "texture": "#0"},
				"south": {"uv": [6, 7, 8, 8], "texture": "#0"},
				"west": {"uv": [8, 9, 9, 10], "texture": "#0"},
				"up": {"uv": [10, 1, 8, 0], "texture": "#0"},
				"down": {"uv": [10, 1, 8, 2], "texture": "#0"}
			}
		},
		{
			"from": [9.5, 0.25, 7],
			"to": [10.5, 5.25, 8],
			"rotation": {"angle": 22.5, "axis": "z", "origin": [10, 0.5, 7.5]},
			"faces": {
				"north": {"uv": [4, 0, 5, 5], "texture": "#0"},
				"east": {"uv": [0, 5, 1, 10], "texture": "#0"},
				"south": {"uv": [5, 0, 6, 5], "texture": "#0"},
				"west": {"uv": [1, 5, 2, 10], "texture": "#0"},
				"up": {"uv": [10, 9, 9, 8], "texture": "#0"},
				"down": {"uv": [10, 9, 9, 10], "texture": "#0"}
			}
		},
		{
			"from": [6.875, 4.5, 6.8125],
			"to": [9.1875, 5.25, 8.1875],
			"faces": {
				"north": {"uv": [2, 8, 4, 9], "texture": "#0"},
				"east": {"uv": [0, 10, 1, 11], "texture": "#0"},
				"south": {"uv": [8, 2, 10, 3], "texture": "#0"},
				"west": {"uv": [10, 0, 11, 1], "texture": "#0"},
				"up": {"uv": [10, 4, 8, 3], "texture": "#0"},
				"down": {"uv": [6, 8, 4, 9], "texture": "#0"}
			}
		},
		{
			"from": [7.1875, 5.1875, 6.9375],
			"to": [8.875, 5.4375, 8.0625],
			"faces": {
				"north": {"uv": [8, 4, 10, 5], "texture": "#0"},
				"east": {"uv": [1, 10, 2, 11], "texture": "#0"},
				"south": {"uv": [8, 5, 10, 6], "texture": "#0"},
				"west": {"uv": [10, 1, 11, 2], "texture": "#0"},
				"up": {"uv": [8, 9, 6, 8], "texture": "#0"},
				"down": {"uv": [10, 6, 8, 7], "texture": "#0"}
			}
		},
		{
			"name": "hexadecagon",
			"from": [7.75, 5.0625, 7.45027],
			"to": [7.95, 6.0625, 7.54973],
			"rotation": {"angle": 45, "axis": "y", "origin": [8, 5.5625, 7.5]},
			"faces": {
				"north": {"uv": [2, 10, 3, 11], "texture": "#0"},
				"east": {"uv": [10, 2, 11, 3], "texture": "#0"},
				"south": {"uv": [3, 10, 4, 11], "texture": "#0"},
				"west": {"uv": [10, 3, 11, 4], "texture": "#0"},
				"up": {"uv": [5, 11, 4, 10], "texture": "#0"},
				"down": {"uv": [11, 4, 10, 5], "texture": "#0"}
			}
		},
		{
			"name": "hexadecagon",
			"from": [7.75, 5.0625, 7.45027],
			"to": [7.95, 6.0625, 7.54973],
			"rotation": {"angle": 22.5, "axis": "y", "origin": [8, 5.5625, 7.5]},
			"faces": {
				"north": {"uv": [5, 10, 6, 11], "texture": "#0"},
				"east": {"uv": [10, 5, 11, 6], "texture": "#0"},
				"south": {"uv": [6, 10, 7, 11], "texture": "#0"},
				"west": {"uv": [10, 6, 11, 7], "texture": "#0"},
				"up": {"uv": [8, 11, 7, 10], "texture": "#0"},
				"down": {"uv": [11, 7, 10, 8], "texture": "#0"}
			}
		},
		{
			"name": "hexadecagon",
			"from": [7.75, 5.0625, 7.45027],
			"to": [7.95, 6.0625, 7.54973],
			"rotation": {"angle": 0, "axis": "x", "origin": [8, 5.5625, 7.5]},
			"faces": {
				"north": {"uv": [8, 10, 9, 11], "texture": "#0"},
				"east": {"uv": [10, 8, 11, 9], "texture": "#0"},
				"south": {"uv": [9, 10, 10, 11], "texture": "#0"},
				"west": {"uv": [10, 9, 11, 10], "texture": "#0"},
				"up": {"uv": [11, 11, 10, 10], "texture": "#0"},
				"down": {"uv": [1, 11, 0, 12], "texture": "#0"}
			}
		},
		{
			"name": "hexadecagon",
			"from": [7.75, 5.0625, 7.45027],
			"to": [7.95, 6.0625, 7.54973],
			"rotation": {"angle": -22.5, "axis": "y", "origin": [8, 5.5625, 7.5]},
			"faces": {
				"north": {"uv": [11, 0, 12, 1], "texture": "#0"},
				"east": {"uv": [1, 11, 2, 12], "texture": "#0"},
				"south": {"uv": [11, 1, 12, 2], "texture": "#0"},
				"west": {"uv": [2, 11, 3, 12], "texture": "#0"},
				"up": {"uv": [12, 3, 11, 2], "texture": "#0"},
				"down": {"uv": [4, 11, 3, 12], "texture": "#0"}
			}
		},
		{
			"name": "hexadecagon",
			"from": [7.75, 5.0625, 7.45027],
			"to": [7.95, 6.0625, 7.54973],
			"rotation": {"angle": -45, "axis": "y", "origin": [8, 5.5625, 7.5]},
			"faces": {
				"north": {"uv": [11, 3, 12, 4], "texture": "#0"},
				"east": {"uv": [4, 11, 5, 12], "texture": "#0"},
				"south": {"uv": [11, 4, 12, 5], "texture": "#0"},
				"west": {"uv": [5, 11, 6, 12], "texture": "#0"},
				"up": {"uv": [12, 6, 11, 5], "texture": "#0"},
				"down": {"uv": [7, 11, 6, 12], "texture": "#0"}
			}
		},
		{
			"name": "hexadecagon",
			"from": [8.05, 5.0625, 7.45027],
			"to": [8.25, 6.0625, 7.54973],
			"rotation": {"angle": 45, "axis": "y", "origin": [8, 5.5625, 7.5]},
			"faces": {
				"north": {"uv": [11, 6, 12, 7], "texture": "#0"},
				"east": {"uv": [7, 11, 8, 12], "texture": "#0"},
				"south": {"uv": [11, 7, 12, 8], "texture": "#0"},
				"west": {"uv": [8, 11, 9, 12], "texture": "#0"},
				"up": {"uv": [12, 9, 11, 8], "texture": "#0"},
				"down": {"uv": [10, 11, 9, 12], "texture": "#0"}
			}
		},
		{
			"name": "hexadecagon",
			"from": [8.05, 5.0625, 7.45027],
			"to": [8.25, 6.0625, 7.54973],
			"rotation": {"angle": 22.5, "axis": "y", "origin": [8, 5.5625, 7.5]},
			"faces": {
				"north": {"uv": [11, 9, 12, 10], "texture": "#0"},
				"east": {"uv": [10, 11, 11, 12], "texture": "#0"},
				"south": {"uv": [11, 10, 12, 11], "texture": "#0"},
				"west": {"uv": [11, 11, 12, 12], "texture": "#0"},
				"up": {"uv": [1, 13, 0, 12], "texture": "#0"},
				"down": {"uv": [13, 0, 12, 1], "texture": "#0"}
			}
		},
		{
			"name": "hexadecagon",
			"from": [8.05, 5.0625, 7.45027],
			"to": [8.25, 6.0625, 7.54973],
			"rotation": {"angle": 0, "axis": "x", "origin": [8, 5.5625, 7.5]},
			"faces": {
				"north": {"uv": [1, 12, 2, 13], "texture": "#0"},
				"east": {"uv": [12, 1, 13, 2], "texture": "#0"},
				"south": {"uv": [2, 12, 3, 13], "texture": "#0"},
				"west": {"uv": [12, 2, 13, 3], "texture": "#0"},
				"up": {"uv": [4, 13, 3, 12], "texture": "#0"},
				"down": {"uv": [13, 3, 12, 4], "texture": "#0"}
			}
		},
		{
			"name": "hexadecagon",
			"from": [8.05, 5.0625, 7.45027],
			"to": [8.25, 6.0625, 7.54973],
			"rotation": {"angle": -22.5, "axis": "y", "origin": [8, 5.5625, 7.5]},
			"faces": {
				"north": {"uv": [4, 12, 5, 13], "texture": "#0"},
				"east": {"uv": [12, 4, 13, 5], "texture": "#0"},
				"south": {"uv": [5, 12, 6, 13], "texture": "#0"},
				"west": {"uv": [12, 5, 13, 6], "texture": "#0"},
				"up": {"uv": [7, 13, 6, 12], "texture": "#0"},
				"down": {"uv": [13, 6, 12, 7], "texture": "#0"}
			}
		},
		{
			"name": "hexadecagon",
			"from": [8.05, 5.0625, 7.45027],
			"to": [8.25, 6.0625, 7.54973],
			"rotation": {"angle": -45, "axis": "y", "origin": [8, 5.5625, 7.5]},
			"faces": {
				"north": {"uv": [7, 12, 8, 13], "texture": "#0"},
				"east": {"uv": [12, 7, 13, 8], "texture": "#0"},
				"south": {"uv": [8, 12, 9, 13], "texture": "#0"},
				"west": {"uv": [12, 8, 13, 9], "texture": "#0"},
				"up": {"uv": [10, 13, 9, 12], "texture": "#0"},
				"down": {"uv": [13, 9, 12, 10], "texture": "#0"}
			}
		},
		{
			"name": "hexadecagon",
			"from": [7.95027, 5.0625, 7.55],
			"to": [8.04973, 6.0625, 7.75],
			"rotation": {"angle": 22.5, "axis": "y", "origin": [8, 5.5625, 7.5]},
			"faces": {
				"north": {"uv": [10, 12, 11, 13], "texture": "#0"},
				"east": {"uv": [12, 10, 13, 11], "texture": "#0"},
				"south": {"uv": [11, 12, 12, 13], "texture": "#0"},
				"west": {"uv": [12, 11, 13, 12], "texture": "#0"},
				"up": {"uv": [13, 13, 12, 12], "texture": "#0"},
				"down": {"uv": [1, 13, 0, 14], "texture": "#0"}
			}
		},
		{
			"name": "hexadecagon",
			"from": [7.95027, 5.0625, 7.55],
			"to": [8.04973, 6.0625, 7.75],
			"rotation": {"angle": 0, "axis": "x", "origin": [8, 5.5625, 7.5]},
			"faces": {
				"north": {"uv": [13, 0, 14, 1], "texture": "#0"},
				"east": {"uv": [1, 13, 2, 14], "texture": "#0"},
				"south": {"uv": [13, 1, 14, 2], "texture": "#0"},
				"west": {"uv": [2, 13, 3, 14], "texture": "#0"},
				"up": {"uv": [14, 3, 13, 2], "texture": "#0"},
				"down": {"uv": [4, 13, 3, 14], "texture": "#0"}
			}
		},
		{
			"name": "hexadecagon",
			"from": [7.95027, 5.0625, 7.55],
			"to": [8.04973, 6.0625, 7.75],
			"rotation": {"angle": -22.5, "axis": "y", "origin": [8, 5.5625, 7.5]},
			"faces": {
				"north": {"uv": [13, 3, 14, 4], "texture": "#0"},
				"east": {"uv": [4, 13, 5, 14], "texture": "#0"},
				"south": {"uv": [13, 4, 14, 5], "texture": "#0"},
				"west": {"uv": [5, 13, 6, 14], "texture": "#0"},
				"up": {"uv": [14, 6, 13, 5], "texture": "#0"},
				"down": {"uv": [7, 13, 6, 14], "texture": "#0"}
			}
		},
		{
			"name": "hexadecagon",
			"from": [7.95027, 5.0625, 7.25],
			"to": [8.04973, 6.0625, 7.45],
			"rotation": {"angle": 22.5, "axis": "y", "origin": [8, 5.5625, 7.5]},
			"faces": {
				"north": {"uv": [13, 6, 14, 7], "texture": "#0"},
				"east": {"uv": [7, 13, 8, 14], "texture": "#0"},
				"south": {"uv": [13, 7, 14, 8], "texture": "#0"},
				"west": {"uv": [8, 13, 9, 14], "texture": "#0"},
				"up": {"uv": [14, 9, 13, 8], "texture": "#0"},
				"down": {"uv": [10, 13, 9, 14], "texture": "#0"}
			}
		},
		{
			"name": "hexadecagon",
			"from": [7.95027, 5.0625, 7.25],
			"to": [8.04973, 6.0625, 7.45],
			"rotation": {"angle": 0, "axis": "x", "origin": [8, 5.5625, 7.5]},
			"faces": {
				"north": {"uv": [13, 9, 14, 10], "texture": "#0"},
				"east": {"uv": [10, 13, 11, 14], "texture": "#0"},
				"south": {"uv": [13, 10, 14, 11], "texture": "#0"},
				"west": {"uv": [11, 13, 12, 14], "texture": "#0"},
				"up": {"uv": [14, 12, 13, 11], "texture": "#0"},
				"down": {"uv": [13, 13, 12, 14], "texture": "#0"}
			}
		},
		{
			"name": "hexadecagon",
			"from": [7.95027, 5.0625, 7.25],
			"to": [8.04973, 6.0625, 7.45],
			"rotation": {"angle": -22.5, "axis": "y", "origin": [8, 5.5625, 7.5]},
			"faces": {
				"north": {"uv": [13, 12, 14, 13], "texture": "#0"},
				"east": {"uv": [13, 13, 14, 14], "texture": "#0"},
				"south": {"uv": [0, 14, 1, 15], "texture": "#0"},
				"west": {"uv": [14, 0, 15, 1], "texture": "#0"},
				"up": {"uv": [2, 15, 1, 14], "texture": "#0"},
				"down": {"uv": [15, 1, 14, 2], "texture": "#0"}
			}
		}
	],
	"gui_light": "front",
	"display": {
		"thirdperson_righthand": {
			"translation": [0.25, 4.5, 1.5],
			"scale": [0.6, 0.6, 0.6]
		},
		"thirdperson_lefthand": {
			"translation": [0, 4.75, 0.75],
			"scale": [0.6, 0.6, 0.6]
		},
		"firstperson_righthand": {
			"translation": [1.5, 5.75, 0],
			"scale": [0.9, 0.9, 0.9]
		},
		"firstperson_lefthand": {
			"translation": [3.75, 6.25, 0],
			"scale": [0.9, 0.9, 0.9]
		},
		"ground": {
			"translation": [0, 4, 0]
		},
		"gui": {
			"translation": [0, 7.25, -4],
			"scale": [1.5, 1.5, 1.5]
		},
		"head": {
			"translation": [0, 14.25, 0]
		},
		"fixed": {
			"translation": [0, 2.5, 0]
		}
	},
	"groups": [
		{
			"name": "bipod",
			"origin": [0, 0, 0],
			"color": 0,
			"children": [
				{
					"name": "foot",
					"origin": [0, 0, 0],
					"color": 0,
					"children": []
				},
				{
					"name": "foot",
					"origin": [0, 0, 0],
					"color": 0,
					"children": [0]
				},
				{
					"name": "arm",
					"origin": [0, 0, 0],
					"color": 0,
					"children": [1]
				}
			]
		},
		{
			"name": "bipod",
			"origin": [0, 0, 0],
			"color": 0,
			"children": [
				{
					"name": "foot",
					"origin": [0, 0, 0],
					"color": 0,
					"children": []
				},
				{
					"name": "foot",
					"origin": [0, 0, 0],
					"color": 0,
					"children": [2]
				},
				{
					"name": "arm",
					"origin": [0, 0, 0],
					"color": 0,
					"children": [3]
				}
			]
		},
		{
			"name": "butthole cancer",
			"origin": [8, 8, 8],
			"color": 0,
			"children": [4, 5]
		},
		{
			"name": "hexadecagon",
			"origin": [8, 8, 8],
			"color": 0,
			"children": [6, 7, 8, 9, 10, 11, 12, 13, 14, 15, 16, 17, 18, 19, 20, 21]
		}
	]
}