{
	"credit": "Made with Blockbench",
	"texture_size": [64, 64],
	"textures": {
		"0": "item/misc/gui/recycler/recycler_on",
		"particle": "item/misc/gui/recycler/recycler_on"
	},
	"elements": [
		{
			"from": [-2, 0, 8],
			"to": [32, 16, 8],
			"rotation": {"angle": 0, "axis": "y", "origin": [0, 0, 8]},
			"faces": {
				"north": {"uv": [0, 0, 8.5, 4], "texture": "#0"},
				"east": {"uv": [0, 0, 0, 4], "texture": "#0"},
				"south": {"uv": [0, 4, 8.5, 8], "texture": "#0"},
				"west": {"uv": [0, 0, 0, 4], "texture": "#0"},
				"up": {"uv": [8.5, 0, 0, 0], "texture": "#0"},
				"down": {"uv": [8.5, 0, 0, 0], "texture": "#0"}
			}
		}
	],
	"gui_light": "front",
	"display": {
		"gui": {
			"translation": [2, 0, 0]
		}
	}
}