{
	"credit": "Made with Blockbench",
	"textures": {
		"texture": "item/guns/ar/ak12/black",
		"texture1": "item/guns/ar/ak12/gray3",
		"texture2": "item/guns/ar/ak12/gray2"
	},
	"elements": [
		{
			"from": [7.5, 5, 13],
			"to": [8.5, 6, 14.5],
			"faces": {
				"north": {"uv": [7.5, 8, 8.5, 9], "texture": "#texture"},
				"east": {"uv": [1.5, 8, 3, 9], "texture": "#texture"},
				"south": {"uv": [7.5, 8, 8.5, 9], "texture": "#texture"},
				"west": {"uv": [13, 8, 14.5, 9], "texture": "#texture"},
				"up": {"uv": [7.5, 13, 8.5, 14.5], "texture": "#texture"},
				"down": {"uv": [8.5, 14.5, 7.5, 13], "texture": "#texture"}
			}
		},
		{
			"from": [7.5, 5.75, 14.5],
			"to": [8.5, 6, 15.5],
			"faces": {
				"north": {"uv": [7.5, 8, 8.5, 8.25], "texture": "#texture"},
				"east": {"uv": [0.5, 8, 1.5, 8.25], "texture": "#texture"},
				"south": {"uv": [7.5, 8, 8.5, 8.25], "texture": "#texture"},
				"west": {"uv": [14.5, 8, 15.5, 8.25], "texture": "#texture"},
				"up": {"uv": [7.5, 14.5, 8.5, 15.5], "texture": "#texture"},
				"down": {"uv": [8.5, 15.5, 7.5, 14.5], "texture": "#texture"}
			}
		},
		{
			"from": [7.5625, 1.75, 13],
			"to": [8.4375, 5, 14.5],
			"rotation": {"angle": -22.5, "axis": "x", "origin": [7.5625, 5, 13]},
			"faces": {
				"north": {"uv": [7.5625, 9, 8.4375, 12.25], "texture": "#texture"},
				"east": {"uv": [1.5, 9, 3, 12.25], "texture": "#texture"},
				"south": {"uv": [7.5625, 9, 8.4375, 12.25], "texture": "#texture"},
				"west": {"uv": [13, 9, 14.5, 12.25], "texture": "#texture"},
				"up": {"uv": [7.5625, 13, 8.4375, 14.5], "texture": "#texture"},
				"down": {"uv": [8.4375, 14.5, 7.5625, 13], "texture": "#texture"}
			}
		},
		{
			"from": [7.5, 2.0625, 13.6875],
			"to": [8.5, 5.3125, 14.4375],
			"rotation": {"angle": -22.5, "axis": "x", "origin": [7.50005, 5.3125, 13.6875]},
			"faces": {
				"north": {"uv": [7.5, 8.6875, 8.5, 11.9375], "texture": "#texture"},
				"east": {"uv": [1.5625, 8.6875, 2.3125, 11.9375], "texture": "#texture"},
				"south": {"uv": [7.5, 8.6875, 8.5, 11.9375], "texture": "#texture"},
				"west": {"uv": [13.6875, 8.6875, 14.4375, 11.9375], "texture": "#texture"},
				"up": {"uv": [7.5, 13.6875, 8.5, 14.4375], "texture": "#texture"},
				"down": {"uv": [8.5, 14.4375, 7.5, 13.6875], "texture": "#texture"}
			}
		},
		{
			"from": [7.5, 4.75, 13],
			"to": [8.5, 5.125, 14.25],
			"faces": {
				"north": {"uv": [7.5, 8.875, 8.5, 9.25], "texture": "#texture"},
				"east": {"uv": [1.75, 8.875, 3, 9.25], "texture": "#texture"},
				"south": {"uv": [7.5, 8.875, 8.5, 9.25], "texture": "#texture"},
				"west": {"uv": [13, 8.875, 14.25, 9.25], "texture": "#texture"},
				"up": {"uv": [7.5, 13, 8.5, 14.25], "texture": "#texture"},
				"down": {"uv": [8.5, 14.25, 7.5, 13], "texture": "#texture"}
			}
		},
		{
			"from": [7.5, 3.75, 13.25],
			"to": [8.5, 4.125, 14.5],
			"rotation": {"angle": -22.5, "axis": "x", "origin": [7.5, 4.125, 13.25]},
			"faces": {
				"north": {"uv": [7.5, 9.875, 8.5, 10.25], "texture": "#texture"},
				"east": {"uv": [1.5, 9.875, 2.75, 10.25], "texture": "#texture"},
				"south": {"uv": [7.5, 9.875, 8.5, 10.25], "texture": "#texture"},
				"west": {"uv": [13.25, 9.875, 14.5, 10.25], "texture": "#texture"},
				"up": {"uv": [7.5, 13.25, 8.5, 14.5], "texture": "#texture"},
				"down": {"uv": [8.5, 14.5, 7.5, 13.25], "texture": "#texture"}
			}
		},
		{
			"from": [7.5, 2.875, 13.625],
			"to": [8.5, 3.25, 14.875],
			"rotation": {"angle": -22.5, "axis": "x", "origin": [7.5, 3.25, 13.625]},
			"faces": {
				"north": {"uv": [7.5, 10.75, 8.5, 11.125], "texture": "#texture"},
				"east": {"uv": [1.125, 10.75, 2.375, 11.125], "texture": "#texture"},
				"south": {"uv": [7.5, 10.75, 8.5, 11.125], "texture": "#texture"},
				"west": {"uv": [13.625, 10.75, 14.875, 11.125], "texture": "#texture"},
				"up": {"uv": [7.5, 13.625, 8.5, 14.875], "texture": "#texture"},
				"down": {"uv": [8.5, 14.875, 7.5, 13.625], "texture": "#texture"}
			}
		},
		{
			"from": [7.5, 1.9375, 14],
			"to": [8.5, 2.3125, 15.25],
			"rotation": {"angle": -22.5, "axis": "x", "origin": [7.5, 2.3125, 14]},
			"faces": {
				"north": {"uv": [7.5, 11.6875, 8.5, 12.0625], "texture": "#texture"},
				"east": {"uv": [0.75, 11.6875, 2, 12.0625], "texture": "#texture"},
				"south": {"uv": [7.5, 11.6875, 8.5, 12.0625], "texture": "#texture"},
				"west": {"uv": [14, 11.6875, 15.25, 12.0625], "texture": "#texture"},
				"up": {"uv": [7.5, 14, 8.5, 15.25], "texture": "#texture"},
				"down": {"uv": [8.5, 15.25, 7.5, 14], "texture": "#texture"}
			}
		},
		{
			"from": [7.5, 5.5, 14.25],
			"to": [8.5, 6, 15.125],
			"rotation": {"angle": -22.5, "axis": "x", "origin": [7.50005, 6, 14.25]},
			"faces": {
				"north": {"uv": [7.5, 8, 8.5, 8.5], "texture": "#texture"},
				"east": {"uv": [0.875, 8, 1.75, 8.5], "texture": "#texture"},
				"south": {"uv": [7.5, 8, 8.5, 8.5], "texture": "#texture"},
				"west": {"uv": [14.25, 8, 15.125, 8.5], "texture": "#texture"},
				"up": {"uv": [7.5, 14.25, 8.5, 15.125], "texture": "#texture"},
				"down": {"uv": [8.5, 15.125, 7.5, 14.25], "texture": "#texture"}
			}
		},
		{
			"from": [7.5, 4.75, 12.875],
			"to": [8.5, 6, 13],
			"faces": {
				"north": {"uv": [7.5, 8, 8.5, 9.25], "texture": "#texture1"},
				"east": {"uv": [3, 8, 3.125, 9.25], "texture": "#texture1"},
				"south": {"uv": [7.5, 8, 8.5, 9.25], "texture": "#texture1"},
				"west": {"uv": [12.875, 8, 13, 9.25], "texture": "#texture1"},
				"up": {"uv": [7.5, 12.875, 8.5, 13], "texture": "#texture1"},
				"down": {"uv": [8.5, 13, 7.5, 12.875], "texture": "#texture1"}
			}
		},
		{
			"from": [7.5, 4.75, 11],
			"to": [8.5, 6, 11.125],
			"faces": {
				"north": {"uv": [7.5, 8, 8.5, 9.25], "texture": "#texture1"},
				"east": {"uv": [4.875, 8, 5, 9.25], "texture": "#texture1"},
				"south": {"uv": [7.5, 8, 8.5, 9.25], "texture": "#texture1"},
				"west": {"uv": [11, 8, 11.125, 9.25], "texture": "#texture1"},
				"up": {"uv": [7.5, 11, 8.5, 11.125], "texture": "#texture1"},
				"down": {"uv": [8.5, 11.125, 7.5, 11], "texture": "#texture1"}
			}
		},
		{
			"from": [7.5, 4.625, 11.125],
			"to": [8.5, 4.75, 12.875],
			"faces": {
				"north": {"uv": [7.5, 9.25, 8.5, 9.375], "texture": "#texture1"},
				"east": {"uv": [3.125, 9.25, 4.875, 9.375], "texture": "#texture1"},
				"south": {"uv": [7.5, 9.25, 8.5, 9.375], "texture": "#texture1"},
				"west": {"uv": [11.125, 9.25, 12.875, 9.375], "texture": "#texture1"},
				"up": {"uv": [7.5, 11.125, 8.5, 12.875], "texture": "#texture1"},
				"down": {"uv": [8.5, 12.875, 7.5, 11.125], "texture": "#texture1"}
			}
		},
		{
			"from": [7.5, 4.5625, 11],
			"to": [8.5, 4.75, 11.125],
			"rotation": {"angle": -45, "axis": "x", "origin": [7.50005, 4.75, 11]},
			"faces": {
				"north": {"uv": [7.5, 9.25, 8.5, 9.4375], "texture": "#texture1"},
				"east": {"uv": [4.875, 9.25, 5, 9.4375], "texture": "#texture1"},
				"south": {"uv": [7.5, 9.25, 8.5, 9.4375], "texture": "#texture1"},
				"west": {"uv": [11, 9.25, 11.125, 9.4375], "texture": "#texture1"},
				"up": {"uv": [7.5, 11, 8.5, 11.125], "texture": "#texture1"},
				"down": {"uv": [8.5, 11.125, 7.5, 11], "texture": "#texture1"}
			}
		},
		{
			"from": [7.5, 4.645, 12.895],
			"to": [8.5, 4.8325, 13.02],
			"rotation": {"angle": 45, "axis": "x", "origin": [7.50005, 4.8325, 12.895]},
			"faces": {
				"north": {"uv": [7.5, 9.25, 8.5, 9.4375], "texture": "#texture1"},
				"east": {"uv": [4.875, 9.25, 5, 9.4375], "texture": "#texture1"},
				"south": {"uv": [7.5, 9.25, 8.5, 9.4375], "texture": "#texture1"},
				"west": {"uv": [11, 9.25, 11.125, 9.4375], "texture": "#texture1"},
				"up": {"uv": [7.5, 11, 8.5, 11.125], "texture": "#texture1"},
				"down": {"uv": [8.5, 11.125, 7.5, 11], "texture": "#texture1"}
			}
		},
		{
			"from": [7.75, 5.375, 12.25],
			"to": [8.25, 6, 12.375],
			"faces": {
				"north": {"uv": [7.75, 8, 8.25, 8.625], "texture": "#texture1"},
				"east": {"uv": [3.625, 8, 3.75, 8.625], "texture": "#texture1"},
				"south": {"uv": [7.75, 8, 8.25, 8.625], "texture": "#texture1"},
				"west": {"uv": [12.25, 8, 12.375, 8.625], "texture": "#texture1"},
				"up": {"uv": [7.75, 12.25, 8.25, 12.375], "texture": "#texture1"},
				"down": {"uv": [8.25, 12.375, 7.75, 12.25], "texture": "#texture1"}
			}
		},
		{
			"from": [7.75, 4.9375, 12.25],
			"to": [8.25, 5.4375, 12.375],
			"rotation": {"angle": 22.5, "axis": "x", "origin": [7.75005, 5.4375, 12.25]},
			"faces": {
				"north": {"uv": [7.75, 8.5625, 8.25, 9.0625], "texture": "#texture1"},
				"east": {"uv": [3.625, 8.5625, 3.75, 9.0625], "texture": "#texture1"},
				"south": {"uv": [7.75, 8.5625, 8.25, 9.0625], "texture": "#texture1"},
				"west": {"uv": [12.25, 8.5625, 12.375, 9.0625], "texture": "#texture1"},
				"up": {"uv": [7.75, 12.25, 8.25, 12.375], "texture": "#texture1"},
				"down": {"uv": [8.25, 12.375, 7.75, 12.25], "texture": "#texture1"}
			}
		},
		{
			"from": [7.5, 4.875, 10.625],
			"to": [8.5, 6, 11],
			"faces": {
				"north": {"uv": [7.5, 8, 8.5, 9.125], "texture": "#texture1"},
				"east": {"uv": [5, 8, 5.375, 9.125], "texture": "#texture1"},
				"south": {"uv": [7.5, 8, 8.5, 9.125], "texture": "#texture1"},
				"west": {"uv": [10.625, 8, 11, 9.125], "texture": "#texture1"},
				"up": {"uv": [7.5, 10.625, 8.5, 11], "texture": "#texture1"},
				"down": {"uv": [8.5, 11, 7.5, 10.625], "texture": "#texture1"}
			}
		},
		{
			"from": [7.75, 4.25, 10.75],
			"to": [8.25, 4.875, 10.875],
			"rotation": {"angle": -22.5, "axis": "x", "origin": [7.75, 4.875, 10.75]},
			"faces": {
				"north": {"uv": [7.75, 9.125, 8.25, 9.75], "texture": "#texture1"},
				"east": {"uv": [5.125, 9.125, 5.25, 9.75], "texture": "#texture1"},
				"south": {"uv": [7.75, 9.125, 8.25, 9.75], "texture": "#texture1"},
				"west": {"uv": [10.75, 9.125, 10.875, 9.75], "texture": "#texture1"},
				"up": {"uv": [7.75, 10.75, 8.25, 10.875], "texture": "#texture1"},
				"down": {"uv": [8.25, 10.875, 7.75, 10.75], "texture": "#texture1"}
			}
		},
		{
			"from": [7.25, 6, 6],
			"to": [8.75, 7.5, 15.5],
			"faces": {
				"north": {"uv": [7.25, 6.5, 8.75, 8], "texture": "#texture1"},
				"east": {"uv": [0.5, 6.5, 10, 8], "texture": "#texture1"},
				"south": {"uv": [7.25, 6.5, 8.75, 8], "texture": "#texture1"},
				"west": {"uv": [6, 6.5, 15.5, 8], "texture": "#texture1"},
				"up": {"uv": [7.25, 6, 8.75, 15.5], "texture": "#texture1"},
				"down": {"uv": [8.75, 15.5, 7.25, 6], "texture": "#texture1"}
			}
		},
		{
			"from": [7.5, 3.625, 7.875],
			"to": [8.5, 6, 10.625],
			"faces": {
				"north": {"uv": [7.5, 8, 8.5, 10.375], "texture": "#texture"},
				"east": {"uv": [5.375, 8, 8.125, 10.375], "texture": "#texture"},
				"south": {"uv": [7.5, 8, 8.5, 10.375], "texture": "#texture"},
				"west": {"uv": [7.875, 8, 10.625, 10.375], "texture": "#texture"},
				"up": {"uv": [7.5, 7.875, 8.5, 10.625], "texture": "#texture"},
				"down": {"uv": [8.5, 10.625, 7.5, 7.875], "texture": "#texture"}
			}
		},
		{
			"from": [7.5, 8.375, 6],
			"to": [8.5, 8.75, 14.9375],
			"faces": {
				"north": {"uv": [7.5, 5.25, 8.5, 5.625], "texture": "#texture1"},
				"east": {"uv": [1.0625, 5.25, 10, 5.625], "texture": "#texture1"},
				"south": {"uv": [7.5, 5.25, 8.5, 5.625], "texture": "#texture1"},
				"west": {"uv": [6, 5.25, 14.9375, 5.625], "texture": "#texture1"},
				"up": {"uv": [7.5, 6, 8.5, 14.9375], "texture": "#texture1"},
				"down": {"uv": [8.5, 14.9375, 7.5, 6], "texture": "#texture1"}
			}
		},
		{
			"from": [7.375, 7.3125, 9.375],
			"to": [8.625, 8.125, 15.1875],
			"faces": {
				"north": {"uv": [7.375, 5.875, 8.625, 6.6875], "texture": "#texture1"},
				"east": {"uv": [0.8125, 5.875, 6.625, 6.6875], "texture": "#texture1"},
				"south": {"uv": [7.375, 5.875, 8.625, 6.6875], "texture": "#texture1"},
				"west": {"uv": [9.375, 5.875, 15.1875, 6.6875], "texture": "#texture1"},
				"up": {"uv": [7.375, 9.375, 8.625, 15.1875], "texture": "#texture1"},
				"down": {"uv": [8.625, 15.1875, 7.375, 9.375], "texture": "#texture1"}
			}
		},
		{
			"from": [7.5, 8.125, 9.125],
			"to": [8.5, 8.375, 15],
			"faces": {
				"north": {"uv": [7.5, 5.625, 8.5, 5.875], "texture": "#texture1"},
				"east": {"uv": [1, 5.625, 6.875, 5.875], "texture": "#texture1"},
				"south": {"uv": [7.5, 5.625, 8.5, 5.875], "texture": "#texture1"},
				"west": {"uv": [9.125, 5.625, 15, 5.875], "texture": "#texture1"},
				"up": {"uv": [7.5, 9.125, 8.5, 15], "texture": "#texture1"},
				"down": {"uv": [8.5, 15, 7.5, 9.125], "texture": "#texture1"}
			}
		},
		{
			"from": [7.5, 8.125, 6],
			"to": [8.375, 8.375, 9.125],
			"faces": {
				"north": {"uv": [7.625, 5.625, 8.5, 5.875], "texture": "#texture1"},
				"east": {"uv": [6.875, 5.625, 10, 5.875], "texture": "#texture1"},
				"south": {"uv": [7.5, 5.625, 8.375, 5.875], "texture": "#texture1"},
				"west": {"uv": [6, 5.625, 9.125, 5.875], "texture": "#texture1"},
				"up": {"uv": [7.5, 6, 8.375, 9.125], "texture": "#texture1"},
				"down": {"uv": [8.5, 9.125, 7.625, 6], "texture": "#texture1"}
			}
		},
		{
			"from": [7.375, 7.5, 6],
			"to": [8.375, 8.125, 9.375],
			"faces": {
				"north": {"uv": [7.625, 5.875, 8.625, 6.5], "texture": "#texture1"},
				"east": {"uv": [6.625, 5.875, 10, 6.5], "texture": "#texture1"},
				"south": {"uv": [7.375, 5.875, 8.375, 6.5], "texture": "#texture1"},
				"west": {"uv": [6, 5.875, 9.375, 6.5], "texture": "#texture1"},
				"up": {"uv": [7.375, 6, 8.375, 9.375], "texture": "#texture1"},
				"down": {"uv": [8.625, 9.375, 7.625, 6], "texture": "#texture1"}
			}
		},
		{
			"from": [7.5625, 8, 3.25],
			"to": [8.4375, 8.375, 9.375],
			"faces": {
				"north": {"uv": [7.5625, 5.625, 8.4375, 6], "texture": "#texture2"},
				"east": {"uv": [6.625, 5.625, 12.75, 6], "texture": "#texture2"},
				"south": {"uv": [7.5625, 5.625, 8.4375, 6], "texture": "#texture2"},
				"west": {"uv": [3.25, 5.625, 9.375, 6], "texture": "#texture2"},
				"up": {"uv": [7.5625, 3.25, 8.4375, 9.375], "texture": "#texture2"},
				"down": {"uv": [8.4375, 9.375, 7.5625, 3.25], "texture": "#texture2"}
			}
		},
		{
			"from": [8.1875, 7.4375, 6],
			"to": [8.5625, 8.0625, 9.375],
			"faces": {
				"north": {"uv": [7.4375, 5.9375, 7.8125, 6.5625], "texture": "#texture2"},
				"east": {"uv": [6.625, 5.9375, 10, 6.5625], "texture": "#texture2"},
				"south": {"uv": [8.1875, 5.9375, 8.5625, 6.5625], "texture": "#texture2"},
				"west": {"uv": [6, 5.9375, 9.375, 6.5625], "texture": "#texture2"},
				"up": {"uv": [8.1875, 6, 8.5625, 9.375], "texture": "#texture2"},
				"down": {"uv": [7.8125, 9.375, 7.4375, 6], "texture": "#texture2"}
			}
		},
		{
			"from": [7.5, 8.375, 2.875],
			"to": [8.5, 8.75, 6],
			"faces": {
				"north": {"uv": [7.5, 5.25, 8.5, 5.625], "texture": "#texture1"},
				"east": {"uv": [10, 5.25, 13.125, 5.625], "texture": "#texture1"},
				"south": {"uv": [7.5, 5.25, 8.5, 5.625], "texture": "#texture1"},
				"west": {"uv": [2.875, 5.25, 6, 5.625], "texture": "#texture1"},
				"up": {"uv": [7.5, 2.875, 8.5, 6], "texture": "#texture1"},
				"down": {"uv": [8.5, 6, 7.5, 2.875], "texture": "#texture1"}
			}
		},
		{
			"from": [7.375, 7.75, 2.875],
			"to": [8.625, 8.125, 6],
			"faces": {
				"north": {"uv": [7.375, 5.875, 8.625, 6.25], "texture": "#texture1"},
				"east": {"uv": [10, 5.875, 13.125, 6.25], "texture": "#texture1"},
				"south": {"uv": [7.375, 5.875, 8.625, 6.25], "texture": "#texture1"},
				"west": {"uv": [2.875, 5.875, 6, 6.25], "texture": "#texture1"},
				"up": {"uv": [7.375, 2.875, 8.625, 6], "texture": "#texture1"},
				"down": {"uv": [8.625, 6, 7.375, 2.875], "texture": "#texture1"}
			}
		},
		{
			"from": [7.5, 7.75, 0],
			"to": [8.5, 8.75, 2.875],
			"faces": {
				"north": {"uv": [7.5, 5.25, 8.5, 6.25], "texture": "#texture"},
				"east": {"uv": [13.125, 5.25, 16, 6.25], "texture": "#texture"},
				"south": {"uv": [7.5, 5.25, 8.5, 6.25], "texture": "#texture"},
				"west": {"uv": [0, 5.25, 2.875, 6.25], "texture": "#texture"},
				"up": {"uv": [7.5, 0, 8.5, 2.875], "texture": "#texture"},
				"down": {"uv": [8.5, 2.875, 7.5, 0], "texture": "#texture"}
			}
		},
		{
			"from": [7.5, 7.75, -1],
			"to": [8.5, 8.75, 0],
			"faces": {
				"north": {"uv": [7.5, 5.25, 8.5, 6.25], "texture": "#texture"},
				"east": {"uv": [0, 5.25, 1, 6.25], "texture": "#texture"},
				"south": {"uv": [7.5, 5.25, 8.5, 6.25], "texture": "#texture"},
				"west": {"uv": [15, 5.25, 16, 6.25], "texture": "#texture"},
				"up": {"uv": [7.5, 15, 8.5, 16], "texture": "#texture"},
				"down": {"uv": [7.5, 15, 8.5, 16], "texture": "#texture"}
			}
		},
		{
			"from": [7.5, 6.25, 0],
			"to": [8.5, 7.5, 6],
			"faces": {
				"north": {"uv": [7.5, 6.5, 8.5, 7.75], "texture": "#texture"},
				"east": {"uv": [10, 6.5, 16, 7.75], "texture": "#texture"},
				"south": {"uv": [7.5, 6.5, 8.5, 7.75], "texture": "#texture"},
				"west": {"uv": [0, 6.5, 6, 7.75], "texture": "#texture"},
				"up": {"uv": [7.5, 0, 8.5, 6], "texture": "#texture"},
				"down": {"uv": [8.5, 6, 7.5, 0], "texture": "#texture"}
			}
		},
		{
			"from": [7.5, 6.25, -1],
			"to": [8.5, 7.5, 0],
			"faces": {
				"north": {"uv": [7.5, 6.5, 8.5, 7.75], "texture": "#texture"},
				"east": {"uv": [0, 6.5, 1, 7.75], "texture": "#texture"},
				"south": {"uv": [7.5, 6.5, 8.5, 7.75], "texture": "#texture"},
				"west": {"uv": [15, 6.5, 16, 7.75], "texture": "#texture"},
				"up": {"uv": [7.5, 15, 8.5, 16], "texture": "#texture"},
				"down": {"uv": [7.5, 15, 8.5, 16], "texture": "#texture"}
			}
		},
		{
			"from": [7.25, 7.75, 0],
			"to": [8.75, 8.1875, 2.875],
			"faces": {
				"north": {"uv": [7.25, 5.8125, 8.75, 6.25], "texture": "#texture"},
				"east": {"uv": [13.125, 5.8125, 16, 6.25], "texture": "#texture"},
				"south": {"uv": [7.25, 5.8125, 8.75, 6.25], "texture": "#texture"},
				"west": {"uv": [0, 5.8125, 2.875, 6.25], "texture": "#texture"},
				"up": {"uv": [7.25, 0, 8.75, 2.875], "texture": "#texture"},
				"down": {"uv": [8.75, 2.875, 7.25, 0], "texture": "#texture"}
			}
		},
		{
			"from": [7.5, 8.125, 0],
			"to": [7.75, 8.75, 2.875],
			"rotation": {"angle": -22.5, "axis": "z", "origin": [7.5, 8.75, 0.00005]},
			"faces": {
				"north": {"uv": [8.5, 5.25, 8.75, 6], "texture": "#texture"},
				"east": {"uv": [13.125, 5.25, 16, 6], "texture": "#texture"},
				"south": {"uv": [7.25, 5.25, 7.5, 6], "texture": "#texture"},
				"west": {"uv": [0, 5.25, 2.875, 6], "texture": "#texture"},
				"up": {"uv": [7.25, 0, 7.5, 2.875], "texture": "#texture"},
				"down": {"uv": [8.75, 2.875, 8.5, 0], "texture": "#texture"}
			}
		},
		{
			"from": [7.5, 8.125, -1],
			"to": [7.75, 8.75, 0],
			"rotation": {"angle": -22.5, "axis": "z", "origin": [7.5, 8.75, -0.99995]},
			"faces": {
				"north": {"uv": [8.25, 5.25, 8.5, 5.875], "texture": "#texture"},
				"east": {"uv": [0, 5.25, 1, 5.875], "texture": "#texture"},
				"south": {"uv": [7.5, 5.25, 7.75, 5.875], "texture": "#texture"},
				"west": {"uv": [15, 5.25, 16, 5.875], "texture": "#texture"},
				"up": {"uv": [7.5, 15, 7.75, 16], "texture": "#texture"},
				"down": {"uv": [8.5, 16, 8.25, 15], "texture": "#texture"}
			}
		},
		{
			"from": [8.27, 8.025, -1],
			"to": [8.52, 8.65, 0],
			"rotation": {"angle": 22.5, "axis": "z", "origin": [8.27, 8.65, -0.99995]},
			"faces": {
				"north": {"uv": [8.25, 5.3125, 8.5, 5.9375], "texture": "#texture"},
				"east": {"uv": [0, 5.3125, 1, 5.9375], "texture": "#texture"},
				"south": {"uv": [8.25, 5.3125, 8.5, 5.9375], "texture": "#texture"},
				"west": {"uv": [15, 5.375, 16, 6], "texture": "#texture"},
				"up": {"uv": [8.25, 15, 8.5, 16], "texture": "#texture"},
				"down": {"uv": [8.25, 15, 8.5, 16], "texture": "#texture"}
			}
		},
		{
			"from": [7.258, 6.2015, 0],
			"to": [7.508, 6.8265, 6],
			"rotation": {"angle": 22.5, "axis": "z", "origin": [7.258, 6.8265, 0.00005]},
			"faces": {
				"north": {"uv": [8.5, 5.25, 8.75, 6], "texture": "#texture"},
				"east": {"uv": [13.125, 5.25, 16, 6], "texture": "#texture"},
				"south": {"uv": [7.25, 5.25, 7.5, 6], "texture": "#texture"},
				"west": {"uv": [0, 5.25, 2.875, 6], "texture": "#texture"},
				"up": {"uv": [7.25, 0, 7.5, 2.875], "texture": "#texture"},
				"down": {"uv": [8.75, 2.875, 8.5, 0], "texture": "#texture"}
			}
		},
		{
			"from": [7.26, 6.2015, -1],
			"to": [7.51, 6.8265, 0],
			"rotation": {"angle": 22.5, "axis": "z", "origin": [7.26, 6.8265, -0.99995]},
			"faces": {
				"north": {"uv": [7.25, 7.1875, 7.5, 7.8125], "texture": "#texture"},
				"east": {"uv": [0, 7.1875, 1, 7.8125], "texture": "#texture"},
				"south": {"uv": [7.25, 7.1875, 7.5, 7.8125], "texture": "#texture"},
				"west": {"uv": [15, 7.25, 16, 7.875], "texture": "#texture"},
				"up": {"uv": [7.25, 15, 7.5, 16], "texture": "#texture"},
				"down": {"uv": [7.25, 15, 7.5, 16], "texture": "#texture"}
			}
		},
		{
			"from": [8.27, 8.025, 0],
			"to": [8.52, 8.65, 2.875],
			"rotation": {"angle": 22.5, "axis": "z", "origin": [8.27, 8.65, 0.00005]},
			"faces": {
				"north": {"uv": [7.5, 5.375, 7.75, 6], "texture": "#texture"},
				"east": {"uv": [13.125, 5.375, 16, 6], "texture": "#texture"},
				"south": {"uv": [8.25, 5.375, 8.5, 6], "texture": "#texture"},
				"west": {"uv": [0, 5.375, 2.875, 6], "texture": "#texture"},
				"up": {"uv": [8.25, 0, 8.5, 2.875], "texture": "#texture"},
				"down": {"uv": [7.75, 2.875, 7.5, 0], "texture": "#texture"}
			}
		},
		{
			"from": [8.5075, 6.31, 0],
			"to": [8.7575, 6.935, 6],
			"rotation": {"angle": -22.5, "axis": "z", "origin": [8.5075, 6.935, 0.00005]},
			"faces": {
				"north": {"uv": [8.5, 5.25, 8.75, 6], "texture": "#texture"},
				"east": {"uv": [13.125, 5.25, 16, 6], "texture": "#texture"},
				"south": {"uv": [7.25, 5.25, 7.5, 6], "texture": "#texture"},
				"west": {"uv": [0, 5.25, 2.875, 6], "texture": "#texture"},
				"up": {"uv": [7.25, 0, 7.5, 2.875], "texture": "#texture"},
				"down": {"uv": [8.75, 2.875, 8.5, 0], "texture": "#texture"}
			}
		},
		{
			"from": [8.51, 6.305, -1],
			"to": [8.76, 6.93, 0],
			"rotation": {"angle": -22.5, "axis": "z", "origin": [8.51, 6.93, -0.99995]},
			"faces": {
				"north": {"uv": [7.25, 7.1875, 7.5, 7.8125], "texture": "#texture"},
				"east": {"uv": [0, 7.1875, 1, 7.8125], "texture": "#texture"},
				"south": {"uv": [7.25, 7.1875, 7.5, 7.8125], "texture": "#texture"},
				"west": {"uv": [15, 7.25, 16, 7.875], "texture": "#texture"},
				"up": {"uv": [7.25, 15, 7.5, 16], "texture": "#texture"},
				"down": {"uv": [7.25, 15, 7.5, 16], "texture": "#texture"}
			}
		},
		{
			"from": [7.25, 6.8125, 0],
			"to": [8.75, 7.5, 6],
			"faces": {
				"north": {"uv": [7.25, 6.5, 8.75, 7.1875], "texture": "#texture"},
				"east": {"uv": [10, 6.5, 16, 7.1875], "texture": "#texture"},
				"south": {"uv": [7.25, 6.5, 8.75, 7.1875], "texture": "#texture"},
				"west": {"uv": [0, 6.5, 6, 7.1875], "texture": "#texture"},
				"up": {"uv": [7.25, 0, 8.75, 6], "texture": "#texture"},
				"down": {"uv": [8.75, 6, 7.25, 0], "texture": "#texture"}
			}
		},
		{
			"from": [7.25, 7.75, -1],
			"to": [8.75, 8.1875, 0],
			"faces": {
				"north": {"uv": [7.25, 5.8125, 8.75, 6.25], "texture": "#texture"},
				"east": {"uv": [0, 5.8125, 1, 6.25], "texture": "#texture"},
				"south": {"uv": [7.25, 5.8125, 8.75, 6.25], "texture": "#texture"},
				"west": {"uv": [15, 5.75, 16, 6.1875], "texture": "#texture"},
				"up": {"uv": [7.25, 15, 8.75, 16], "texture": "#texture"},
				"down": {"uv": [7.25, 15, 8.75, 16], "texture": "#texture"}
			}
		},
		{
			"from": [7.25, 6.8125, -1],
			"to": [8.75, 7.5, 0],
			"faces": {
				"north": {"uv": [7.25, 6.5, 8.75, 7.1875], "texture": "#texture"},
				"east": {"uv": [0, 6.5, 1, 7.1875], "texture": "#texture"},
				"south": {"uv": [7.25, 6.5, 8.75, 7.1875], "texture": "#texture"},
				"west": {"uv": [15, 6.5, 16, 7.1875], "texture": "#texture"},
				"up": {"uv": [7.25, 0, 8.75, 1], "texture": "#texture"},
				"down": {"uv": [7.25, 0, 8.75, 1], "texture": "#texture"}
			}
		},
		{
			"from": [7.25, 7.6875, -1],
			"to": [8.75, 7.75, -0.5],
			"faces": {
				"north": {"uv": [7.25, 6.25, 8.75, 6.3125], "texture": "#texture"},
				"east": {"uv": [0, 6.25, 0.5, 6.3125], "texture": "#texture"},
				"south": {"uv": [7.25, 6.25, 8.75, 6.3125], "texture": "#texture"},
				"west": {"uv": [15.5, 6.25, 16, 6.3125], "texture": "#texture"},
				"up": {"uv": [7.25, 0, 8.75, 0.5], "texture": "#texture"},
				"down": {"uv": [7.25, 0, 8.75, 0.5], "texture": "#texture"}
			}
		},
		{
			"from": [7.25, 7.5, 2.875],
			"to": [8.75, 7.75, 6],
			"faces": {
				"north": {"uv": [7.25, 6.25, 8.75, 6.5], "texture": "#texture"},
				"east": {"uv": [10, 6.25, 13.125, 6.5], "texture": "#texture"},
				"south": {"uv": [7.25, 6.25, 8.75, 6.5], "texture": "#texture"},
				"west": {"uv": [2.875, 6.25, 6, 6.5], "texture": "#texture"},
				"up": {"uv": [7.25, 2.875, 8.75, 6], "texture": "#texture"},
				"down": {"uv": [8.75, 6, 7.25, 2.875], "texture": "#texture"}
			}
		},
		{
			"from": [7.25, 7.5, -1],
			"to": [8.75, 7.5625, -0.5],
			"faces": {
				"north": {"uv": [7.25, 6.4375, 8.75, 6.5], "texture": "#texture"},
				"east": {"uv": [0, 6.4375, 0.5, 6.5], "texture": "#texture"},
				"south": {"uv": [7.25, 6.4375, 8.75, 6.5], "texture": "#texture"},
				"west": {"uv": [15.5, 6.4375, 16, 6.5], "texture": "#texture"},
				"up": {"uv": [7.25, 0, 8.75, 0.5], "texture": "#texture"},
				"down": {"uv": [7.25, 0, 8.75, 0.5], "texture": "#texture"}
			}
		},
		{
			"from": [7.25, 7.5, 0.625],
			"to": [8.75, 7.5625, 1.125],
			"faces": {
				"north": {"uv": [7.25, 6.4375, 8.75, 6.5], "texture": "#texture"},
				"east": {"uv": [14.875, 6.4375, 15.375, 6.5], "texture": "#texture"},
				"south": {"uv": [7.25, 6.4375, 8.75, 6.5], "texture": "#texture"},
				"west": {"uv": [0.625, 6.4375, 1.125, 6.5], "texture": "#texture"},
				"up": {"uv": [7.25, 0.625, 8.75, 1.125], "texture": "#texture"},
				"down": {"uv": [8.75, 1.125, 7.25, 0.625], "texture": "#texture"}
			}
		},
		{
			"from": [7.25, 7.6875, 0.625],
			"to": [8.75, 7.75, 1.125],
			"faces": {
				"north": {"uv": [7.25, 6.25, 8.75, 6.3125], "texture": "#texture"},
				"east": {"uv": [14.875, 6.25, 15.375, 6.3125], "texture": "#texture"},
				"south": {"uv": [7.25, 6.25, 8.75, 6.3125], "texture": "#texture"},
				"west": {"uv": [0.625, 6.25, 1.125, 6.3125], "texture": "#texture"},
				"up": {"uv": [7.25, 0.625, 8.75, 1.125], "texture": "#texture"},
				"down": {"uv": [8.75, 1.125, 7.25, 0.625], "texture": "#texture"}
			}
		},
		{
			"from": [7.25, 7.6875, 2.25],
			"to": [8.75, 7.75, 2.875],
			"faces": {
				"north": {"uv": [7.25, 6.25, 8.75, 6.3125], "texture": "#texture"},
				"east": {"uv": [13.125, 6.25, 13.75, 6.3125], "texture": "#texture"},
				"south": {"uv": [7.25, 6.25, 8.75, 6.3125], "texture": "#texture"},
				"west": {"uv": [2.25, 6.25, 2.875, 6.3125], "texture": "#texture"},
				"up": {"uv": [7.25, 2.25, 8.75, 2.875], "texture": "#texture"},
				"down": {"uv": [8.75, 2.875, 7.25, 2.25], "texture": "#texture"}
			}
		},
		{
			"from": [7.25, 7.5, 2.25],
			"to": [8.75, 7.5625, 2.875],
			"faces": {
				"north": {"uv": [7.25, 6.4375, 8.75, 6.5], "texture": "#texture"},
				"east": {"uv": [13.125, 6.4375, 13.75, 6.5], "texture": "#texture"},
				"south": {"uv": [7.25, 6.4375, 8.75, 6.5], "texture": "#texture"},
				"west": {"uv": [2.25, 6.4375, 2.875, 6.5], "texture": "#texture"},
				"up": {"uv": [7.25, 2.25, 8.75, 2.875], "texture": "#texture"},
				"down": {"uv": [8.75, 2.875, 7.25, 2.25], "texture": "#texture"}
			}
		},
		{
			"from": [7.5, 7.5, -1],
			"to": [8.5, 7.75, 0],
			"faces": {
				"north": {"uv": [7.5, 6.25, 8.5, 6.5], "texture": "#texture"},
				"east": {"uv": [0, 6.25, 1, 6.5], "texture": "#texture"},
				"south": {"uv": [7.5, 6.25, 8.5, 6.5], "texture": "#texture"},
				"west": {"uv": [15, 6.25, 16, 6.5], "texture": "#texture"},
				"up": {"uv": [7.5, 0, 8.5, 1], "texture": "#texture"},
				"down": {"uv": [7.5, 0, 8.5, 1], "texture": "#texture"}
			}
		},
		{
			"from": [7.5, 7.5, 0],
			"to": [8.5, 7.75, 2.875],
			"faces": {
				"north": {"uv": [7.5, 6.25, 8.5, 6.5], "texture": "#texture"},
				"east": {"uv": [13.125, 6.25, 16, 6.5], "texture": "#texture"},
				"south": {"uv": [7.5, 6.25, 8.5, 6.5], "texture": "#texture"},
				"west": {"uv": [0, 6.25, 2.875, 6.5], "texture": "#texture"},
				"up": {"uv": [7.5, 0, 8.5, 2.875], "texture": "#texture"},
				"down": {"uv": [8.5, 2.875, 7.5, 0], "texture": "#texture"}
			}
		},
		{
			"from": [7.5, 7.27, 14.7025],
			"to": [8.5, 8.645, 14.9525],
			"rotation": {"angle": -22.5, "axis": "x", "origin": [7.50005, 8.645, 14.7025]},
			"faces": {
				"north": {"uv": [7.5, 5.355, 8.5, 6.73], "texture": "#texture1"},
				"east": {"uv": [1.0475, 5.355, 1.2975, 6.73], "texture": "#texture1"},
				"south": {"uv": [7.5, 5.355, 8.5, 6.73], "texture": "#texture1"},
				"west": {"uv": [14.7025, 5.355, 14.9525, 6.73], "texture": "#texture1"},
				"up": {"uv": [7.5, 14.7025, 8.5, 14.9525], "texture": "#texture1"},
				"down": {"uv": [8.5, 14.9525, 7.5, 14.7025], "texture": "#texture1"}
			}
		},
		{
			"from": [7.375, 7.27, 14.965],
			"to": [8.625, 8.02, 15.215],
			"rotation": {"angle": -22.5, "axis": "x", "origin": [7.37505, 8.02, 14.965]},
			"faces": {
				"north": {"uv": [7.375, 5.98, 8.625, 6.73], "texture": "#texture1"},
				"east": {"uv": [0.785, 5.98, 1.035, 6.73], "texture": "#texture1"},
				"south": {"uv": [7.375, 5.98, 8.625, 6.73], "texture": "#texture1"},
				"west": {"uv": [14.965, 5.98, 15.215, 6.73], "texture": "#texture1"},
				"up": {"uv": [7.375, 14.965, 8.625, 15.215], "texture": "#texture1"},
				"down": {"uv": [8.625, 15.215, 7.375, 14.965], "texture": "#texture1"}
			}
		},
		{
			"from": [7.1875, 6.9375, 0],
			"to": [8.8125, 7.4375, 6],
			"faces": {
				"north": {"uv": [7.1875, 6.5625, 8.8125, 7.0625], "texture": "#texture"},
				"east": {"uv": [10, 6.5625, 16, 7.0625], "texture": "#texture"},
				"south": {"uv": [7.1875, 6.5625, 8.8125, 7.0625], "texture": "#texture"},
				"west": {"uv": [0, 6.5625, 6, 7.0625], "texture": "#texture"},
				"up": {"uv": [7.1875, 0, 8.8125, 6], "texture": "#texture"},
				"down": {"uv": [8.8125, 6, 7.1875, 0], "texture": "#texture"}
			}
		},
		{
			"from": [7.1875, 6.9375, -1],
			"to": [8.8125, 7.4375, 0],
			"faces": {
				"north": {"uv": [7.1875, 6.5625, 8.8125, 7.0625], "texture": "#texture"},
				"east": {"uv": [0, 6.5625, 1, 7.0625], "texture": "#texture"},
				"south": {"uv": [7.1875, 6.5625, 8.8125, 7.0625], "texture": "#texture"},
				"west": {"uv": [15, 6.5, 16, 7], "texture": "#texture"},
				"up": {"uv": [7.1875, 0, 8.8125, 1], "texture": "#texture"},
				"down": {"uv": [7.1875, 0, 8.8125, 1], "texture": "#texture"}
			}
		},
		{
			"from": [7.1875, 6, 5.75],
			"to": [8.8125, 7, 6],
			"faces": {
				"north": {"uv": [7.1875, 7, 8.8125, 8], "texture": "#texture"},
				"east": {"uv": [10, 7, 10.25, 8], "texture": "#texture"},
				"south": {"uv": [7.1875, 7, 8.8125, 8], "texture": "#texture"},
				"west": {"uv": [5.75, 7, 6, 8], "texture": "#texture"},
				"up": {"uv": [7.1875, 5.75, 8.8125, 6], "texture": "#texture"},
				"down": {"uv": [8.8125, 6, 7.1875, 5.75], "texture": "#texture"}
			}
		},
		{
			"from": [7.1876, 5.9375, 5.3725],
			"to": [8.8126, 6.9375, 5.6225],
			"rotation": {"angle": -22.5, "axis": "x", "origin": [7.18755, 6.9375, 5.3725]},
			"faces": {
				"north": {"uv": [7.1875, 7.0625, 8.8125, 8.0625], "texture": "#texture"},
				"east": {"uv": [10.3775, 7.0625, 10.6275, 8.0625], "texture": "#texture"},
				"south": {"uv": [7.1875, 7.0625, 8.8125, 8.0625], "texture": "#texture"},
				"west": {"uv": [5.3725, 7.0625, 5.6225, 8.0625], "texture": "#texture"},
				"up": {"uv": [7.1875, 5.3725, 8.8125, 5.6225], "texture": "#texture"},
				"down": {"uv": [8.8125, 5.6225, 7.1875, 5.3725], "texture": "#texture"}
			}
		},
		{
			"from": [7.1875, 6.5, 5.625],
			"to": [8.8125, 7, 5.875],
			"faces": {
				"north": {"uv": [7.1875, 7, 8.8125, 7.5], "texture": "#texture"},
				"east": {"uv": [10.125, 7, 10.375, 7.5], "texture": "#texture"},
				"south": {"uv": [7.1875, 7, 8.8125, 7.5], "texture": "#texture"},
				"west": {"uv": [5.625, 7, 5.875, 7.5], "texture": "#texture"},
				"up": {"uv": [7.1875, 5.625, 8.8125, 5.875], "texture": "#texture"},
				"down": {"uv": [8.8125, 5.875, 7.1875, 5.625], "texture": "#texture"}
			}
		},
		{
			"from": [7.5, 6.125, 0],
			"to": [8.5, 6.25, 6],
			"faces": {
				"north": {"uv": [7.5, 7.75, 8.5, 7.875], "texture": "#texture"},
				"east": {"uv": [10, 7.75, 16, 7.875], "texture": "#texture"},
				"south": {"uv": [7.5, 7.75, 8.5, 7.875], "texture": "#texture"},
				"west": {"uv": [0, 7.75, 6, 7.875], "texture": "#texture"},
				"up": {"uv": [7.5, 0, 8.5, 6], "texture": "#texture"},
				"down": {"uv": [8.5, 6, 7.5, 0], "texture": "#texture"}
			}
		},
		{
			"from": [7.5, 8.75, 0],
			"to": [8.5, 8.8125, 12.75],
			"faces": {
				"north": {"uv": [7.5, 5.1875, 8.5, 5.25], "texture": "#texture"},
				"east": {"uv": [3.25, 5.1875, 16, 5.25], "texture": "#texture"},
				"south": {"uv": [7.5, 5.1875, 8.5, 5.25], "texture": "#texture"},
				"west": {"uv": [0, 5.1875, 12.75, 5.25], "texture": "#texture"},
				"up": {"uv": [7.5, 0, 8.5, 12.75], "texture": "#texture"},
				"down": {"uv": [8.5, 12.75, 7.5, 0], "texture": "#texture"}
			}
		},
		{
			"from": [7.5, 8.75, -1],
			"to": [8.5, 8.8125, 0],
			"faces": {
				"north": {"uv": [7.5, 5.1875, 8.5, 5.25], "texture": "#texture"},
				"east": {"uv": [0, 5.1875, 1, 5.25], "texture": "#texture"},
				"south": {"uv": [7.5, 5.1875, 8.5, 5.25], "texture": "#texture"},
				"west": {"uv": [15, 5.1875, 16, 5.25], "texture": "#texture"},
				"up": {"uv": [7.5, 0, 8.5, 1], "texture": "#texture"},
				"down": {"uv": [7.5, 0, 8.5, 1], "texture": "#texture"}
			}
		},
		{
			"from": [7.5, 6.125, -1],
			"to": [8.5, 6.25, 0],
			"faces": {
				"north": {"uv": [7.5, 7.75, 8.5, 7.875], "texture": "#texture"},
				"east": {"uv": [0, 7.75, 1, 7.875], "texture": "#texture"},
				"south": {"uv": [7.5, 7.75, 8.5, 7.875], "texture": "#texture"},
				"west": {"uv": [15, 7.75, 16, 7.875], "texture": "#texture"},
				"up": {"uv": [7.5, 0, 8.5, 1], "texture": "#texture"},
				"down": {"uv": [7.5, 0, 8.5, 1], "texture": "#texture"}
			}
		},
		{
			"from": [7.5, 6, -1],
			"to": [8.5, 6.125, -0.75],
			"faces": {
				"north": {"uv": [7.5, 7.875, 8.5, 8], "texture": "#texture"},
				"east": {"uv": [15.75, 7.875, 16, 8], "texture": "#texture"},
				"south": {"uv": [7.5, 7.875, 8.5, 8], "texture": "#texture"},
				"west": {"uv": [0, 7.875, 0.25, 8], "texture": "#texture"},
				"up": {"uv": [7.5, 0, 8.5, 0.25], "texture": "#texture"},
				"down": {"uv": [8.5, 0.25, 7.5, 0], "texture": "#texture"}
			}
		},
		{
			"from": [7.5, 6, -0.5],
			"to": [8.5, 6.125, -0.25],
			"faces": {
				"north": {"uv": [7.5, 7.875, 8.5, 8], "texture": "#texture"},
				"east": {"uv": [15.75, 7.875, 16, 8], "texture": "#texture"},
				"south": {"uv": [7.5, 7.875, 8.5, 8], "texture": "#texture"},
				"west": {"uv": [0, 7.875, 0.25, 8], "texture": "#texture"},
				"up": {"uv": [7.5, 0, 8.5, 0.25], "texture": "#texture"},
				"down": {"uv": [8.5, 0.25, 7.5, 0], "texture": "#texture"}
			}
		},
		{
			"from": [7.5, 6, 0],
			"to": [8.5, 6.125, 0.25],
			"faces": {
				"north": {"uv": [7.5, 7.875, 8.5, 8], "texture": "#texture"},
				"east": {"uv": [15.75, 7.875, 16, 8], "texture": "#texture"},
				"south": {"uv": [7.5, 7.875, 8.5, 8], "texture": "#texture"},
				"west": {"uv": [0, 7.875, 0.25, 8], "texture": "#texture"},
				"up": {"uv": [7.5, 0, 8.5, 0.25], "texture": "#texture"},
				"down": {"uv": [8.5, 0.25, 7.5, 0], "texture": "#texture"}
			}
		},
		{
			"from": [7.5, 6, 0.5],
			"to": [8.5, 6.125, 0.75],
			"faces": {
				"north": {"uv": [7.5, 7.875, 8.5, 8], "texture": "#texture"},
				"east": {"uv": [15.75, 7.875, 16, 8], "texture": "#texture"},
				"south": {"uv": [7.5, 7.875, 8.5, 8], "texture": "#texture"},
				"west": {"uv": [0, 7.875, 0.25, 8], "texture": "#texture"},
				"up": {"uv": [7.5, 0, 8.5, 0.25], "texture": "#texture"},
				"down": {"uv": [8.5, 0.25, 7.5, 0], "texture": "#texture"}
			}
		},
		{
			"from": [7.5, 6, 1],
			"to": [8.5, 6.125, 1.25],
			"faces": {
				"north": {"uv": [7.5, 7.875, 8.5, 8], "texture": "#texture"},
				"east": {"uv": [15.75, 7.875, 16, 8], "texture": "#texture"},
				"south": {"uv": [7.5, 7.875, 8.5, 8], "texture": "#texture"},
				"west": {"uv": [0, 7.875, 0.25, 8], "texture": "#texture"},
				"up": {"uv": [7.5, 0, 8.5, 0.25], "texture": "#texture"},
				"down": {"uv": [8.5, 0.25, 7.5, 0], "texture": "#texture"}
			}
		},
		{
			"from": [7.5, 6, 1.5],
			"to": [8.5, 6.125, 1.75],
			"faces": {
				"north": {"uv": [7.5, 7.875, 8.5, 8], "texture": "#texture"},
				"east": {"uv": [15.75, 7.875, 16, 8], "texture": "#texture"},
				"south": {"uv": [7.5, 7.875, 8.5, 8], "texture": "#texture"},
				"west": {"uv": [0, 7.875, 0.25, 8], "texture": "#texture"},
				"up": {"uv": [7.5, 0, 8.5, 0.25], "texture": "#texture"},
				"down": {"uv": [8.5, 0.25, 7.5, 0], "texture": "#texture"}
			}
		},
		{
			"from": [7.5, 6, 2],
			"to": [8.5, 6.125, 2.25],
			"faces": {
				"north": {"uv": [7.5, 7.875, 8.5, 8], "texture": "#texture"},
				"east": {"uv": [15.75, 7.875, 16, 8], "texture": "#texture"},
				"south": {"uv": [7.5, 7.875, 8.5, 8], "texture": "#texture"},
				"west": {"uv": [0, 7.875, 0.25, 8], "texture": "#texture"},
				"up": {"uv": [7.5, 0, 8.5, 0.25], "texture": "#texture"},
				"down": {"uv": [8.5, 0.25, 7.5, 0], "texture": "#texture"}
			}
		},
		{
			"from": [7.5, 6, 2.5],
			"to": [8.5, 6.125, 2.75],
			"faces": {
				"north": {"uv": [7.5, 7.875, 8.5, 8], "texture": "#texture"},
				"east": {"uv": [15.75, 7.875, 16, 8], "texture": "#texture"},
				"south": {"uv": [7.5, 7.875, 8.5, 8], "texture": "#texture"},
				"west": {"uv": [0, 7.875, 0.25, 8], "texture": "#texture"},
				"up": {"uv": [7.5, 0, 8.5, 0.25], "texture": "#texture"},
				"down": {"uv": [8.5, 0.25, 7.5, 0], "texture": "#texture"}
			}
		},
		{
			"from": [7.5, 6, 3],
			"to": [8.5, 6.125, 3.25],
			"faces": {
				"north": {"uv": [7.5, 7.875, 8.5, 8], "texture": "#texture"},
				"east": {"uv": [15.75, 7.875, 16, 8], "texture": "#texture"},
				"south": {"uv": [7.5, 7.875, 8.5, 8], "texture": "#texture"},
				"west": {"uv": [0, 7.875, 0.25, 8], "texture": "#texture"},
				"up": {"uv": [7.5, 0, 8.5, 0.25], "texture": "#texture"},
				"down": {"uv": [8.5, 0.25, 7.5, 0], "texture": "#texture"}
			}
		},
		{
			"from": [7.5, 6, 3.5],
			"to": [8.5, 6.125, 3.75],
			"faces": {
				"north": {"uv": [7.5, 7.875, 8.5, 8], "texture": "#texture"},
				"east": {"uv": [15.75, 7.875, 16, 8], "texture": "#texture"},
				"south": {"uv": [7.5, 7.875, 8.5, 8], "texture": "#texture"},
				"west": {"uv": [0, 7.875, 0.25, 8], "texture": "#texture"},
				"up": {"uv": [7.5, 0, 8.5, 0.25], "texture": "#texture"},
				"down": {"uv": [8.5, 0.25, 7.5, 0], "texture": "#texture"}
			}
		},
		{
			"from": [7.5, 6, 4],
			"to": [8.5, 6.125, 4.25],
			"faces": {
				"north": {"uv": [7.5, 7.875, 8.5, 8], "texture": "#texture"},
				"east": {"uv": [15.75, 7.875, 16, 8], "texture": "#texture"},
				"south": {"uv": [7.5, 7.875, 8.5, 8], "texture": "#texture"},
				"west": {"uv": [0, 7.875, 0.25, 8], "texture": "#texture"},
				"up": {"uv": [7.5, 0, 8.5, 0.25], "texture": "#texture"},
				"down": {"uv": [8.5, 0.25, 7.5, 0], "texture": "#texture"}
			}
		},
		{
			"from": [7.5, 6, 4.5],
			"to": [8.5, 6.125, 4.75],
			"faces": {
				"north": {"uv": [7.5, 7.875, 8.5, 8], "texture": "#texture"},
				"east": {"uv": [15.75, 7.875, 16, 8], "texture": "#texture"},
				"south": {"uv": [7.5, 7.875, 8.5, 8], "texture": "#texture"},
				"west": {"uv": [0, 7.875, 0.25, 8], "texture": "#texture"},
				"up": {"uv": [7.5, 0, 8.5, 0.25], "texture": "#texture"},
				"down": {"uv": [8.5, 0.25, 7.5, 0], "texture": "#texture"}
			}
		},
		{
			"from": [7.5, 6, 5],
			"to": [8.5, 6.125, 5.25],
			"faces": {
				"north": {"uv": [7.5, 7.875, 8.5, 8], "texture": "#texture"},
				"east": {"uv": [15.75, 7.875, 16, 8], "texture": "#texture"},
				"south": {"uv": [7.5, 7.875, 8.5, 8], "texture": "#texture"},
				"west": {"uv": [0, 7.875, 0.25, 8], "texture": "#texture"},
				"up": {"uv": [7.5, 0, 8.5, 0.25], "texture": "#texture"},
				"down": {"uv": [8.5, 0.25, 7.5, 0], "texture": "#texture"}
			}
		},
		{
			"from": [7.5, 6, 5.5],
			"to": [8.5, 6.125, 5.75],
			"faces": {
				"north": {"uv": [7.5, 7.875, 8.5, 8], "texture": "#texture"},
				"east": {"uv": [15.75, 7.875, 16, 8], "texture": "#texture"},
				"south": {"uv": [7.5, 7.875, 8.5, 8], "texture": "#texture"},
				"west": {"uv": [0, 7.875, 0.25, 8], "texture": "#texture"},
				"up": {"uv": [7.5, 0, 8.5, 0.25], "texture": "#texture"},
				"down": {"uv": [8.5, 0.25, 7.5, 0], "texture": "#texture"}
			}
		},
		{
			"from": [7.5, 8.8125, -1],
			"to": [8.5, 8.9375, -0.75],
			"faces": {
				"north": {"uv": [7.5, 7.875, 8.5, 8], "texture": "#texture"},
				"east": {"uv": [15.75, 7.875, 16, 8], "texture": "#texture"},
				"south": {"uv": [7.5, 7.875, 8.5, 8], "texture": "#texture"},
				"west": {"uv": [0, 7.875, 0.25, 8], "texture": "#texture"},
				"up": {"uv": [7.5, 0, 8.5, 0.25], "texture": "#texture"},
				"down": {"uv": [8.5, 0.25, 7.5, 0], "texture": "#texture"}
			}
		},
		{
			"from": [7.5, 8.8125, -0.5],
			"to": [8.5, 8.9375, -0.25],
			"faces": {
				"north": {"uv": [7.5, 7.875, 8.5, 8], "texture": "#texture"},
				"east": {"uv": [15.75, 7.875, 16, 8], "texture": "#texture"},
				"south": {"uv": [7.5, 7.875, 8.5, 8], "texture": "#texture"},
				"west": {"uv": [0, 7.875, 0.25, 8], "texture": "#texture"},
				"up": {"uv": [7.5, 0, 8.5, 0.25], "texture": "#texture"},
				"down": {"uv": [8.5, 0.25, 7.5, 0], "texture": "#texture"}
			}
		},
		{
			"from": [7.5, 8.8125, 0],
			"to": [8.5, 8.9375, 0.25],
			"faces": {
				"north": {"uv": [7.5, 7.875, 8.5, 8], "texture": "#texture"},
				"east": {"uv": [15.75, 7.875, 16, 8], "texture": "#texture"},
				"south": {"uv": [7.5, 7.875, 8.5, 8], "texture": "#texture"},
				"west": {"uv": [0, 7.875, 0.25, 8], "texture": "#texture"},
				"up": {"uv": [7.5, 0, 8.5, 0.25], "texture": "#texture"},
				"down": {"uv": [8.5, 0.25, 7.5, 0], "texture": "#texture"}
			}
		},
		{
			"from": [7.5, 8.8125, 0.5],
			"to": [8.5, 8.9375, 0.75],
			"faces": {
				"north": {"uv": [7.5, 7.875, 8.5, 8], "texture": "#texture"},
				"east": {"uv": [15.75, 7.875, 16, 8], "texture": "#texture"},
				"south": {"uv": [7.5, 7.875, 8.5, 8], "texture": "#texture"},
				"west": {"uv": [0, 7.875, 0.25, 8], "texture": "#texture"},
				"up": {"uv": [7.5, 0, 8.5, 0.25], "texture": "#texture"},
				"down": {"uv": [8.5, 0.25, 7.5, 0], "texture": "#texture"}
			}
		},
		{
			"from": [7.5, 8.8125, 1],
			"to": [8.5, 8.9375, 1.25],
			"faces": {
				"north": {"uv": [7.5, 7.875, 8.5, 8], "texture": "#texture"},
				"east": {"uv": [15.75, 7.875, 16, 8], "texture": "#texture"},
				"south": {"uv": [7.5, 7.875, 8.5, 8], "texture": "#texture"},
				"west": {"uv": [0, 7.875, 0.25, 8], "texture": "#texture"},
				"up": {"uv": [7.5, 0, 8.5, 0.25], "texture": "#texture"},
				"down": {"uv": [8.5, 0.25, 7.5, 0], "texture": "#texture"}
			}
		},
		{
			"from": [7.5, 8.8125, 1.5],
			"to": [8.5, 8.9375, 1.75],
			"faces": {
				"north": {"uv": [7.5, 7.875, 8.5, 8], "texture": "#texture"},
				"east": {"uv": [15.75, 7.875, 16, 8], "texture": "#texture"},
				"south": {"uv": [7.5, 7.875, 8.5, 8], "texture": "#texture"},
				"west": {"uv": [0, 7.875, 0.25, 8], "texture": "#texture"},
				"up": {"uv": [7.5, 0, 8.5, 0.25], "texture": "#texture"},
				"down": {"uv": [8.5, 0.25, 7.5, 0], "texture": "#texture"}
			}
		},
		{
			"from": [7.5, 8.8125, 2],
			"to": [8.5, 8.9375, 2.25],
			"faces": {
				"north": {"uv": [7.5, 7.875, 8.5, 8], "texture": "#texture"},
				"east": {"uv": [15.75, 7.875, 16, 8], "texture": "#texture"},
				"south": {"uv": [7.5, 7.875, 8.5, 8], "texture": "#texture"},
				"west": {"uv": [0, 7.875, 0.25, 8], "texture": "#texture"},
				"up": {"uv": [7.5, 0, 8.5, 0.25], "texture": "#texture"},
				"down": {"uv": [8.5, 0.25, 7.5, 0], "texture": "#texture"}
			}
		},
		{
			"from": [7.5, 8.8125, 2.5],
			"to": [8.5, 8.9375, 2.75],
			"faces": {
				"north": {"uv": [7.5, 7.875, 8.5, 8], "texture": "#texture"},
				"east": {"uv": [15.75, 7.875, 16, 8], "texture": "#texture"},
				"south": {"uv": [7.5, 7.875, 8.5, 8], "texture": "#texture"},
				"west": {"uv": [0, 7.875, 0.25, 8], "texture": "#texture"},
				"up": {"uv": [7.5, 0, 8.5, 0.25], "texture": "#texture"},
				"down": {"uv": [8.5, 0.25, 7.5, 0], "texture": "#texture"}
			}
		},
		{
			"from": [7.5, 8.8125, 3],
			"to": [8.5, 8.9375, 3.25],
			"faces": {
				"north": {"uv": [7.5, 7.875, 8.5, 8], "texture": "#texture"},
				"east": {"uv": [15.75, 7.875, 16, 8], "texture": "#texture"},
				"south": {"uv": [7.5, 7.875, 8.5, 8], "texture": "#texture"},
				"west": {"uv": [0, 7.875, 0.25, 8], "texture": "#texture"},
				"up": {"uv": [7.5, 0, 8.5, 0.25], "texture": "#texture"},
				"down": {"uv": [8.5, 0.25, 7.5, 0], "texture": "#texture"}
			}
		},
		{
			"from": [7.5, 8.8125, 3.5],
			"to": [8.5, 8.9375, 3.75],
			"faces": {
				"north": {"uv": [7.5, 7.875, 8.5, 8], "texture": "#texture"},
				"east": {"uv": [15.75, 7.875, 16, 8], "texture": "#texture"},
				"south": {"uv": [7.5, 7.875, 8.5, 8], "texture": "#texture"},
				"west": {"uv": [0, 7.875, 0.25, 8], "texture": "#texture"},
				"up": {"uv": [7.5, 0, 8.5, 0.25], "texture": "#texture"},
				"down": {"uv": [8.5, 0.25, 7.5, 0], "texture": "#texture"}
			}
		},
		{
			"from": [7.5, 8.8125, 4],
			"to": [8.5, 8.9375, 4.25],
			"faces": {
				"north": {"uv": [7.5, 7.875, 8.5, 8], "texture": "#texture"},
				"east": {"uv": [15.75, 7.875, 16, 8], "texture": "#texture"},
				"south": {"uv": [7.5, 7.875, 8.5, 8], "texture": "#texture"},
				"west": {"uv": [0, 7.875, 0.25, 8], "texture": "#texture"},
				"up": {"uv": [7.5, 0, 8.5, 0.25], "texture": "#texture"},
				"down": {"uv": [8.5, 0.25, 7.5, 0], "texture": "#texture"}
			}
		},
		{
			"from": [7.5, 8.8125, 4.5],
			"to": [8.5, 8.9375, 4.75],
			"faces": {
				"north": {"uv": [7.5, 7.875, 8.5, 8], "texture": "#texture"},
				"east": {"uv": [15.75, 7.875, 16, 8], "texture": "#texture"},
				"south": {"uv": [7.5, 7.875, 8.5, 8], "texture": "#texture"},
				"west": {"uv": [0, 7.875, 0.25, 8], "texture": "#texture"},
				"up": {"uv": [7.5, 0, 8.5, 0.25], "texture": "#texture"},
				"down": {"uv": [8.5, 0.25, 7.5, 0], "texture": "#texture"}
			}
		},
		{
			"from": [7.5, 8.8125, 5],
			"to": [8.5, 8.9375, 5.25],
			"faces": {
				"north": {"uv": [7.5, 7.875, 8.5, 8], "texture": "#texture"},
				"east": {"uv": [15.75, 7.875, 16, 8], "texture": "#texture"},
				"south": {"uv": [7.5, 7.875, 8.5, 8], "texture": "#texture"},
				"west": {"uv": [0, 7.875, 0.25, 8], "texture": "#texture"},
				"up": {"uv": [7.5, 0, 8.5, 0.25], "texture": "#texture"},
				"down": {"uv": [8.5, 0.25, 7.5, 0], "texture": "#texture"}
			}
		},
		{
			"from": [7.5, 8.8125, 5.5],
			"to": [8.5, 8.9375, 5.75],
			"faces": {
				"north": {"uv": [7.5, 7.875, 8.5, 8], "texture": "#texture"},
				"east": {"uv": [15.75, 7.875, 16, 8], "texture": "#texture"},
				"south": {"uv": [7.5, 7.875, 8.5, 8], "texture": "#texture"},
				"west": {"uv": [0, 7.875, 0.25, 8], "texture": "#texture"},
				"up": {"uv": [7.5, 0, 8.5, 0.25], "texture": "#texture"},
				"down": {"uv": [8.5, 0.25, 7.5, 0], "texture": "#texture"}
			}
		},
		{
			"from": [7.5, 8.8125, 6],
			"to": [8.5, 8.9375, 6.25],
			"faces": {
				"north": {"uv": [7.5, 7.875, 8.5, 8], "texture": "#texture"},
				"east": {"uv": [15.75, 7.875, 16, 8], "texture": "#texture"},
				"south": {"uv": [7.5, 7.875, 8.5, 8], "texture": "#texture"},
				"west": {"uv": [0, 7.875, 0.25, 8], "texture": "#texture"},
				"up": {"uv": [7.5, 0, 8.5, 0.25], "texture": "#texture"},
				"down": {"uv": [8.5, 0.25, 7.5, 0], "texture": "#texture"}
			}
		},
		{
			"from": [7.5, 8.8125, 6.5],
			"to": [8.5, 8.9375, 6.75],
			"faces": {
				"north": {"uv": [7.5, 7.875, 8.5, 8], "texture": "#texture"},
				"east": {"uv": [15.75, 7.875, 16, 8], "texture": "#texture"},
				"south": {"uv": [7.5, 7.875, 8.5, 8], "texture": "#texture"},
				"west": {"uv": [0, 7.875, 0.25, 8], "texture": "#texture"},
				"up": {"uv": [7.5, 0, 8.5, 0.25], "texture": "#texture"},
				"down": {"uv": [8.5, 0.25, 7.5, 0], "texture": "#texture"}
			}
		},
		{
			"from": [7.5, 8.8125, 7],
			"to": [8.5, 8.9375, 7.25],
			"faces": {
				"north": {"uv": [7.5, 7.875, 8.5, 8], "texture": "#texture"},
				"east": {"uv": [15.75, 7.875, 16, 8], "texture": "#texture"},
				"south": {"uv": [7.5, 7.875, 8.5, 8], "texture": "#texture"},
				"west": {"uv": [0, 7.875, 0.25, 8], "texture": "#texture"},
				"up": {"uv": [7.5, 0, 8.5, 0.25], "texture": "#texture"},
				"down": {"uv": [8.5, 0.25, 7.5, 0], "texture": "#texture"}
			}
		},
		{
			"from": [7.5, 8.8125, 7.5],
			"to": [8.5, 8.9375, 7.75],
			"faces": {
				"north": {"uv": [7.5, 7.875, 8.5, 8], "texture": "#texture"},
				"east": {"uv": [15.75, 7.875, 16, 8], "texture": "#texture"},
				"south": {"uv": [7.5, 7.875, 8.5, 8], "texture": "#texture"},
				"west": {"uv": [0, 7.875, 0.25, 8], "texture": "#texture"},
				"up": {"uv": [7.5, 0, 8.5, 0.25], "texture": "#texture"},
				"down": {"uv": [8.5, 0.25, 7.5, 0], "texture": "#texture"}
			}
		},
		{
			"from": [7.5, 8.8125, 8],
			"to": [8.5, 8.9375, 8.25],
			"faces": {
				"north": {"uv": [7.5, 7.875, 8.5, 8], "texture": "#texture"},
				"east": {"uv": [15.75, 7.875, 16, 8], "texture": "#texture"},
				"south": {"uv": [7.5, 7.875, 8.5, 8], "texture": "#texture"},
				"west": {"uv": [0, 7.875, 0.25, 8], "texture": "#texture"},
				"up": {"uv": [7.5, 0, 8.5, 0.25], "texture": "#texture"},
				"down": {"uv": [8.5, 0.25, 7.5, 0], "texture": "#texture"}
			}
		},
		{
			"from": [7.5, 8.8125, 8.5],
			"to": [8.5, 8.9375, 8.75],
			"faces": {
				"north": {"uv": [7.5, 7.875, 8.5, 8], "texture": "#texture"},
				"east": {"uv": [15.75, 7.875, 16, 8], "texture": "#texture"},
				"south": {"uv": [7.5, 7.875, 8.5, 8], "texture": "#texture"},
				"west": {"uv": [0, 7.875, 0.25, 8], "texture": "#texture"},
				"up": {"uv": [7.5, 0, 8.5, 0.25], "texture": "#texture"},
				"down": {"uv": [8.5, 0.25, 7.5, 0], "texture": "#texture"}
			}
		},
		{
			"from": [7.5, 8.8125, 9],
			"to": [8.5, 8.9375, 9.25],
			"faces": {
				"north": {"uv": [7.5, 7.875, 8.5, 8], "texture": "#texture"},
				"east": {"uv": [15.75, 7.875, 16, 8], "texture": "#texture"},
				"south": {"uv": [7.5, 7.875, 8.5, 8], "texture": "#texture"},
				"west": {"uv": [0, 7.875, 0.25, 8], "texture": "#texture"},
				"up": {"uv": [7.5, 0, 8.5, 0.25], "texture": "#texture"},
				"down": {"uv": [8.5, 0.25, 7.5, 0], "texture": "#texture"}
			}
		},
		{
			"from": [7.5, 8.8125, 9.5],
			"to": [8.5, 8.9375, 9.75],
			"faces": {
				"north": {"uv": [7.5, 7.875, 8.5, 8], "texture": "#texture"},
				"east": {"uv": [15.75, 7.875, 16, 8], "texture": "#texture"},
				"south": {"uv": [7.5, 7.875, 8.5, 8], "texture": "#texture"},
				"west": {"uv": [0, 7.875, 0.25, 8], "texture": "#texture"},
				"up": {"uv": [7.5, 0, 8.5, 0.25], "texture": "#texture"},
				"down": {"uv": [8.5, 0.25, 7.5, 0], "texture": "#texture"}
			}
		},
		{
			"from": [7.5, 8.8125, 10],
			"to": [8.5, 8.9375, 10.25],
			"faces": {
				"north": {"uv": [7.5, 7.875, 8.5, 8], "texture": "#texture"},
				"east": {"uv": [15.75, 7.875, 16, 8], "texture": "#texture"},
				"south": {"uv": [7.5, 7.875, 8.5, 8], "texture": "#texture"},
				"west": {"uv": [0, 7.875, 0.25, 8], "texture": "#texture"},
				"up": {"uv": [7.5, 0, 8.5, 0.25], "texture": "#texture"},
				"down": {"uv": [8.5, 0.25, 7.5, 0], "texture": "#texture"}
			}
		},
		{
			"from": [7.5, 8.8125, 10.5],
			"to": [8.5, 8.9375, 10.75],
			"faces": {
				"north": {"uv": [7.5, 7.875, 8.5, 8], "texture": "#texture"},
				"east": {"uv": [15.75, 7.875, 16, 8], "texture": "#texture"},
				"south": {"uv": [7.5, 7.875, 8.5, 8], "texture": "#texture"},
				"west": {"uv": [0, 7.875, 0.25, 8], "texture": "#texture"},
				"up": {"uv": [7.5, 0, 8.5, 0.25], "texture": "#texture"},
				"down": {"uv": [8.5, 0.25, 7.5, 0], "texture": "#texture"}
			}
		},
		{
			"from": [7.5, 8.8125, 11],
			"to": [8.5, 8.9375, 11.25],
			"faces": {
				"north": {"uv": [7.5, 7.875, 8.5, 8], "texture": "#texture"},
				"east": {"uv": [15.75, 7.875, 16, 8], "texture": "#texture"},
				"south": {"uv": [7.5, 7.875, 8.5, 8], "texture": "#texture"},
				"west": {"uv": [0, 7.875, 0.25, 8], "texture": "#texture"},
				"up": {"uv": [7.5, 0, 8.5, 0.25], "texture": "#texture"},
				"down": {"uv": [8.5, 0.25, 7.5, 0], "texture": "#texture"}
			}
		},
		{
			"from": [7.5, 8.8125, 11.5],
			"to": [8.5, 8.9375, 11.75],
			"faces": {
				"north": {"uv": [7.5, 7.875, 8.5, 8], "texture": "#texture"},
				"east": {"uv": [15.75, 7.875, 16, 8], "texture": "#texture"},
				"south": {"uv": [7.5, 7.875, 8.5, 8], "texture": "#texture"},
				"west": {"uv": [0, 7.875, 0.25, 8], "texture": "#texture"},
				"up": {"uv": [7.5, 0, 8.5, 0.25], "texture": "#texture"},
				"down": {"uv": [8.5, 0.25, 7.5, 0], "texture": "#texture"}
			}
		},
		{
			"from": [7.5, 8.8125, 12],
			"to": [8.5, 8.9375, 12.25],
			"faces": {
				"north": {"uv": [7.5, 7.875, 8.5, 8], "texture": "#texture"},
				"east": {"uv": [15.75, 7.875, 16, 8], "texture": "#texture"},
				"south": {"uv": [7.5, 7.875, 8.5, 8], "texture": "#texture"},
				"west": {"uv": [0, 7.875, 0.25, 8], "texture": "#texture"},
				"up": {"uv": [7.5, 0, 8.5, 0.25], "texture": "#texture"},
				"down": {"uv": [8.5, 0.25, 7.5, 0], "texture": "#texture"}
			}
		},
		{
			"from": [7.5, 8.8125, 12.5],
			"to": [8.5, 8.9375, 12.75],
			"faces": {
				"north": {"uv": [7.5, 7.875, 8.5, 8], "texture": "#texture"},
				"east": {"uv": [15.75, 7.875, 16, 8], "texture": "#texture"},
				"south": {"uv": [7.5, 7.875, 8.5, 8], "texture": "#texture"},
				"west": {"uv": [0, 7.875, 0.25, 8], "texture": "#texture"},
				"up": {"uv": [7.5, 0, 8.5, 0.25], "texture": "#texture"},
				"down": {"uv": [8.5, 0.25, 7.5, 0], "texture": "#texture"}
			}
		},
		{
			"from": [7.5, 8.6875, 12.75],
			"to": [8.5, 8.9375, 14.9375],
			"faces": {
				"north": {"uv": [7.5, 5.0625, 8.5, 5.3125], "texture": "#texture1"},
				"east": {"uv": [1.0625, 5.0625, 3.25, 5.3125], "texture": "#texture1"},
				"south": {"uv": [7.5, 5.0625, 8.5, 5.3125], "texture": "#texture1"},
				"west": {"uv": [12.75, 5.0625, 14.9375, 5.3125], "texture": "#texture1"},
				"up": {"uv": [7.5, 12.75, 8.5, 14.9375], "texture": "#texture1"},
				"down": {"uv": [8.5, 14.9375, 7.5, 12.75], "texture": "#texture1"}
			}
		},
		{
			"from": [7.5, 9.0625, 13],
			"to": [7.625, 9.1875, 13.25],
			"faces": {
				"north": {"uv": [8.375, 4.8125, 8.5, 4.9375], "texture": "#texture1"},
				"east": {"uv": [2.75, 4.8125, 3, 4.9375], "texture": "#texture1"},
				"south": {"uv": [7.5, 4.8125, 7.625, 4.9375], "texture": "#texture1"},
				"west": {"uv": [13, 4.8125, 13.25, 4.9375], "texture": "#texture1"},
				"up": {"uv": [7.5, 13, 7.625, 13.25], "texture": "#texture1"},
				"down": {"uv": [8.5, 13.25, 8.375, 13], "texture": "#texture1"}
			}
		},
		{
			"from": [8.375, 9.0625, 13],
			"to": [8.5, 9.1875, 13.25],
			"faces": {
				"north": {"uv": [7.5, 4.8125, 7.625, 4.9375], "texture": "#texture1"},
				"east": {"uv": [2.75, 4.8125, 3, 4.9375], "texture": "#texture1"},
				"south": {"uv": [8.375, 4.8125, 8.5, 4.9375], "texture": "#texture1"},
				"west": {"uv": [13, 4.8125, 13.25, 4.9375], "texture": "#texture1"},
				"up": {"uv": [8.375, 13, 8.5, 13.25], "texture": "#texture1"},
				"down": {"uv": [7.625, 13.25, 7.5, 13], "texture": "#texture1"}
			}
		},
		{
			"from": [7.5, 8.9375, 12.75],
			"to": [7.625, 9.0625, 13.5],
			"faces": {
				"north": {"uv": [8.375, 4.9375, 8.5, 5.0625], "texture": "#texture1"},
				"east": {"uv": [2.5, 4.9375, 3.25, 5.0625], "texture": "#texture1"},
				"south": {"uv": [7.5, 4.9375, 7.625, 5.0625], "texture": "#texture1"},
				"west": {"uv": [12.75, 4.9375, 13.5, 5.0625], "texture": "#texture1"},
				"up": {"uv": [7.5, 12.75, 7.625, 13.5], "texture": "#texture1"},
				"down": {"uv": [8.5, 13.5, 8.375, 12.75], "texture": "#texture1"}
			}
		},
		{
			"from": [8.375, 8.9375, 12.75],
			"to": [8.5, 9.0625, 13.5],
			"faces": {
				"north": {"uv": [7.5, 4.9375, 7.625, 5.0625], "texture": "#texture1"},
				"east": {"uv": [2.5, 4.9375, 3.25, 5.0625], "texture": "#texture1"},
				"south": {"uv": [8.375, 4.9375, 8.5, 5.0625], "texture": "#texture1"},
				"west": {"uv": [12.75, 4.9375, 13.5, 5.0625], "texture": "#texture1"},
				"up": {"uv": [8.375, 12.75, 8.5, 13.5], "texture": "#texture1"},
				"down": {"uv": [7.625, 13.5, 7.5, 12.75], "texture": "#texture1"}
			}
		},
		{
			"from": [7.5, 8.9375, 13.5],
			"to": [7.625, 9.0625, 14.25],
			"rotation": {"angle": 22.5, "axis": "x", "origin": [7.50005, 9.0625, 13.5]},
			"faces": {
				"north": {"uv": [8.375, 4.9375, 8.5, 5.0625], "texture": "#texture1"},
				"east": {"uv": [1.75, 4.9375, 2.5, 5.0625], "texture": "#texture1"},
				"south": {"uv": [7.5, 4.9375, 7.625, 5.0625], "texture": "#texture1"},
				"west": {"uv": [13.5, 4.9375, 14.25, 5.0625], "texture": "#texture1"},
				"up": {"uv": [7.5, 13.5, 7.625, 14.25], "texture": "#texture1"},
				"down": {"uv": [8.5, 14.25, 8.375, 13.5], "texture": "#texture1"}
			}
		},
		{
			"from": [8.375, 8.9375, 13.4853],
			"to": [8.5, 9.0625, 14.2353],
			"rotation": {"angle": 22.5, "axis": "x", "origin": [8.37505, 9.0625, 13.4853]},
			"faces": {
				"north": {"uv": [7.5, 4.9375, 7.625, 5.0625], "texture": "#texture1"},
				"east": {"uv": [1.75, 4.9375, 2.5, 5.0625], "texture": "#texture1"},
				"south": {"uv": [8.375, 4.9375, 8.5, 5.0625], "texture": "#texture1"},
				"west": {"uv": [13.5, 4.9375, 14.25, 5.0625], "texture": "#texture1"},
				"up": {"uv": [8.375, 13.5, 8.5, 14.25], "texture": "#texture1"},
				"down": {"uv": [7.625, 14.25, 7.5, 13.5], "texture": "#texture1"}
			}
		},
		{
			"from": [7.5, 8.9375, 14.5],
			"to": [7.625, 9.1875, 14.875],
			"faces": {
				"north": {"uv": [8.375, 4.8125, 8.5, 5.0625], "texture": "#texture1"},
				"east": {"uv": [1.125, 4.8125, 1.5, 5.0625], "texture": "#texture1"},
				"south": {"uv": [7.5, 4.8125, 7.625, 5.0625], "texture": "#texture1"},
				"west": {"uv": [14.5, 4.8125, 14.875, 5.0625], "texture": "#texture1"},
				"up": {"uv": [7.5, 14.5, 7.625, 14.875], "texture": "#texture1"},
				"down": {"uv": [8.5, 14.875, 8.375, 14.5], "texture": "#texture1"}
			}
		},
		{
			"from": [8.375, 8.9375, 14.5],
			"to": [8.5, 9.1875, 14.875],
			"faces": {
				"north": {"uv": [7.5, 4.8125, 7.625, 5.0625], "texture": "#texture1"},
				"east": {"uv": [1.125, 4.8125, 1.5, 5.0625], "texture": "#texture1"},
				"south": {"uv": [8.375, 4.8125, 8.5, 5.0625], "texture": "#texture1"},
				"west": {"uv": [14.5, 4.8125, 14.875, 5.0625], "texture": "#texture1"},
				"up": {"uv": [8.375, 14.5, 8.5, 14.875], "texture": "#texture1"},
				"down": {"uv": [7.625, 14.875, 7.5, 14.5], "texture": "#texture1"}
			}
		},
		{
			"from": [7.5, 9.135, 14.5625],
			"to": [7.625, 9.3225, 14.8125],
			"faces": {
				"north": {"uv": [8.375, 4.6775, 8.5, 4.865], "texture": "#texture1"},
				"east": {"uv": [1.1875, 4.6775, 1.4375, 4.865], "texture": "#texture1"},
				"south": {"uv": [7.5, 4.6775, 7.625, 4.865], "texture": "#texture1"},
				"west": {"uv": [14.5625, 4.6775, 14.8125, 4.865], "texture": "#texture1"},
				"up": {"uv": [7.5, 14.5625, 7.625, 14.8125], "texture": "#texture1"},
				"down": {"uv": [8.5, 14.8125, 8.375, 14.5625], "texture": "#texture1"}
			}
		},
		{
			"from": [8.375, 9.135, 14.5625],
			"to": [8.5, 9.3225, 14.8125],
			"faces": {
				"north": {"uv": [7.5, 4.6775, 7.625, 4.865], "texture": "#texture1"},
				"east": {"uv": [1.1875, 4.6775, 1.4375, 4.865], "texture": "#texture1"},
				"south": {"uv": [8.375, 4.6775, 8.5, 4.865], "texture": "#texture1"},
				"west": {"uv": [14.5625, 4.6775, 14.8125, 4.865], "texture": "#texture1"},
				"up": {"uv": [8.375, 14.5625, 8.5, 14.8125], "texture": "#texture1"},
				"down": {"uv": [7.625, 14.8125, 7.5, 14.5625], "texture": "#texture1"}
			}
		},
		{
			"from": [7.625, 8.9375, 14.625],
			"to": [8.375, 9.3125, 14.75],
			"faces": {
				"north": {"uv": [7.625, 4.6875, 8.375, 5.0625], "texture": "#texture1"},
				"east": {"uv": [1.25, 4.6875, 1.375, 5.0625], "texture": "#texture1"},
				"south": {"uv": [7.625, 4.6875, 8.375, 5.0625], "texture": "#texture1"},
				"west": {"uv": [14.625, 4.6875, 14.75, 5.0625], "texture": "#texture1"},
				"up": {"uv": [7.625, 14.625, 8.375, 14.75], "texture": "#texture1"},
				"down": {"uv": [8.375, 14.75, 7.625, 14.625], "texture": "#texture1"}
			}
		},
		{
			"from": [7.625, 9.3125, 14.625],
			"to": [7.875, 9.4375, 14.75],
			"faces": {
				"north": {"uv": [8.125, 4.5625, 8.375, 4.6875], "texture": "#texture1"},
				"east": {"uv": [1.25, 4.5625, 1.375, 4.6875], "texture": "#texture1"},
				"south": {"uv": [7.625, 4.5625, 7.875, 4.6875], "texture": "#texture1"},
				"west": {"uv": [14.625, 4.5625, 14.75, 4.6875], "texture": "#texture1"},
				"up": {"uv": [7.625, 14.625, 7.875, 14.75], "texture": "#texture1"},
				"down": {"uv": [8.375, 14.75, 8.125, 14.625], "texture": "#texture1"}
			}
		},
		{
			"from": [8.125, 9.3125, 14.625],
			"to": [8.375, 9.4375, 14.75],
			"faces": {
				"north": {"uv": [7.625, 4.5625, 7.875, 4.6875], "texture": "#texture1"},
				"east": {"uv": [1.25, 4.5625, 1.375, 4.6875], "texture": "#texture1"},
				"south": {"uv": [8.125, 4.5625, 8.375, 4.6875], "texture": "#texture1"},
				"west": {"uv": [14.625, 4.5625, 14.75, 4.6875], "texture": "#texture1"},
				"up": {"uv": [8.125, 14.625, 8.375, 14.75], "texture": "#texture1"},
				"down": {"uv": [7.875, 14.75, 7.625, 14.625], "texture": "#texture1"}
			}
		},
		{
			"from": [7.625, 9, 13.0625],
			"to": [8.375, 9.125, 13.1875],
			"faces": {
				"north": {"uv": [7.625, 4.875, 8.375, 5], "texture": "#texture1"},
				"east": {"uv": [2.8125, 4.875, 2.9375, 5], "texture": "#texture1"},
				"south": {"uv": [7.625, 4.875, 8.375, 5], "texture": "#texture1"},
				"west": {"uv": [13.0625, 4.875, 13.1875, 5], "texture": "#texture1"},
				"up": {"uv": [7.625, 13.0625, 8.375, 13.1875], "texture": "#texture1"},
				"down": {"uv": [8.375, 13.1875, 7.625, 13.0625], "texture": "#texture1"}
			}
		},
		{
			"from": [7.875, 8.9375, 13.0625],
			"to": [8.125, 9.0625, 13.1875],
			"faces": {
				"north": {"uv": [7.875, 4.9375, 8.125, 5.0625], "texture": "#texture1"},
				"east": {"uv": [2.8125, 4.9375, 2.9375, 5.0625], "texture": "#texture1"},
				"south": {"uv": [7.875, 4.9375, 8.125, 5.0625], "texture": "#texture1"},
				"west": {"uv": [13.0625, 4.9375, 13.1875, 5.0625], "texture": "#texture1"},
				"up": {"uv": [7.875, 13.0625, 8.125, 13.1875], "texture": "#texture1"},
				"down": {"uv": [8.125, 13.1875, 7.875, 13.0625], "texture": "#texture1"}
			}
		},
		{
			"from": [7.75, 9.0625, 13.0625],
			"to": [8.25, 9.125, 14.6875],
			"faces": {
				"north": {"uv": [7.75, 4.875, 8.25, 4.9375], "texture": "#texture1"},
				"east": {"uv": [1.3125, 4.875, 2.9375, 4.9375], "texture": "#texture1"},
				"south": {"uv": [7.75, 4.875, 8.25, 4.9375], "texture": "#texture1"},
				"west": {"uv": [13.0625, 4.875, 14.6875, 4.9375], "texture": "#texture1"},
				"up": {"uv": [7.75, 13.0625, 8.25, 14.6875], "texture": "#texture1"},
				"down": {"uv": [8.25, 14.6875, 7.75, 13.0625], "texture": "#texture1"}
			}
		},
		{
			"from": [7.5, 9.125, 14.625],
			"to": [7.625, 9.3125, 14.6875],
			"rotation": {"angle": 45, "axis": "x", "origin": [7.50005, 9.3125, 14.625]},
			"faces": {
				"north": {"uv": [8.375, 4.6875, 8.5, 4.875], "texture": "#texture1"},
				"east": {"uv": [1.4375, 4.6875, 1.5, 4.875], "texture": "#texture1"},
				"south": {"uv": [7.5, 4.6875, 7.625, 4.875], "texture": "#texture1"},
				"west": {"uv": [14.5, 4.6875, 14.5625, 4.875], "texture": "#texture1"},
				"up": {"uv": [7.5, 14.5, 7.625, 14.5625], "texture": "#texture1"},
				"down": {"uv": [8.5, 14.5625, 8.375, 14.5], "texture": "#texture1"}
			}
		},
		{
			"from": [7.5, 9.0875, 14.6975],
			"to": [7.625, 9.275, 14.76],
			"rotation": {"angle": -45, "axis": "x", "origin": [7.50005, 9.275, 14.6975]},
			"faces": {
				"north": {"uv": [8.375, 4.6875, 8.5, 4.875], "texture": "#texture1"},
				"east": {"uv": [1.4375, 4.6875, 1.5, 4.875], "texture": "#texture1"},
				"south": {"uv": [7.5, 4.6875, 7.625, 4.875], "texture": "#texture1"},
				"west": {"uv": [14.5, 4.6875, 14.5625, 4.875], "texture": "#texture1"},
				"up": {"uv": [7.5, 14.5, 7.625, 14.5625], "texture": "#texture1"},
				"down": {"uv": [8.5, 14.5625, 8.375, 14.5], "texture": "#texture1"}
			}
		},
		{
			"from": [8.375, 9.0875, 14.6975],
			"to": [8.5, 9.275, 14.76],
			"rotation": {"angle": -45, "axis": "x", "origin": [8.37505, 9.275, 14.6975]},
			"faces": {
				"north": {"uv": [7.5, 4.725, 7.625, 4.9125], "texture": "#texture1"},
				"east": {"uv": [1.24, 4.725, 1.3025, 4.9125], "texture": "#texture1"},
				"south": {"uv": [8.375, 4.725, 8.5, 4.9125], "texture": "#texture1"},
				"west": {"uv": [14.6975, 4.725, 14.76, 4.9125], "texture": "#texture1"},
				"up": {"uv": [8.375, 14.6975, 8.5, 14.76], "texture": "#texture1"},
				"down": {"uv": [7.625, 14.76, 7.5, 14.6975], "texture": "#texture1"}
			}
		},
		{
			"from": [8.375, 9.125, 14.625],
			"to": [8.5, 9.3125, 14.6875],
			"rotation": {"angle": 45, "axis": "x", "origin": [8.37505, 9.3125, 14.625]},
			"faces": {
				"north": {"uv": [8.375, 4.6875, 8.5, 4.875], "texture": "#texture1"},
				"east": {"uv": [1.4375, 4.6875, 1.5, 4.875], "texture": "#texture1"},
				"south": {"uv": [7.5, 4.6875, 7.625, 4.875], "texture": "#texture1"},
				"west": {"uv": [14.5, 4.6875, 14.5625, 4.875], "texture": "#texture1"},
				"up": {"uv": [7.5, 14.5, 7.625, 14.5625], "texture": "#texture1"},
				"down": {"uv": [8.5, 14.5625, 8.375, 14.5], "texture": "#texture1"}
			}
		},
		{
			"from": [7.5, 8.125, 2.875],
			"to": [8.5, 8.375, 3.25],
			"faces": {
				"north": {"uv": [7.5, 5.625, 8.5, 5.875], "texture": "#texture1"},
				"east": {"uv": [12.75, 5.625, 13.125, 5.875], "texture": "#texture1"},
				"south": {"uv": [7.5, 5.625, 8.5, 5.875], "texture": "#texture1"},
				"west": {"uv": [2.875, 5.625, 3.25, 5.875], "texture": "#texture1"},
				"up": {"uv": [7.5, 2.875, 8.5, 3.25], "texture": "#texture1"},
				"down": {"uv": [8.5, 3.25, 7.5, 2.875], "texture": "#texture1"}
			}
		},
		{
			"from": [6.6875, 8.1875, 3.25],
			"to": [7.5625, 8.375, 3.4375],
			"faces": {
				"north": {"uv": [8.4375, 5.625, 9.3125, 5.8125], "texture": "#texture2"},
				"east": {"uv": [12.5625, 5.625, 12.75, 5.8125], "texture": "#texture2"},
				"south": {"uv": [6.6875, 5.625, 7.5625, 5.8125], "texture": "#texture2"},
				"west": {"uv": [3.25, 5.625, 3.4375, 5.8125], "texture": "#texture2"},
				"up": {"uv": [6.6875, 3.25, 7.5625, 3.4375], "texture": "#texture2"},
				"down": {"uv": [9.3125, 3.4375, 8.4375, 3.25], "texture": "#texture2"}
			}
		},
		{
			"from": [7.5001, 2.3, 8.0825],
			"to": [8.5001, 4.675, 10.8325],
			"rotation": {"angle": 22.5, "axis": "x", "origin": [7.5001, 4.675, 8.0825]},
			"faces": {
				"north": {"uv": [7.5, 9.325, 8.5, 11.7], "texture": "#texture"},
				"east": {"uv": [5.1675, 9.325, 7.9175, 11.7], "texture": "#texture"},
				"south": {"uv": [7.5, 9.325, 8.5, 11.7], "texture": "#texture"},
				"west": {"uv": [8.0825, 9.325, 10.8325, 11.7], "texture": "#texture"},
				"up": {"uv": [7.5, 8.0825, 8.5, 10.8325], "texture": "#texture"},
				"down": {"uv": [8.5, 10.8325, 7.5, 8.0825], "texture": "#texture"}
			}
		},
		{
			"from": [7.5, 1, 7.765],
			"to": [8.5, 3.375, 10.515],
			"rotation": {"angle": 45, "axis": "x", "origin": [7.5, 3.375, 7.765]},
			"faces": {
				"north": {"uv": [7.5, 10.625, 8.5, 13], "texture": "#texture"},
				"east": {"uv": [5.485, 10.625, 8.235, 13], "texture": "#texture"},
				"south": {"uv": [7.5, 10.625, 8.5, 13], "texture": "#texture"},
				"west": {"uv": [7.765, 10.625, 10.515, 13], "texture": "#texture"},
				"up": {"uv": [7.5, 7.765, 8.5, 10.515], "texture": "#texture"},
				"down": {"uv": [8.5, 10.515, 7.5, 7.765], "texture": "#texture"}
			}
		},
		{
			"from": [7.375, 6, 15.5],
			"to": [8.625, 7.5, 15.625],
			"faces": {
				"north": {"uv": [7.375, 6.5, 8.625, 8], "texture": "#texture"},
				"east": {"uv": [0.375, 6.5, 0.5, 8], "texture": "#texture"},
				"south": {"uv": [7.375, 6.5, 8.625, 8], "texture": "#texture"},
				"west": {"uv": [15.5, 6.5, 15.625, 8], "texture": "#texture"},
				"up": {"uv": [7.375, 15.5, 8.625, 15.625], "texture": "#texture"},
				"down": {"uv": [8.625, 15.625, 7.375, 15.5], "texture": "#texture"}
			}
		},
		{
			"from": [7.5, 6, 15.625],
			"to": [8.5, 7.5, 16],
			"faces": {
				"north": {"uv": [7.5, 6.5, 8.5, 8], "texture": "#texture"},
				"east": {"uv": [0, 6.5, 0.375, 8], "texture": "#texture"},
				"south": {"uv": [7.5, 6.5, 8.5, 8], "texture": "#texture"},
				"west": {"uv": [15.625, 6.5, 16, 8], "texture": "#texture"},
				"up": {"uv": [7.5, 15.625, 8.5, 16], "texture": "#texture"},
				"down": {"uv": [8.5, 16, 7.5, 15.625], "texture": "#texture"}
			}
		},
		{
			"from": [7.5, 6, 16],
			"to": [8.5, 7.5, 22.5],
			"faces": {
				"north": {"uv": [7.5, 6.5, 8.5, 8], "texture": "#texture"},
				"east": {"uv": [7.5, 6.5, 16, 8], "texture": "#texture"},
				"south": {"uv": [7.5, 6.5, 8.5, 8], "texture": "#texture"},
				"west": {"uv": [0, 6.5, 8.5, 8], "texture": "#texture"},
				"up": {"uv": [7.5, 0, 8.5, 8.5], "texture": "#texture"},
				"down": {"uv": [7.5, 0, 8.5, 8.5], "texture": "#texture"}
			}
		},
		{
			"from": [7.5, 3.75, 22.25],
			"to": [8.5, 6, 22.5],
			"faces": {
				"north": {"uv": [7.5, 8, 8.5, 10.25], "texture": "#texture"},
				"east": {"uv": [7.625, 8, 7.875, 10.25], "texture": "#texture"},
				"south": {"uv": [7.5, 8, 8.5, 10.25], "texture": "#texture"},
				"west": {"uv": [8.125, 8, 8.375, 10.25], "texture": "#texture"},
				"up": {"uv": [7.5, 8.125, 8.5, 8.375], "texture": "#texture"},
				"down": {"uv": [8.5, 8.375, 7.5, 8.125], "texture": "#texture"}
			}
		},
		{
			"from": [7.5, 6, 22],
			"to": [8.5, 6.375, 22.75],
			"rotation": {"angle": 45, "axis": "x", "origin": [7.50005, 6.375, 22]},
			"faces": {
				"north": {"uv": [7.5, 7.625, 8.5, 8], "texture": "#texture"},
				"east": {"uv": [7.5, 7.625, 8.25, 8], "texture": "#texture"},
				"south": {"uv": [7.5, 7.625, 8.5, 8], "texture": "#texture"},
				"west": {"uv": [7.75, 7.625, 8.5, 8], "texture": "#texture"},
				"up": {"uv": [7.5, 7.75, 8.5, 8.5], "texture": "#texture"},
				"down": {"uv": [8.5, 8.5, 7.5, 7.75], "texture": "#texture"}
			}
		},
		{
			"from": [7.75, 3.75, 21.625],
			"to": [8.25, 4.25, 22.25],
			"faces": {
				"north": {"uv": [7.75, 9.75, 8.25, 10.25], "texture": "#texture"},
				"east": {"uv": [0, 9.75, 0, 10.25], "texture": "#texture"},
				"south": {"uv": [7.75, 9.75, 8.25, 10.25], "texture": "#texture"},
				"west": {"uv": [16, 9.75, 16, 10.25], "texture": "#texture"},
				"up": {"uv": [7.75, 16, 8.25, 16], "texture": "#texture"},
				"down": {"uv": [8.25, 16, 7.75, 16], "texture": "#texture"}
			}
		},
		{
			"from": [7.75, 3.9375, 20.4375],
			"to": [8.25, 6.0625, 20.6875],
			"rotation": {"angle": -22.5, "axis": "x", "origin": [7.75005, 6.0625, 20.4375]},
			"faces": {
				"north": {"uv": [7.5, 8, 8.5, 10.25], "texture": "#texture"},
				"east": {"uv": [7.625, 8, 7.875, 10.25], "texture": "#texture"},
				"south": {"uv": [7.5, 8, 8.5, 10.25], "texture": "#texture"},
				"west": {"uv": [8.125, 8, 8.375, 10.25], "texture": "#texture"},
				"up": {"uv": [7.5, 8.125, 8.5, 8.375], "texture": "#texture"},
				"down": {"uv": [8.5, 8.375, 7.5, 8.125], "texture": "#texture"}
			}
		},
		{
			"from": [7.7501, 3.6075, 21.26],
			"to": [8.2501, 4.1075, 21.635],
			"rotation": {"angle": -45, "axis": "x", "origin": [7.7501, 4.1075, 21.26]},
			"faces": {
				"north": {"uv": [7.75, 9.875, 8.25, 10.375], "texture": "#texture"},
				"east": {"uv": [8.75, 9.875, 9.125, 10.375], "texture": "#texture"},
				"south": {"uv": [7.75, 9.875, 8.25, 10.375], "texture": "#texture"},
				"west": {"uv": [7.25, 9.875, 7.625, 10.375], "texture": "#texture"},
				"up": {"uv": [7.75, 6.75, 8.25, 7.125], "texture": "#texture"},
				"down": {"uv": [7.75, 6.75, 8.25, 7.125], "texture": "#texture"}
			}
		},
		{
			"from": [7.7501, 5.5, 20.25],
			"to": [8.2501, 6, 20.625],
			"rotation": {"angle": -45, "axis": "x", "origin": [7.7501, 6, 20.25]},
			"faces": {
				"north": {"uv": [7.75, 9.875, 8.25, 10.375], "texture": "#texture"},
				"east": {"uv": [8.75, 9.875, 9.125, 10.375], "texture": "#texture"},
				"south": {"uv": [7.75, 9.875, 8.25, 10.375], "texture": "#texture"},
				"west": {"uv": [7.25, 9.875, 7.625, 10.375], "texture": "#texture"},
				"up": {"uv": [7.75, 6.75, 8.25, 7.125], "texture": "#texture"},
				"down": {"uv": [7.75, 6.75, 8.25, 7.125], "texture": "#texture"}
			}
		},
		{
			"from": [7.7502, 6, 22.0625],
			"to": [8.2502, 6.375, 22.6875],
			"rotation": {"angle": 22.5, "axis": "x", "origin": [7.75015, 6.375, 22.0625]},
			"faces": {
				"north": {"uv": [7.75, 9.875, 8.25, 10.375], "texture": "#texture"},
				"east": {"uv": [8.75, 9.875, 9.125, 10.375], "texture": "#texture"},
				"south": {"uv": [7.75, 9.875, 8.25, 10.375], "texture": "#texture"},
				"west": {"uv": [7.25, 9.875, 7.625, 10.375], "texture": "#texture"},
				"up": {"uv": [7.75, 6.75, 8.25, 7.125], "texture": "#texture"},
				"down": {"uv": [7.75, 6.75, 8.25, 7.125], "texture": "#texture"}
			}
		},
		{
			"from": [7.75, 3.9375, 21.0625],
			"to": [8.25, 6.0625, 21.3125],
			"rotation": {"angle": -22.5, "axis": "x", "origin": [7.75005, 6.0625, 21.0625]},
			"faces": {
				"north": {"uv": [7.5, 8, 8.5, 10.25], "texture": "#texture"},
				"east": {"uv": [7.625, 8, 7.875, 10.25], "texture": "#texture"},
				"south": {"uv": [7.5, 8, 8.5, 10.25], "texture": "#texture"},
				"west": {"uv": [8.125, 8, 8.375, 10.25], "texture": "#texture"},
				"up": {"uv": [7.5, 8.125, 8.5, 8.375], "texture": "#texture"},
				"down": {"uv": [8.5, 8.375, 7.5, 8.125], "texture": "#texture"}
			}
		},
		{
			"from": [7.75, 4.25, 21.875],
			"to": [8.25, 6, 22.25],
			"faces": {
				"north": {"uv": [7.5, 8, 8.5, 10.25], "texture": "#texture"},
				"east": {"uv": [7.625, 8, 7.875, 10.25], "texture": "#texture"},
				"south": {"uv": [7.5, 8, 8.5, 10.25], "texture": "#texture"},
				"west": {"uv": [8.125, 8, 8.375, 10.25], "texture": "#texture"},
				"up": {"uv": [7.5, 8.125, 8.5, 8.375], "texture": "#texture"},
				"down": {"uv": [8.5, 8.375, 7.5, 8.125], "texture": "#texture"}
			}
		},
		{
			"from": [7.75, 5.375, 21.375],
			"to": [8.25, 6, 21.875],
			"faces": {
				"north": {"uv": [7.5, 8, 8.5, 10.25], "texture": "#texture"},
				"east": {"uv": [7.625, 8, 7.875, 10.25], "texture": "#texture"},
				"south": {"uv": [7.5, 8, 8.5, 10.25], "texture": "#texture"},
				"west": {"uv": [8.125, 8, 8.375, 10.25], "texture": "#texture"},
				"up": {"uv": [7.5, 8.125, 8.5, 8.375], "texture": "#texture"},
				"down": {"uv": [8.5, 8.375, 7.5, 8.125], "texture": "#texture"}
			}
		},
		{
			"from": [7.75, 4.75, 21.625],
			"to": [8.25, 5.375, 21.875],
			"faces": {
				"north": {"uv": [7.5, 8, 8.5, 10.25], "texture": "#texture"},
				"east": {"uv": [7.625, 8, 7.875, 10.25], "texture": "#texture"},
				"south": {"uv": [7.5, 8, 8.5, 10.25], "texture": "#texture"},
				"west": {"uv": [8.125, 8, 8.375, 10.25], "texture": "#texture"},
				"up": {"uv": [7.5, 8.125, 8.5, 8.375], "texture": "#texture"},
				"down": {"uv": [8.5, 8.375, 7.5, 8.125], "texture": "#texture"}
			}
		},
		{
			"from": [7.75, 4.125, 21.375],
			"to": [8.25, 4.375, 21.875],
			"faces": {
				"north": {"uv": [7.5, 8, 8.5, 10.25], "texture": "#texture"},
				"east": {"uv": [7.625, 8, 7.875, 10.25], "texture": "#texture"},
				"south": {"uv": [7.5, 8, 8.5, 10.25], "texture": "#texture"},
				"west": {"uv": [8.125, 8, 8.375, 10.25], "texture": "#texture"},
				"up": {"uv": [7.5, 8.125, 8.5, 8.375], "texture": "#texture"},
				"down": {"uv": [8.5, 8.375, 7.5, 8.125], "texture": "#texture"}
			}
		},
		{
			"from": [7.75, 5.5, 20.875],
			"to": [8.25, 6, 21.375],
			"faces": {
				"north": {"uv": [7.5, 8, 8.5, 10.25], "texture": "#texture"},
				"east": {"uv": [7.625, 8, 7.875, 10.25], "texture": "#texture"},
				"south": {"uv": [7.5, 8, 8.5, 10.25], "texture": "#texture"},
				"west": {"uv": [8.125, 8, 8.375, 10.25], "texture": "#texture"},
				"up": {"uv": [7.5, 8.125, 8.5, 8.375], "texture": "#texture"},
				"down": {"uv": [8.5, 8.375, 7.5, 8.125], "texture": "#texture"}
			}
		},
		{
			"from": [7.75, 5.625, 22.75],
			"to": [8.25, 6, 23],
			"faces": {
				"north": {"uv": [7.5, 8, 8.5, 10.25], "texture": "#texture"},
				"east": {"uv": [7.625, 8, 7.875, 10.25], "texture": "#texture"},
				"south": {"uv": [7.5, 8, 8.5, 10.25], "texture": "#texture"},
				"west": {"uv": [8.125, 8, 8.375, 10.25], "texture": "#texture"},
				"up": {"uv": [7.5, 8.125, 8.5, 8.375], "texture": "#texture"},
				"down": {"uv": [8.5, 8.375, 7.5, 8.125], "texture": "#texture"}
			}
		},
		{
			"from": [7.75, 5.75, 20.125],
			"to": [8.25, 6, 20.625],
			"faces": {
				"north": {"uv": [7.75, 12.375, 8.25, 12.625], "texture": "#texture"},
				"east": {"uv": [4.375, 12.375, 4.875, 12.625], "texture": "#texture"},
				"south": {"uv": [7.75, 12.375, 8.25, 12.625], "texture": "#texture"},
				"west": {"uv": [11.125, 12.375, 11.625, 12.625], "texture": "#texture"},
				"up": {"uv": [7.75, 11.125, 8.25, 11.625], "texture": "#texture"},
				"down": {"uv": [8.25, 11.625, 7.75, 11.125], "texture": "#texture"}
			}
		},
		{
			"from": [7.75, 6, 19.625],
			"to": [8.25, 6.25, 20.25],
			"rotation": {"angle": 22.5, "axis": "x", "origin": [7.75005, 6.25, 19.625]},
			"faces": {
				"north": {"uv": [7.75, 11.875, 8.25, 12.125], "texture": "#texture"},
				"east": {"uv": [2.75, 11.875, 3.375, 12.125], "texture": "#texture"},
				"south": {"uv": [7.75, 11.875, 8.25, 12.125], "texture": "#texture"},
				"west": {"uv": [12.625, 11.875, 13.25, 12.125], "texture": "#texture"},
				"up": {"uv": [7.75, 12.625, 8.25, 13.25], "texture": "#texture"},
				"down": {"uv": [8.25, 13.25, 7.75, 12.625], "texture": "#texture"}
			}
		},
		{
			"from": [7.625, 5.625, 21.375],
			"to": [8.375, 6, 22.375],
			"faces": {
				"north": {"uv": [7.625, 13.25, 8.375, 13.625], "texture": "#texture"},
				"east": {"uv": [3.5, 13.25, 4.5, 13.625], "texture": "#texture"},
				"south": {"uv": [7.625, 13.25, 8.375, 13.625], "texture": "#texture"},
				"west": {"uv": [11.5, 13.25, 12.5, 13.625], "texture": "#texture"},
				"up": {"uv": [7.625, 11.5, 8.375, 12.5], "texture": "#texture"},
				"down": {"uv": [8.375, 12.5, 7.625, 11.5], "texture": "#texture"}
			}
		},
		{
			"from": [7.25, 6, 15.5],
			"to": [7.5, 7.5, 15.75],
			"faces": {
				"north": {"uv": [8.5, 6.5, 8.75, 8], "texture": "#texture"},
				"east": {"uv": [0.25, 6.5, 0.5, 8], "texture": "#texture"},
				"south": {"uv": [7.25, 6.5, 7.5, 8], "texture": "#texture"},
				"west": {"uv": [15.5, 6.5, 15.75, 8], "texture": "#texture"},
				"up": {"uv": [7.25, 15.5, 7.5, 15.75], "texture": "#texture"},
				"down": {"uv": [8.75, 15.75, 8.5, 15.5], "texture": "#texture"}
			}
		},
		{
			"from": [7.3125, 5.9375, 15.5625],
			"to": [7.4375, 7.5625, 15.6875],
			"faces": {
				"north": {"uv": [8.5625, 6.4375, 8.6875, 8.0625], "texture": "#texture"},
				"east": {"uv": [0.3125, 6.4375, 0.4375, 8.0625], "texture": "#texture"},
				"south": {"uv": [7.3125, 6.4375, 7.4375, 8.0625], "texture": "#texture"},
				"west": {"uv": [15.5625, 6.4375, 15.6875, 8.0625], "texture": "#texture"},
				"up": {"uv": [7.3125, 15.5625, 7.4375, 15.6875], "texture": "#texture"},
				"down": {"uv": [8.6875, 15.6875, 8.5625, 15.5625], "texture": "#texture"}
			}
		},
		{
			"from": [7.6875, 6.625, -8],
			"to": [8.3125, 7.25, -1],
			"faces": {
				"north": {"uv": [7.75, 6.75, 8.25, 7.25], "texture": "#texture1"},
				"east": {"uv": [0, 6.75, 9, 7.25], "texture": "#texture1"},
				"south": {"uv": [7.75, 6.75, 8.25, 7.25], "texture": "#texture1"},
				"west": {"uv": [7, 6.75, 16, 7.25], "texture": "#texture1"},
				"up": {"uv": [7.875, 7, 8.375, 16], "texture": "#texture1"},
				"down": {"uv": [7.875, 7, 8.375, 16], "texture": "#texture1"}
			}
		},
		{
			"from": [7.6875, 7.75, -4.375],
			"to": [8.3125, 8.375, -1],
			"faces": {
				"north": {"uv": [7.75, 5.75, 8.25, 6.25], "texture": "#texture1"},
				"east": {"uv": [0, 5.75, 3.375, 6.25], "texture": "#texture1"},
				"south": {"uv": [7.75, 5.75, 8.25, 6.25], "texture": "#texture1"},
				"west": {"uv": [12.625, 5.75, 16, 6.25], "texture": "#texture1"},
				"up": {"uv": [7.75, 12.625, 8.25, 16], "texture": "#texture1"},
				"down": {"uv": [7.75, 12.625, 8.25, 16], "texture": "#texture1"}
			}
		},
		{
			"from": [7.625, 7.6875, -4.375],
			"to": [8.375, 8.4375, -3.5],
			"faces": {
				"north": {"uv": [7.6875, 5.6875, 8.3125, 6.3125], "texture": "#texture1"},
				"east": {"uv": [0, 5.6875, 0.875, 6.3125], "texture": "#texture1"},
				"south": {"uv": [7.6875, 5.6875, 8.3125, 6.3125], "texture": "#texture1"},
				"west": {"uv": [15.125, 5.875, 16, 6.5], "texture": "#texture1"},
				"up": {"uv": [7.75, 15.125, 8.375, 16], "texture": "#texture1"},
				"down": {"uv": [7.75, 15.125, 8.375, 16], "texture": "#texture1"}
			}
		},
		{
			"from": [7.625, 6.5625, -5.125],
			"to": [8.375, 7.3125, -3.875],
			"faces": {
				"north": {"uv": [7.6875, 5.6875, 8.3125, 6.3125], "texture": "#texture1"},
				"east": {"uv": [0, 5.6875, 0.875, 6.3125], "texture": "#texture1"},
				"south": {"uv": [7.6875, 5.6875, 8.3125, 6.3125], "texture": "#texture1"},
				"west": {"uv": [15.125, 5.875, 16, 6.5], "texture": "#texture1"},
				"up": {"uv": [7.75, 15.125, 8.375, 16], "texture": "#texture1"},
				"down": {"uv": [7.75, 15.125, 8.375, 16], "texture": "#texture1"}
			}
		},
		{
			"from": [7.6875, 7.125, -4.375],
			"to": [8.3125, 8.125, -3.625],
			"rotation": {"angle": 22.5, "axis": "x", "origin": [7.6875, 8.125, -4.375]},
			"faces": {
				"north": {"uv": [7.75, 5.75, 8.25, 6.25], "texture": "#texture1"},
				"east": {"uv": [0, 5.75, 3.375, 6.25], "texture": "#texture1"},
				"south": {"uv": [7.75, 5.75, 8.25, 6.25], "texture": "#texture1"},
				"west": {"uv": [12.625, 5.75, 16, 6.25], "texture": "#texture1"},
				"up": {"uv": [7.75, 12.625, 8.25, 16], "texture": "#texture1"},
				"down": {"uv": [7.75, 12.625, 8.25, 16], "texture": "#texture1"}
			}
		},
		{
			"from": [7.625, 6.5625, -1.375],
			"to": [8.375, 7.3125, -1],
			"faces": {
				"north": {"uv": [7.6875, 6.6875, 8.3125, 7.3125], "texture": "#texture1"},
				"east": {"uv": [0, 6.6875, 0.375, 7.3125], "texture": "#texture1"},
				"south": {"uv": [7.6875, 6.6875, 8.3125, 7.3125], "texture": "#texture1"},
				"west": {"uv": [0, 6.6875, 0.375, 7.3125], "texture": "#texture1"},
				"up": {"uv": [7.6875, 0, 8.3125, 0.375], "texture": "#texture1"},
				"down": {"uv": [7.6875, 0, 8.3125, 0.375], "texture": "#texture1"}
			}
		},
		{
			"from": [7.625, 6.5625, -7.75],
			"to": [8.375, 7.3125, -6.75],
			"faces": {
				"north": {"uv": [7.6875, 5.6875, 8.3125, 6.3125], "texture": "#texture1"},
				"east": {"uv": [0, 5.6875, 0.875, 6.3125], "texture": "#texture1"},
				"south": {"uv": [7.6875, 5.6875, 8.3125, 6.3125], "texture": "#texture1"},
				"west": {"uv": [15.125, 5.875, 16, 6.5], "texture": "#texture1"},
				"up": {"uv": [7.75, 15.125, 8.375, 16], "texture": "#texture1"},
				"down": {"uv": [7.75, 15.125, 8.375, 16], "texture": "#texture1"}
			}
		},
		{
			"from": [7.625, 6.5625, -10.375],
			"to": [8.375, 7.3125, -8],
			"faces": {
				"north": {"uv": [7.625, 6.6875, 8.375, 7.4375], "texture": "#texture1"},
				"east": {"uv": [2, 6.6875, 4.375, 7.4375], "texture": "#texture1"},
				"south": {"uv": [7.625, 6.6875, 8.375, 7.4375], "texture": "#texture1"},
				"west": {"uv": [11.625, 6.75, 14, 7.5], "texture": "#texture1"},
				"up": {"uv": [7.625, 3, 8.375, 5.375], "texture": "#texture1"},
				"down": {"uv": [7.625, 3, 8.375, 5.375], "texture": "#texture1"}
			}
		},
		{
			"from": [7.75, 7.3125, -7.6875],
			"to": [8.25, 9.0625, -7.4375],
			"faces": {
				"north": {"uv": [7.75, 9, 8.25, 10.75], "texture": "#texture1"},
				"east": {"uv": [13.375, 9, 13.625, 10.75], "texture": "#texture1"},
				"south": {"uv": [7.75, 9, 8.25, 10.75], "texture": "#texture1"},
				"west": {"uv": [2.375, 9, 2.625, 10.75], "texture": "#texture1"},
				"up": {"uv": [7.75, 2.375, 8.25, 2.625], "texture": "#texture1"},
				"down": {"uv": [8.25, 2.625, 7.75, 2.375], "texture": "#texture1"}
			}
		},
		{
			"from": [7.75, 6.875, -7.6875],
			"to": [8.25, 8.625, -7.4375],
			"rotation": {"angle": -22.5, "axis": "x", "origin": [7.75005, 8.625, -7.6875]},
			"faces": {
				"north": {"uv": [7.75, 9.125, 8.25, 10.875], "texture": "#texture1"},
				"east": {"uv": [13.375, 9.125, 13.625, 10.875], "texture": "#texture1"},
				"south": {"uv": [7.75, 9.125, 8.25, 10.875], "texture": "#texture1"},
				"west": {"uv": [2.375, 9.125, 2.625, 10.875], "texture": "#texture1"},
				"up": {"uv": [7.75, 2.375, 8.25, 2.625], "texture": "#texture1"},
				"down": {"uv": [8.25, 2.625, 7.75, 2.375], "texture": "#texture1"}
			}
		},
		{
			"from": [7.75, 7.6875, -7.5],
			"to": [8.25, 8.0625, -7.25],
			"faces": {
				"north": {"uv": [7.75, 9.75, 8.25, 10.125], "texture": "#texture1"},
				"east": {"uv": [13.125, 9.75, 13.375, 10.125], "texture": "#texture1"},
				"south": {"uv": [7.75, 9.75, 8.25, 10.125], "texture": "#texture1"},
				"west": {"uv": [2.625, 9.75, 2.875, 10.125], "texture": "#texture1"},
				"up": {"uv": [7.75, 2.625, 8.25, 2.875], "texture": "#texture1"},
				"down": {"uv": [8.25, 2.875, 7.75, 2.625], "texture": "#texture1"}
			}
		},
		{
			"from": [7.9375, 8.9375, -7.625],
			"to": [8.0625, 9.4375, -7.5],
			"faces": {
				"north": {"uv": [7.9375, 4.5625, 8.0625, 5.0625], "texture": "#texture1"},
				"east": {"uv": [0, 4.5625, 0.125, 5.0625], "texture": "#texture1"},
				"south": {"uv": [7.9375, 4.5625, 8.0625, 5.0625], "texture": "#texture1"},
				"west": {"uv": [0, 4.5625, 0.125, 5.0625], "texture": "#texture1"},
				"up": {"uv": [7.9375, 0, 8.0625, 0.125], "texture": "#texture1"},
				"down": {"uv": [7.9375, 0, 8.0625, 0.125], "texture": "#texture1"}
			}
		},
		{
			"from": [7.625, 9.125, -7.6875],
			"to": [7.75, 9.5, -7.4375],
			"faces": {
				"north": {"uv": [7.625, 4.5, 7.75, 4.875], "texture": "#texture1"},
				"east": {"uv": [0, 4.5, 0.25, 4.875], "texture": "#texture1"},
				"south": {"uv": [7.625, 4.5, 7.75, 4.875], "texture": "#texture1"},
				"west": {"uv": [0, 4.5, 0.25, 4.875], "texture": "#texture1"},
				"up": {"uv": [7.625, 0, 7.75, 0.25], "texture": "#texture1"},
				"down": {"uv": [7.625, 0, 7.75, 0.25], "texture": "#texture1"}
			}
		},
		{
			"from": [8.25, 9.125, -7.6875],
			"to": [8.375, 9.5, -7.4375],
			"faces": {
				"north": {"uv": [8.25, 4.5, 8.375, 4.875], "texture": "#texture1"},
				"east": {"uv": [0, 4.5, 0.25, 4.875], "texture": "#texture1"},
				"south": {"uv": [8.25, 4.5, 8.375, 4.875], "texture": "#texture1"},
				"west": {"uv": [0, 4.5, 0.25, 4.875], "texture": "#texture1"},
				"up": {"uv": [8.25, 0, 8.375, 0.25], "texture": "#texture1"},
				"down": {"uv": [8.25, 0, 8.375, 0.25], "texture": "#texture1"}
			}
		},
		{
			"from": [7.625, 8.875, -7.6875],
			"to": [7.75, 9.125, -7.4375],
			"rotation": {"angle": 45, "axis": "z", "origin": [7.625, 9.125, -7.68745]},
			"faces": {
				"north": {"uv": [7.625, 4.875, 7.75, 5.125], "texture": "#texture1"},
				"east": {"uv": [0, 4.875, 0.25, 5.125], "texture": "#texture1"},
				"south": {"uv": [7.625, 4.875, 7.75, 5.125], "texture": "#texture1"},
				"west": {"uv": [0, 4.875, 0.25, 5.125], "texture": "#texture1"},
				"up": {"uv": [7.625, 0, 7.75, 0.25], "texture": "#texture1"},
				"down": {"uv": [7.625, 0, 7.75, 0.25], "texture": "#texture1"}
			}
		},
		{
			"from": [8.285, 8.9625, -7.6875],
			"to": [8.41, 9.2125, -7.4375],
			"rotation": {"angle": -45, "axis": "z", "origin": [8.285, 9.2125, -7.68745]},
			"faces": {
				"north": {"uv": [7.625, 4.875, 7.75, 5.125], "texture": "#texture1"},
				"east": {"uv": [0, 4.875, 0.25, 5.125], "texture": "#texture1"},
				"south": {"uv": [7.625, 4.875, 7.75, 5.125], "texture": "#texture1"},
				"west": {"uv": [0, 4.875, 0.25, 5.125], "texture": "#texture1"},
				"up": {"uv": [7.625, 0, 7.75, 0.25], "texture": "#texture1"},
				"down": {"uv": [7.625, 0, 7.75, 0.25], "texture": "#texture1"}
			}
		},
		{
			"from": [8.1095, 9.3375, -7.6875],
			"to": [8.2345, 9.5875, -7.4375],
			"rotation": {"angle": 45, "axis": "z", "origin": [8.1095, 9.5875, -7.68745]},
			"faces": {
				"north": {"uv": [7.625, 4.875, 7.75, 5.125], "texture": "#texture1"},
				"east": {"uv": [0, 4.875, 0.25, 5.125], "texture": "#texture1"},
				"south": {"uv": [7.625, 4.875, 7.75, 5.125], "texture": "#texture1"},
				"west": {"uv": [0, 4.875, 0.25, 5.125], "texture": "#texture1"},
				"up": {"uv": [7.625, 0, 7.75, 0.25], "texture": "#texture1"},
				"down": {"uv": [7.625, 0, 7.75, 0.25], "texture": "#texture1"}
			}
		},
		{
			"from": [7.802, 9.425, -7.6875],
			"to": [7.927, 9.675, -7.4375],
			"rotation": {"angle": -45, "axis": "z", "origin": [7.802, 9.675, -7.68745]},
			"faces": {
				"north": {"uv": [7.625, 4.875, 7.75, 5.125], "texture": "#texture1"},
				"east": {"uv": [0, 4.875, 0.25, 5.125], "texture": "#texture1"},
				"south": {"uv": [7.625, 4.875, 7.75, 5.125], "texture": "#texture1"},
				"west": {"uv": [0, 4.875, 0.25, 5.125], "texture": "#texture1"},
				"up": {"uv": [7.625, 0, 7.75, 0.25], "texture": "#texture1"},
				"down": {"uv": [7.625, 0, 7.75, 0.25], "texture": "#texture1"}
			}
		},
		{
			"from": [7.125, 7.3125, 0],
			"to": [8.875, 7.375, 4],
			"faces": {
				"north": {"uv": [7.125, 6.625, 8.875, 6.6875], "texture": "#texture"},
				"east": {"uv": [12, 6.625, 16, 6.6875], "texture": "#texture"},
				"south": {"uv": [7.125, 6.625, 8.875, 6.6875], "texture": "#texture"},
				"west": {"uv": [0, 6.625, 4, 6.6875], "texture": "#texture"},
				"up": {"uv": [7.125, 0, 8.875, 4], "texture": "#texture"},
				"down": {"uv": [8.875, 4, 7.125, 0], "texture": "#texture"}
			}
		},
		{
			"from": [7.125, 7.1875, 0],
			"to": [8.875, 7.25, 4],
			"faces": {
				"north": {"uv": [7.125, 6.75, 8.875, 6.8125], "texture": "#texture"},
				"east": {"uv": [12, 6.75, 16, 6.8125], "texture": "#texture"},
				"south": {"uv": [7.125, 6.75, 8.875, 6.8125], "texture": "#texture"},
				"west": {"uv": [0, 6.75, 4, 6.8125], "texture": "#texture"},
				"up": {"uv": [7.125, 0, 8.875, 4], "texture": "#texture"},
				"down": {"uv": [8.875, 4, 7.125, 0], "texture": "#texture"}
			}
		},
		{
			"from": [7.125, 7.0625, 0],
			"to": [8.875, 7.125, 4],
			"faces": {
				"north": {"uv": [7.125, 6.875, 8.875, 6.9375], "texture": "#texture"},
				"east": {"uv": [12, 6.875, 16, 6.9375], "texture": "#texture"},
				"south": {"uv": [7.125, 6.875, 8.875, 6.9375], "texture": "#texture"},
				"west": {"uv": [0, 6.875, 4, 6.9375], "texture": "#texture"},
				"up": {"uv": [7.125, 0, 8.875, 4], "texture": "#texture"},
				"down": {"uv": [8.875, 4, 7.125, 0], "texture": "#texture"}
			}
		},
		{
			"from": [7.1875, 6.25, 13.5],
			"to": [8.0625, 7.375, 13.75],
			"rotation": {"angle": -22.5, "axis": "x", "origin": [7.1875, 7.375, 13.5]},
			"faces": {
				"north": {"uv": [8, 6.75, 8.875, 7.625], "texture": "#texture1"},
				"east": {"uv": [2.25, 6.75, 2.5, 7.625], "texture": "#texture1"},
				"south": {"uv": [7.125, 6.75, 8, 7.625], "texture": "#texture1"},
				"west": {"uv": [13.5, 6.75, 13.75, 7.625], "texture": "#texture1"},
				"up": {"uv": [7.125, 13.5, 8, 13.75], "texture": "#texture1"},
				"down": {"uv": [8.875, 13.75, 8, 13.5], "texture": "#texture1"}
			}
		},
		{
			"from": [7.1875, 6.125, 15.125],
			"to": [8.8125, 6.375, 15.375],
			"faces": {
				"north": {"uv": [8, 6.75, 8.875, 7.625], "texture": "#texture1"},
				"east": {"uv": [2.25, 6.75, 2.5, 7.625], "texture": "#texture1"},
				"south": {"uv": [7.125, 6.75, 8, 7.625], "texture": "#texture1"},
				"west": {"uv": [13.5, 6.75, 13.75, 7.625], "texture": "#texture1"},
				"up": {"uv": [7.125, 13.5, 8, 13.75], "texture": "#texture1"},
				"down": {"uv": [8.875, 13.75, 8, 13.5], "texture": "#texture1"}
			}
		},
		{
			"from": [7.1875, 7.125, 6.125],
			"to": [8.8125, 7.375, 6.375],
			"faces": {
				"north": {"uv": [8, 6.75, 8.875, 7.625], "texture": "#texture1"},
				"east": {"uv": [2.25, 6.75, 2.5, 7.625], "texture": "#texture1"},
				"south": {"uv": [7.125, 6.75, 8, 7.625], "texture": "#texture1"},
				"west": {"uv": [13.5, 6.75, 13.75, 7.625], "texture": "#texture1"},
				"up": {"uv": [7.125, 13.5, 8, 13.75], "texture": "#texture1"},
				"down": {"uv": [8.875, 13.75, 8, 13.5], "texture": "#texture1"}
			}
		},
		{
			"from": [7.1875, 7.125, 15.125],
			"to": [8.8125, 7.375, 15.375],
			"faces": {
				"north": {"uv": [8, 6.75, 8.875, 7.625], "texture": "#texture1"},
				"east": {"uv": [2.25, 6.75, 2.5, 7.625], "texture": "#texture1"},
				"south": {"uv": [7.125, 6.75, 8, 7.625], "texture": "#texture1"},
				"west": {"uv": [13.5, 6.75, 13.75, 7.625], "texture": "#texture1"},
				"up": {"uv": [7.125, 13.5, 8, 13.75], "texture": "#texture1"},
				"down": {"uv": [8.875, 13.75, 8, 13.5], "texture": "#texture1"}
			}
		},
		{
			"from": [7.1875, 6.125, 8.125],
			"to": [8.8125, 6.375, 8.625],
			"faces": {
				"north": {"uv": [8, 6.75, 8.875, 7.625], "texture": "#texture1"},
				"east": {"uv": [2.25, 6.75, 2.5, 7.625], "texture": "#texture1"},
				"south": {"uv": [7.125, 6.75, 8, 7.625], "texture": "#texture1"},
				"west": {"uv": [13.5, 6.75, 13.75, 7.625], "texture": "#texture1"},
				"up": {"uv": [7.125, 13.5, 8, 13.75], "texture": "#texture1"},
				"down": {"uv": [8.875, 13.75, 8, 13.5], "texture": "#texture1"}
			}
		},
		{
			"from": [7.875, 6.25, -7.5],
			"to": [8.125, 6.625, -7.125],
			"faces": {
				"north": {"uv": [7.6875, 5.6875, 8.3125, 6.3125], "texture": "#texture1"},
				"east": {"uv": [0, 5.6875, 0.875, 6.3125], "texture": "#texture1"},
				"south": {"uv": [7.6875, 5.6875, 8.3125, 6.3125], "texture": "#texture1"},
				"west": {"uv": [15.125, 5.875, 16, 6.5], "texture": "#texture1"},
				"up": {"uv": [7.75, 15.125, 8.375, 16], "texture": "#texture1"},
				"down": {"uv": [7.75, 15.125, 8.375, 16], "texture": "#texture1"}
			}
		},
		{
			"from": [7.875, 6.25, -4.875],
			"to": [8.125, 6.625, -4.5],
			"faces": {
				"north": {"uv": [7.6875, 5.6875, 8.3125, 6.3125], "texture": "#texture1"},
				"east": {"uv": [0, 5.6875, 0.875, 6.3125], "texture": "#texture1"},
				"south": {"uv": [7.6875, 5.6875, 8.3125, 6.3125], "texture": "#texture1"},
				"west": {"uv": [15.125, 5.875, 16, 6.5], "texture": "#texture1"},
				"up": {"uv": [7.75, 15.125, 8.375, 16], "texture": "#texture1"},
				"down": {"uv": [7.75, 15.125, 8.375, 16], "texture": "#texture1"}
			}
		},
		{
			"from": [7.4375, 3.75, 22.5],
			"to": [8.5625, 7.5, 22.875],
			"faces": {
				"north": {"uv": [7.4375, 11.25, 8.5625, 15], "texture": "#texture"},
				"east": {"uv": [3.25, 11.25, 3.625, 15], "texture": "#texture"},
				"south": {"uv": [7.4375, 11.25, 8.5625, 15], "texture": "#texture"},
				"west": {"uv": [12.375, 11.25, 12.75, 15], "texture": "#texture"},
				"up": {"uv": [7.4375, 12.375, 8.5625, 12.75], "texture": "#texture"},
				"down": {"uv": [8.5625, 12.75, 7.4375, 12.375], "texture": "#texture"}
			}
		}
	],
	"gui_light": "front",
	"display": {
		"thirdperson_righthand": {
			"translation": [0, 2.5, -0.5],
			"scale": [0.9, 0.75, 0.65]
		},
		"thirdperson_lefthand": {
			"translation": [0, 2.5, -0.5],
			"scale": [0.9, 0.75, 0.65]
		},
		"firstperson_righthand": {
			"translation": [-2, 4, -3],
			"scale": [1.1, 1.1, 1.1]
		},
		"firstperson_lefthand": {
			"translation": [-2, 4, -3],
			"scale": [1.1, 1.1, 1.1]
		},
		"ground": {
			"rotation": [0, 0, 90],
			"scale": [0.9, 0.75, 0.65]
		},
		"gui": {
			"rotation": [90, 45, -90],
			"translation": [1, 0.5, 0],
			"scale": [0.6, 0.6, 0.6]
		},
		"fixed": {
			"rotation": [0, 90, 0],
			"translation": [0, 2, 0],
			"scale": [1.4, 1.36, 1.58]
		}
	}
}