{"textures":{"0":"item/mobs/zahar/zahar_metal"},"elements":[{"from":[7.428571,-2.8571434,7.428571],"to":[9.142858,10.285714,10.285714],"rotation":{"angle":0.0,"axis":"y","origin":[8.0,-1.7142859,8.0]},"faces":{"east":{"uv":[4.0,0.0,5.25,5.75],"rotation":0,"texture":"#0","tintindex":0},"south":{"uv":[5.75,5.75,6.5,11.5],"rotation":0,"texture":"#0","tintindex":0},"north":{"uv":[5.0,5.75,5.75,11.5],"rotation":0,"texture":"#0","tintindex":0},"west":{"uv":[5.25,0.0,6.5,5.75],"rotation":0,"texture":"#0","tintindex":0},"up":{"uv":[9.0,1.25,8.25,0.0],"rotation":0,"texture":"#0","tintindex":0},"down":{"uv":[9.0,1.25,8.25,2.5],"rotation":0,"texture":"#0","tintindex":0}}},{"from":[6.857143,-1.7142859,5.714286],"to":[10.857143,2.2857141,8.571428],"rotation":{"angle":0.0,"axis":"y","origin":[8.0,-1.7142859,8.0]},"faces":{"east":{"uv":[2.0,7.25,3.25,9.0],"rotation":0,"texture":"#0","tintindex":0},"south":{"uv":[6.5,1.75,8.25,3.5],"rotation":0,"texture":"#0","tintindex":0},"north":{"uv":[6.5,0.0,8.25,1.75],"rotation":0,"texture":"#0","tintindex":0},"west":{"uv":[7.5,3.5,8.75,5.25],"rotation":0,"texture":"#0","tintindex":0},"up":{"uv":[9.25,6.5,7.5,5.25],"rotation":0,"texture":"#0","tintindex":0},"down":{"uv":[9.25,6.5,7.5,7.75],"rotation":0,"texture":"#0","tintindex":0}}},{"from":[8.571428,-4.5714293,6.857143],"to":[9.714286,16.0,9.142858],"rotation":{"angle":0.0,"axis":"y","origin":[8.0,-1.7142859,8.0]},"faces":{"east":{"uv":[0.0,0.0,1.0,9.0],"rotation":0,"texture":"#0","tintindex":0},"south":{"uv":[4.5,5.75,5.0,14.75],"rotation":0,"texture":"#0","tintindex":0},"north":{"uv":[4.0,5.75,4.5,14.75],"rotation":0,"texture":"#0","tintindex":0},"west":{"uv":[1.0,0.0,2.0,9.0],"rotation":0,"texture":"#0","tintindex":0},"up":{"uv":[9.25,5.0,8.75,4.0],"rotation":0,"texture":"#0","tintindex":0},"down":{"uv":[9.25,7.75,8.75,8.75],"rotation":0,"texture":"#0","tintindex":0}}},{"from":[8.0,2.2857141,8.0],"to":[10.285714,18.857143,8.571428],"rotation":{"angle":0.0,"axis":"y","origin":[8.0,-1.7142859,8.0]},"faces":{"east":{"uv":[8.25,7.75,8.5,15.0],"rotation":0,"texture":"#0","tintindex":0},"south":{"uv":[3.0,0.0,4.0,7.25],"rotation":0,"texture":"#0","tintindex":0},"north":{"uv":[2.0,0.0,3.0,7.25],"rotation":0,"texture":"#0","tintindex":0},"west":{"uv":[8.5,7.75,8.75,15.0],"rotation":0,"texture":"#0","tintindex":0},"up":{"uv":[9.75,5.25,8.75,5.0],"rotation":0,"texture":"#0","tintindex":0},"down":{"uv":[9.75,8.75,8.75,9.0],"rotation":0,"texture":"#0","tintindex":0}}}],"display":{"head":{"translation":[0.0,-6.4,0.0],"scale":[4.0,4.0,4.0]}}}{"textures":{"0":"item/mobs/zahar/zahar_metal"},"elements":[{"from":[7.428571,-2.8571434,7.428571],"to":[9.142858,10.285714,10.285714],"rotation":{"angle":0.0,"axis":"y","origin":[8.0,-1.7142859,8.0]},"faces":{"east":{"uv":[4.0,0.0,5.25,5.75],"rotation":0,"texture":"#0","tintindex":0},"south":{"uv":[5.75,5.75,6.5,11.5],"rotation":0,"texture":"#0","tintindex":0},"north":{"uv":[5.0,5.75,5.75,11.5],"rotation":0,"texture":"#0","tintindex":0},"west":{"uv":[5.25,0.0,6.5,5.75],"rotation":0,"texture":"#0","tintindex":0},"up":{"uv":[9.0,1.25,8.25,0.0],"rotation":0,"texture":"#0","tintindex":0},"down":{"uv":[9.0,1.25,8.25,2.5],"rotation":0,"texture":"#0","tintindex":0}}},{"from":[6.857143,-1.7142859,5.714286],"to":[10.857143,2.2857141,8.571428],"rotation":{"angle":0.0,"axis":"y","origin":[8.0,-1.7142859,8.0]},"faces":{"east":{"uv":[2.0,7.25,3.25,9.0],"rotation":0,"texture":"#0","tintindex":0},"south":{"uv":[6.5,1.75,8.25,3.5],"rotation":0,"texture":"#0","tintindex":0},"north":{"uv":[6.5,0.0,8.25,1.75],"rotation":0,"texture":"#0","tintindex":0},"west":{"uv":[7.5,3.5,8.75,5.25],"rotation":0,"texture":"#0","tintindex":0},"up":{"uv":[9.25,6.5,7.5,5.25],"rotation":0,"texture":"#0","tintindex":0},"down":{"uv":[9.25,6.5,7.5,7.75],"rotation":0,"texture":"#0","tintindex":0}}},{"from":[8.571428,-4.5714293,6.857143],"to":[9.714286,16.0,9.142858],"rotation":{"angle":0.0,"axis":"y","origin":[8.0,-1.7142859,8.0]},"faces":{"east":{"uv":[0.0,0.0,1.0,9.0],"rotation":0,"texture":"#0","tintindex":0},"south":{"uv":[4.5,5.75,5.0,14.75],"rotation":0,"texture":"#0","tintindex":0},"north":{"uv":[4.0,5.75,4.5,14.75],"rotation":0,"texture":"#0","tintindex":0},"west":{"uv":[1.0,0.0,2.0,9.0],"rotation":0,"texture":"#0","tintindex":0},"up":{"uv":[9.25,5.0,8.75,4.0],"rotation":0,"texture":"#0","tintindex":0},"down":{"uv":[9.25,7.75,8.75,8.75],"rotation":0,"texture":"#0","tintindex":0}}},{"from":[8.0,2.2857141,8.0],"to":[10.285714,18.857143,8.571428],"rotation":{"angle":0.0,"axis":"y","origin":[8.0,-1.7142859,8.0]},"faces":{"east":{"uv":[8.25,7.75,8.5,15.0],"rotation":0,"texture":"#0","tintindex":0},"south":{"uv":[3.0,0.0,4.0,7.25],"rotation":0,"texture":"#0","tintindex":0},"north":{"uv":[2.0,0.0,3.0,7.25],"rotation":0,"texture":"#0","tintindex":0},"west":{"uv":[8.5,7.75,8.75,15.0],"rotation":0,"texture":"#0","tintindex":0},"up":{"uv":[9.75,5.25,8.75,5.0],"rotation":0,"texture":"#0","tintindex":0},"down":{"uv":[9.75,8.75,8.75,9.0],"rotation":0,"texture":"#0","tintindex":0}}}],"display":{"head":{"translation":[0.0,-6.4,0.0],"scale":[4.0,4.0,4.0]}}}{"textures":{"0":"item/mobs/zahar/zahar_metal"},"elements":[{"from":[7.428571,-2.8571434,7.428571],"to":[9.142858,10.285714,10.285714],"rotation":{"angle":0.0,"axis":"y","origin":[8.0,-1.7142859,8.0]},"faces":{"east":{"uv":[4.0,0.0,5.25,5.75],"rotation":0,"texture":"#0","tintindex":0},"south":{"uv":[5.75,5.75,6.5,11.5],"rotation":0,"texture":"#0","tintindex":0},"north":{"uv":[5.0,5.75,5.75,11.5],"rotation":0,"texture":"#0","tintindex":0},"west":{"uv":[5.25,0.0,6.5,5.75],"rotation":0,"texture":"#0","tintindex":0},"up":{"uv":[9.0,1.25,8.25,0.0],"rotation":0,"texture":"#0","tintindex":0},"down":{"uv":[9.0,1.25,8.25,2.5],"rotation":0,"texture":"#0","tintindex":0}}},{"from":[6.857143,-1.7142859,5.714286],"to":[10.857143,2.2857141,8.571428],"rotation":{"angle":0.0,"axis":"y","origin":[8.0,-1.7142859,8.0]},"faces":{"east":{"uv":[2.0,7.25,3.25,9.0],"rotation":0,"texture":"#0","tintindex":0},"south":{"uv":[6.5,1.75,8.25,3.5],"rotation":0,"texture":"#0","tintindex":0},"north":{"uv":[6.5,0.0,8.25,1.75],"rotation":0,"texture":"#0","tintindex":0},"west":{"uv":[7.5,3.5,8.75,5.25],"rotation":0,"texture":"#0","tintindex":0},"up":{"uv":[9.25,6.5,7.5,5.25],"rotation":0,"texture":"#0","tintindex":0},"down":{"uv":[9.25,6.5,7.5,7.75],"rotation":0,"texture":"#0","tintindex":0}}},{"from":[8.571428,-4.5714293,6.857143],"to":[9.714286,16.0,9.142858],"rotation":{"angle":0.0,"axis":"y","origin":[8.0,-1.7142859,8.0]},"faces":{"east":{"uv":[0.0,0.0,1.0,9.0],"rotation":0,"texture":"#0","tintindex":0},"south":{"uv":[4.5,5.75,5.0,14.75],"rotation":0,"texture":"#0","tintindex":0},"north":{"uv":[4.0,5.75,4.5,14.75],"rotation":0,"texture":"#0","tintindex":0},"west":{"uv":[1.0,0.0,2.0,9.0],"rotation":0,"texture":"#0","tintindex":0},"up":{"uv":[9.25,5.0,8.75,4.0],"rotation":0,"texture":"#0","tintindex":0},"down":{"uv":[9.25,7.75,8.75,8.75],"rotation":0,"texture":"#0","tintindex":0}}},{"from":[8.0,2.2857141,8.0],"to":[10.285714,18.857143,8.571428],"rotation":{"angle":0.0,"axis":"y","origin":[8.0,-1.7142859,8.0]},"faces":{"east":{"uv":[8.25,7.75,8.5,15.0],"rotation":0,"texture":"#0","tintindex":0},"south":{"uv":[3.0,0.0,4.0,7.25],"rotation":0,"texture":"#0","tintindex":0},"north":{"uv":[2.0,0.0,3.0,7.25],"rotation":0,"texture":"#0","tintindex":0},"west":{"uv":[8.5,7.75,8.75,15.0],"rotation":0,"texture":"#0","tintindex":0},"up":{"uv":[9.75,5.25,8.75,5.0],"rotation":0,"texture":"#0","tintindex":0},"down":{"uv":[9.75,8.75,8.75,9.0],"rotation":0,"texture":"#0","tintindex":0}}}],"display":{"head":{"translation":[0.0,-6.4,0.0],"scale":[4.0,4.0,4.0]}}}{"textures":{"0":"item/mobs/zahar/zahar_metal"},"elements":[{"from":[7.428571,-2.8571434,7.428571],"to":[9.142858,10.285714,10.285714],"rotation":{"angle":0.0,"axis":"y","origin":[8.0,-1.7142859,8.0]},"faces":{"east":{"uv":[4.0,0.0,5.25,5.75],"rotation":0,"texture":"#0","tintindex":0},"south":{"uv":[5.75,5.75,6.5,11.5],"rotation":0,"texture":"#0","tintindex":0},"north":{"uv":[5.0,5.75,5.75,11.5],"rotation":0,"texture":"#0","tintindex":0},"west":{"uv":[5.25,0.0,6.5,5.75],"rotation":0,"texture":"#0","tintindex":0},"up":{"uv":[9.0,1.25,8.25,0.0],"rotation":0,"texture":"#0","tintindex":0},"down":{"uv":[9.0,1.25,8.25,2.5],"rotation":0,"texture":"#0","tintindex":0}}},{"from":[6.857143,-1.7142859,5.714286],"to":[10.857143,2.2857141,8.571428],"rotation":{"angle":0.0,"axis":"y","origin":[8.0,-1.7142859,8.0]},"faces":{"east":{"uv":[2.0,7.25,3.25,9.0],"rotation":0,"texture":"#0","tintindex":0},"south":{"uv":[6.5,1.75,8.25,3.5],"rotation":0,"texture":"#0","tintindex":0},"north":{"uv":[6.5,0.0,8.25,1.75],"rotation":0,"texture":"#0","tintindex":0},"west":{"uv":[7.5,3.5,8.75,5.25],"rotation":0,"texture":"#0","tintindex":0},"up":{"uv":[9.25,6.5,7.5,5.25],"rotation":0,"texture":"#0","tintindex":0},"down":{"uv":[9.25,6.5,7.5,7.75],"rotation":0,"texture":"#0","tintindex":0}}},{"from":[8.571428,-4.5714293,6.857143],"to":[9.714286,16.0,9.142858],"rotation":{"angle":0.0,"axis":"y","origin":[8.0,-1.7142859,8.0]},"faces":{"east":{"uv":[0.0,0.0,1.0,9.0],"rotation":0,"texture":"#0","tintindex":0},"south":{"uv":[4.5,5.75,5.0,14.75],"rotation":0,"texture":"#0","tintindex":0},"north":{"uv":[4.0,5.75,4.5,14.75],"rotation":0,"texture":"#0","tintindex":0},"west":{"uv":[1.0,0.0,2.0,9.0],"rotation":0,"texture":"#0","tintindex":0},"up":{"uv":[9.25,5.0,8.75,4.0],"rotation":0,"texture":"#0","tintindex":0},"down":{"uv":[9.25,7.75,8.75,8.75],"rotation":0,"texture":"#0","tintindex":0}}},{"from":[8.0,2.2857141,8.0],"to":[10.285714,18.857143,8.571428],"rotation":{"angle":0.0,"axis":"y","origin":[8.0,-1.7142859,8.0]},"faces":{"east":{"uv":[8.25,7.75,8.5,15.0],"rotation":0,"texture":"#0","tintindex":0},"south":{"uv":[3.0,0.0,4.0,7.25],"rotation":0,"texture":"#0","tintindex":0},"north":{"uv":[2.0,0.0,3.0,7.25],"rotation":0,"texture":"#0","tintindex":0},"west":{"uv":[8.5,7.75,8.75,15.0],"rotation":0,"texture":"#0","tintindex":0},"up":{"uv":[9.75,5.25,8.75,5.0],"rotation":0,"texture":"#0","tintindex":0},"down":{"uv":[9.75,8.75,8.75,9.0],"rotation":0,"texture":"#0","tintindex":0}}}],"display":{"head":{"translation":[0.0,-6.4,0.0],"scale":[4.0,4.0,4.0]}}}{"textures":{"0":"item/mobs/zahar/zahar_metal"},"elements":[{"from":[7.428571,-2.8571434,7.428571],"to":[9.142858,10.285714,10.285714],"rotation":{"angle":0.0,"axis":"y","origin":[8.0,-1.7142859,8.0]},"faces":{"east":{"uv":[4.0,0.0,5.25,5.75],"rotation":0,"texture":"#0","tintindex":0},"south":{"uv":[5.75,5.75,6.5,11.5],"rotation":0,"texture":"#0","tintindex":0},"north":{"uv":[5.0,5.75,5.75,11.5],"rotation":0,"texture":"#0","tintindex":0},"west":{"uv":[5.25,0.0,6.5,5.75],"rotation":0,"texture":"#0","tintindex":0},"up":{"uv":[9.0,1.25,8.25,0.0],"rotation":0,"texture":"#0","tintindex":0},"down":{"uv":[9.0,1.25,8.25,2.5],"rotation":0,"texture":"#0","tintindex":0}}},{"from":[6.857143,-1.7142859,5.714286],"to":[10.857143,2.2857141,8.571428],"rotation":{"angle":0.0,"axis":"y","origin":[8.0,-1.7142859,8.0]},"faces":{"east":{"uv":[2.0,7.25,3.25,9.0],"rotation":0,"texture":"#0","tintindex":0},"south":{"uv":[6.5,1.75,8.25,3.5],"rotation":0,"texture":"#0","tintindex":0},"north":{"uv":[6.5,0.0,8.25,1.75],"rotation":0,"texture":"#0","tintindex":0},"west":{"uv":[7.5,3.5,8.75,5.25],"rotation":0,"texture":"#0","tintindex":0},"up":{"uv":[9.25,6.5,7.5,5.25],"rotation":0,"texture":"#0","tintindex":0},"down":{"uv":[9.25,6.5,7.5,7.75],"rotation":0,"texture":"#0","tintindex":0}}},{"from":[8.571428,-4.5714293,6.857143],"to":[9.714286,16.0,9.142858],"rotation":{"angle":0.0,"axis":"y","origin":[8.0,-1.7142859,8.0]},"faces":{"east":{"uv":[0.0,0.0,1.0,9.0],"rotation":0,"texture":"#0","tintindex":0},"south":{"uv":[4.5,5.75,5.0,14.75],"rotation":0,"texture":"#0","tintindex":0},"north":{"uv":[4.0,5.75,4.5,14.75],"rotation":0,"texture":"#0","tintindex":0},"west":{"uv":[1.0,0.0,2.0,9.0],"rotation":0,"texture":"#0","tintindex":0},"up":{"uv":[9.25,5.0,8.75,4.0],"rotation":0,"texture":"#0","tintindex":0},"down":{"uv":[9.25,7.75,8.75,8.75],"rotation":0,"texture":"#0","tintindex":0}}},{"from":[8.0,2.2857141,8.0],"to":[10.285714,18.857143,8.571428],"rotation":{"angle":0.0,"axis":"y","origin":[8.0,-1.7142859,8.0]},"faces":{"east":{"uv":[8.25,7.75,8.5,15.0],"rotation":0,"texture":"#0","tintindex":0},"south":{"uv":[3.0,0.0,4.0,7.25],"rotation":0,"texture":"#0","tintindex":0},"north":{"uv":[2.0,0.0,3.0,7.25],"rotation":0,"texture":"#0","tintindex":0},"west":{"uv":[8.5,7.75,8.75,15.0],"rotation":0,"texture":"#0","tintindex":0},"up":{"uv":[9.75,5.25,8.75,5.0],"rotation":0,"texture":"#0","tintindex":0},"down":{"uv":[9.75,8.75,8.75,9.0],"rotation":0,"texture":"#0","tintindex":0}}}],"display":{"head":{"translation":[0.0,-6.4,0.0],"scale":[4.0,4.0,4.0]}}}{"textures":{"0":"item/mobs/zahar/zahar_metal"},"elements":[{"from":[7.428571,-2.8571434,7.428571],"to":[9.142858,10.285714,10.285714],"rotation":{"angle":0.0,"axis":"y","origin":[8.0,-1.7142859,8.0]},"faces":{"east":{"uv":[4.0,0.0,5.25,5.75],"rotation":0,"texture":"#0","tintindex":0},"south":{"uv":[5.75,5.75,6.5,11.5],"rotation":0,"texture":"#0","tintindex":0},"north":{"uv":[5.0,5.75,5.75,11.5],"rotation":0,"texture":"#0","tintindex":0},"west":{"uv":[5.25,0.0,6.5,5.75],"rotation":0,"texture":"#0","tintindex":0},"up":{"uv":[9.0,1.25,8.25,0.0],"rotation":0,"texture":"#0","tintindex":0},"down":{"uv":[9.0,1.25,8.25,2.5],"rotation":0,"texture":"#0","tintindex":0}}},{"from":[6.857143,-1.7142859,5.714286],"to":[10.857143,2.2857141,8.571428],"rotation":{"angle":0.0,"axis":"y","origin":[8.0,-1.7142859,8.0]},"faces":{"east":{"uv":[2.0,7.25,3.25,9.0],"rotation":0,"texture":"#0","tintindex":0},"south":{"uv":[6.5,1.75,8.25,3.5],"rotation":0,"texture":"#0","tintindex":0},"north":{"uv":[6.5,0.0,8.25,1.75],"rotation":0,"texture":"#0","tintindex":0},"west":{"uv":[7.5,3.5,8.75,5.25],"rotation":0,"texture":"#0","tintindex":0},"up":{"uv":[9.25,6.5,7.5,5.25],"rotation":0,"texture":"#0","tintindex":0},"down":{"uv":[9.25,6.5,7.5,7.75],"rotation":0,"texture":"#0","tintindex":0}}},{"from":[8.571428,-4.5714293,6.857143],"to":[9.714286,16.0,9.142858],"rotation":{"angle":0.0,"axis":"y","origin":[8.0,-1.7142859,8.0]},"faces":{"east":{"uv":[0.0,0.0,1.0,9.0],"rotation":0,"texture":"#0","tintindex":0},"south":{"uv":[4.5,5.75,5.0,14.75],"rotation":0,"texture":"#0","tintindex":0},"north":{"uv":[4.0,5.75,4.5,14.75],"rotation":0,"texture":"#0","tintindex":0},"west":{"uv":[1.0,0.0,2.0,9.0],"rotation":0,"texture":"#0","tintindex":0},"up":{"uv":[9.25,5.0,8.75,4.0],"rotation":0,"texture":"#0","tintindex":0},"down":{"uv":[9.25,7.75,8.75,8.75],"rotation":0,"texture":"#0","tintindex":0}}},{"from":[8.0,2.2857141,8.0],"to":[10.285714,18.857143,8.571428],"rotation":{"angle":0.0,"axis":"y","origin":[8.0,-1.7142859,8.0]},"faces":{"east":{"uv":[8.25,7.75,8.5,15.0],"rotation":0,"texture":"#0","tintindex":0},"south":{"uv":[3.0,0.0,4.0,7.25],"rotation":0,"texture":"#0","tintindex":0},"north":{"uv":[2.0,0.0,3.0,7.25],"rotation":0,"texture":"#0","tintindex":0},"west":{"uv":[8.5,7.75,8.75,15.0],"rotation":0,"texture":"#0","tintindex":0},"up":{"uv":[9.75,5.25,8.75,5.0],"rotation":0,"texture":"#0","tintindex":0},"down":{"uv":[9.75,8.75,8.75,9.0],"rotation":0,"texture":"#0","tintindex":0}}}],"display":{"head":{"translation":[0.0,-6.4,0.0],"scale":[4.0,4.0,4.0]}}}{"textures":{"0":"item/mobs/zahar/zahar_metal"},"elements":[{"from":[7.428571,-2.8571434,7.428571],"to":[9.142858,10.285714,10.285714],"rotation":{"angle":0.0,"axis":"y","origin":[8.0,-1.7142859,8.0]},"faces":{"east":{"uv":[4.0,0.0,5.25,5.75],"rotation":0,"texture":"#0","tintindex":0},"south":{"uv":[5.75,5.75,6.5,11.5],"rotation":0,"texture":"#0","tintindex":0},"north":{"uv":[5.0,5.75,5.75,11.5],"rotation":0,"texture":"#0","tintindex":0},"west":{"uv":[5.25,0.0,6.5,5.75],"rotation":0,"texture":"#0","tintindex":0},"up":{"uv":[9.0,1.25,8.25,0.0],"rotation":0,"texture":"#0","tintindex":0},"down":{"uv":[9.0,1.25,8.25,2.5],"rotation":0,"texture":"#0","tintindex":0}}},{"from":[6.857143,-1.7142859,5.714286],"to":[10.857143,2.2857141,8.571428],"rotation":{"angle":0.0,"axis":"y","origin":[8.0,-1.7142859,8.0]},"faces":{"east":{"uv":[2.0,7.25,3.25,9.0],"rotation":0,"texture":"#0","tintindex":0},"south":{"uv":[6.5,1.75,8.25,3.5],"rotation":0,"texture":"#0","tintindex":0},"north":{"uv":[6.5,0.0,8.25,1.75],"rotation":0,"texture":"#0","tintindex":0},"west":{"uv":[7.5,3.5,8.75,5.25],"rotation":0,"texture":"#0","tintindex":0},"up":{"uv":[9.25,6.5,7.5,5.25],"rotation":0,"texture":"#0","tintindex":0},"down":{"uv":[9.25,6.5,7.5,7.75],"rotation":0,"texture":"#0","tintindex":0}}},{"from":[8.571428,-4.5714293,6.857143],"to":[9.714286,16.0,9.142858],"rotation":{"angle":0.0,"axis":"y","origin":[8.0,-1.7142859,8.0]},"faces":{"east":{"uv":[0.0,0.0,1.0,9.0],"rotation":0,"texture":"#0","tintindex":0},"south":{"uv":[4.5,5.75,5.0,14.75],"rotation":0,"texture":"#0","tintindex":0},"north":{"uv":[4.0,5.75,4.5,14.75],"rotation":0,"texture":"#0","tintindex":0},"west":{"uv":[1.0,0.0,2.0,9.0],"rotation":0,"texture":"#0","tintindex":0},"up":{"uv":[9.25,5.0,8.75,4.0],"rotation":0,"texture":"#0","tintindex":0},"down":{"uv":[9.25,7.75,8.75,8.75],"rotation":0,"texture":"#0","tintindex":0}}},{"from":[8.0,2.2857141,8.0],"to":[10.285714,18.857143,8.571428],"rotation":{"angle":0.0,"axis":"y","origin":[8.0,-1.7142859,8.0]},"faces":{"east":{"uv":[8.25,7.75,8.5,15.0],"rotation":0,"texture":"#0","tintindex":0},"south":{"uv":[3.0,0.0,4.0,7.25],"rotation":0,"texture":"#0","tintindex":0},"north":{"uv":[2.0,0.0,3.0,7.25],"rotation":0,"texture":"#0","tintindex":0},"west":{"uv":[8.5,7.75,8.75,15.0],"rotation":0,"texture":"#0","tintindex":0},"up":{"uv":[9.75,5.25,8.75,5.0],"rotation":0,"texture":"#0","tintindex":0},"down":{"uv":[9.75,8.75,8.75,9.0],"rotation":0,"texture":"#0","tintindex":0}}}],"display":{"head":{"translation":[0.0,-6.4,0.0],"scale":[4.0,4.0,4.0]}}}{"textures":{"0":"item/mobs/zahar/zahar_metal"},"elements":[{"from":[7.428571,-2.8571434,7.428571],"to":[9.142858,10.285714,10.285714],"rotation":{"angle":0.0,"axis":"y","origin":[8.0,-1.7142859,8.0]},"faces":{"east":{"uv":[4.0,0.0,5.25,5.75],"rotation":0,"texture":"#0","tintindex":0},"south":{"uv":[5.75,5.75,6.5,11.5],"rotation":0,"texture":"#0","tintindex":0},"north":{"uv":[5.0,5.75,5.75,11.5],"rotation":0,"texture":"#0","tintindex":0},"west":{"uv":[5.25,0.0,6.5,5.75],"rotation":0,"texture":"#0","tintindex":0},"up":{"uv":[9.0,1.25,8.25,0.0],"rotation":0,"texture":"#0","tintindex":0},"down":{"uv":[9.0,1.25,8.25,2.5],"rotation":0,"texture":"#0","tintindex":0}}},{"from":[6.857143,-1.7142859,5.714286],"to":[10.857143,2.2857141,8.571428],"rotation":{"angle":0.0,"axis":"y","origin":[8.0,-1.7142859,8.0]},"faces":{"east":{"uv":[2.0,7.25,3.25,9.0],"rotation":0,"texture":"#0","tintindex":0},"south":{"uv":[6.5,1.75,8.25,3.5],"rotation":0,"texture":"#0","tintindex":0},"north":{"uv":[6.5,0.0,8.25,1.75],"rotation":0,"texture":"#0","tintindex":0},"west":{"uv":[7.5,3.5,8.75,5.25],"rotation":0,"texture":"#0","tintindex":0},"up":{"uv":[9.25,6.5,7.5,5.25],"rotation":0,"texture":"#0","tintindex":0},"down":{"uv":[9.25,6.5,7.5,7.75],"rotation":0,"texture":"#0","tintindex":0}}},{"from":[8.571428,-4.5714293,6.857143],"to":[9.714286,16.0,9.142858],"rotation":{"angle":0.0,"axis":"y","origin":[8.0,-1.7142859,8.0]},"faces":{"east":{"uv":[0.0,0.0,1.0,9.0],"rotation":0,"texture":"#0","tintindex":0},"south":{"uv":[4.5,5.75,5.0,14.75],"rotation":0,"texture":"#0","tintindex":0},"north":{"uv":[4.0,5.75,4.5,14.75],"rotation":0,"texture":"#0","tintindex":0},"west":{"uv":[1.0,0.0,2.0,9.0],"rotation":0,"texture":"#0","tintindex":0},"up":{"uv":[9.25,5.0,8.75,4.0],"rotation":0,"texture":"#0","tintindex":0},"down":{"uv":[9.25,7.75,8.75,8.75],"rotation":0,"texture":"#0","tintindex":0}}},{"from":[8.0,2.2857141,8.0],"to":[10.285714,18.857143,8.571428],"rotation":{"angle":0.0,"axis":"y","origin":[8.0,-1.7142859,8.0]},"faces":{"east":{"uv":[8.25,7.75,8.5,15.0],"rotation":0,"texture":"#0","tintindex":0},"south":{"uv":[3.0,0.0,4.0,7.25],"rotation":0,"texture":"#0","tintindex":0},"north":{"uv":[2.0,0.0,3.0,7.25],"rotation":0,"texture":"#0","tintindex":0},"west":{"uv":[8.5,7.75,8.75,15.0],"rotation":0,"texture":"#0","tintindex":0},"up":{"uv":[9.75,5.25,8.75,5.0],"rotation":0,"texture":"#0","tintindex":0},"down":{"uv":[9.75,8.75,8.75,9.0],"rotation":0,"texture":"#0","tintindex":0}}}],"display":{"head":{"translation":[0.0,-6.4,0.0],"scale":[4.0,4.0,4.0]}}}