{"textures":{"0":"item/mobs/zahar/zahar"},"elements":[{"from":[7.428571,7.428571,7.428571],"to":[8.571428,8.571428,8.571428],"rotation":{"angle":0.0,"axis":"y","origin":[8.0,7.428571,8.0]},"faces":{"east":{"uv":[11.75,14.25,12.0,14.5],"rotation":0,"texture":"#0","tintindex":0},"south":{"uv":[11.75,14.25,12.0,14.5],"rotation":0,"texture":"#0","tintindex":0},"north":{"uv":[11.75,14.25,12.0,14.5],"rotation":0,"texture":"#0","tintindex":0},"west":{"uv":[11.75,14.25,12.0,14.5],"rotation":0,"texture":"#0","tintindex":0},"up":{"uv":[11.75,14.25,12.0,14.5],"rotation":0,"texture":"#0","tintindex":0},"down":{"uv":[11.75,14.25,12.0,14.5],"rotation":0,"texture":"#0","tintindex":0}}}],"display":{"head":{"translation":[0.0,-6.4,0.0],"scale":[4.0,4.0,4.0]}}}{"textures":{"0":"item/mobs/zahar/zahar"},"elements":[{"from":[7.428571,7.428571,7.428571],"to":[8.571428,8.571428,8.571428],"rotation":{"angle":0.0,"axis":"y","origin":[8.0,7.428571,8.0]},"faces":{"east":{"uv":[11.75,14.25,12.0,14.5],"rotation":0,"texture":"#0","tintindex":0},"south":{"uv":[11.75,14.25,12.0,14.5],"rotation":0,"texture":"#0","tintindex":0},"north":{"uv":[11.75,14.25,12.0,14.5],"rotation":0,"texture":"#0","tintindex":0},"west":{"uv":[11.75,14.25,12.0,14.5],"rotation":0,"texture":"#0","tintindex":0},"up":{"uv":[11.75,14.25,12.0,14.5],"rotation":0,"texture":"#0","tintindex":0},"down":{"uv":[11.75,14.25,12.0,14.5],"rotation":0,"texture":"#0","tintindex":0}}}],"display":{"head":{"translation":[0.0,-6.4,0.0],"scale":[4.0,4.0,4.0]}}}{"textures":{"0":"item/mobs/zahar/zahar"},"elements":[{"from":[7.428571,7.428571,7.428571],"to":[8.571428,8.571428,8.571428],"rotation":{"angle":0.0,"axis":"y","origin":[8.0,7.428571,8.0]},"faces":{"east":{"uv":[11.75,14.25,12.0,14.5],"rotation":0,"texture":"#0","tintindex":0},"south":{"uv":[11.75,14.25,12.0,14.5],"rotation":0,"texture":"#0","tintindex":0},"north":{"uv":[11.75,14.25,12.0,14.5],"rotation":0,"texture":"#0","tintindex":0},"west":{"uv":[11.75,14.25,12.0,14.5],"rotation":0,"texture":"#0","tintindex":0},"up":{"uv":[11.75,14.25,12.0,14.5],"rotation":0,"texture":"#0","tintindex":0},"down":{"uv":[11.75,14.25,12.0,14.5],"rotation":0,"texture":"#0","tintindex":0}}}],"display":{"head":{"translation":[0.0,-6.4,0.0],"scale":[4.0,4.0,4.0]}}}{"textures":{"0":"item/mobs/zahar/zahar"},"elements":[{"from":[7.428571,7.428571,7.428571],"to":[8.571428,8.571428,8.571428],"rotation":{"angle":0.0,"axis":"y","origin":[8.0,7.428571,8.0]},"faces":{"east":{"uv":[11.75,14.25,12.0,14.5],"rotation":0,"texture":"#0","tintindex":0},"south":{"uv":[11.75,14.25,12.0,14.5],"rotation":0,"texture":"#0","tintindex":0},"north":{"uv":[11.75,14.25,12.0,14.5],"rotation":0,"texture":"#0","tintindex":0},"west":{"uv":[11.75,14.25,12.0,14.5],"rotation":0,"texture":"#0","tintindex":0},"up":{"uv":[11.75,14.25,12.0,14.5],"rotation":0,"texture":"#0","tintindex":0},"down":{"uv":[11.75,14.25,12.0,14.5],"rotation":0,"texture":"#0","tintindex":0}}}],"display":{"head":{"translation":[0.0,-6.4,0.0],"scale":[4.0,4.0,4.0]}}}{"textures":{"0":"item/mobs/zahar/zahar"},"elements":[{"from":[7.428571,7.428571,7.428571],"to":[8.571428,8.571428,8.571428],"rotation":{"angle":0.0,"axis":"y","origin":[8.0,7.428571,8.0]},"faces":{"east":{"uv":[11.75,14.25,12.0,14.5],"rotation":0,"texture":"#0","tintindex":0},"south":{"uv":[11.75,14.25,12.0,14.5],"rotation":0,"texture":"#0","tintindex":0},"north":{"uv":[11.75,14.25,12.0,14.5],"rotation":0,"texture":"#0","tintindex":0},"west":{"uv":[11.75,14.25,12.0,14.5],"rotation":0,"texture":"#0","tintindex":0},"up":{"uv":[11.75,14.25,12.0,14.5],"rotation":0,"texture":"#0","tintindex":0},"down":{"uv":[11.75,14.25,12.0,14.5],"rotation":0,"texture":"#0","tintindex":0}}}],"display":{"head":{"translation":[0.0,-6.4,0.0],"scale":[4.0,4.0,4.0]}}}{"textures":{"0":"item/mobs/zahar/zahar"},"elements":[{"from":[7.428571,7.428571,7.428571],"to":[8.571428,8.571428,8.571428],"rotation":{"angle":0.0,"axis":"y","origin":[8.0,7.428571,8.0]},"faces":{"east":{"uv":[11.75,14.25,12.0,14.5],"rotation":0,"texture":"#0","tintindex":0},"south":{"uv":[11.75,14.25,12.0,14.5],"rotation":0,"texture":"#0","tintindex":0},"north":{"uv":[11.75,14.25,12.0,14.5],"rotation":0,"texture":"#0","tintindex":0},"west":{"uv":[11.75,14.25,12.0,14.5],"rotation":0,"texture":"#0","tintindex":0},"up":{"uv":[11.75,14.25,12.0,14.5],"rotation":0,"texture":"#0","tintindex":0},"down":{"uv":[11.75,14.25,12.0,14.5],"rotation":0,"texture":"#0","tintindex":0}}}],"display":{"head":{"translation":[0.0,-6.4,0.0],"scale":[4.0,4.0,4.0]}}}{"textures":{"0":"item/mobs/zahar/zahar"},"elements":[{"from":[7.428571,7.428571,7.428571],"to":[8.571428,8.571428,8.571428],"rotation":{"angle":0.0,"axis":"y","origin":[8.0,7.428571,8.0]},"faces":{"east":{"uv":[11.75,14.25,12.0,14.5],"rotation":0,"texture":"#0","tintindex":0},"south":{"uv":[11.75,14.25,12.0,14.5],"rotation":0,"texture":"#0","tintindex":0},"north":{"uv":[11.75,14.25,12.0,14.5],"rotation":0,"texture":"#0","tintindex":0},"west":{"uv":[11.75,14.25,12.0,14.5],"rotation":0,"texture":"#0","tintindex":0},"up":{"uv":[11.75,14.25,12.0,14.5],"rotation":0,"texture":"#0","tintindex":0},"down":{"uv":[11.75,14.25,12.0,14.5],"rotation":0,"texture":"#0","tintindex":0}}}],"display":{"head":{"translation":[0.0,-6.4,0.0],"scale":[4.0,4.0,4.0]}}}{"textures":{"0":"item/mobs/zahar/zahar"},"elements":[{"from":[7.428571,7.428571,7.428571],"to":[8.571428,8.571428,8.571428],"rotation":{"angle":0.0,"axis":"y","origin":[8.0,7.428571,8.0]},"faces":{"east":{"uv":[11.75,14.25,12.0,14.5],"rotation":0,"texture":"#0","tintindex":0},"south":{"uv":[11.75,14.25,12.0,14.5],"rotation":0,"texture":"#0","tintindex":0},"north":{"uv":[11.75,14.25,12.0,14.5],"rotation":0,"texture":"#0","tintindex":0},"west":{"uv":[11.75,14.25,12.0,14.5],"rotation":0,"texture":"#0","tintindex":0},"up":{"uv":[11.75,14.25,12.0,14.5],"rotation":0,"texture":"#0","tintindex":0},"down":{"uv":[11.75,14.25,12.0,14.5],"rotation":0,"texture":"#0","tintindex":0}}}],"display":{"head":{"translation":[0.0,-6.4,0.0],"scale":[4.0,4.0,4.0]}}}