{"textures":{"0":"item/mobs/zahar/zahar"},"elements":[{"from":[6.1334815,4.5731373,4.0],"to":[9.562053,8.001709,8.0],"rotation":{"angle":0.0,"axis":"y","origin":[14.70491,16.57314,1.4285712]},"faces":{"east":{"uv":[2.2625,9.7625,3.1125,10.4875],"rotation":0,"texture":"#0","tintindex":0},"south":{"uv":[0.5125,10.5125,1.2375,11.2375],"rotation":0,"texture":"#0","tintindex":0},"north":{"uv":[10.3875,8.8875,11.1125,9.6125],"rotation":0,"texture":"#0","tintindex":0},"west":{"uv":[9.7625,3.2625,10.6125,3.9875],"rotation":0,"texture":"#0","tintindex":0},"up":{"uv":[10.4875,4.8625,9.7625,4.0125],"rotation":0,"texture":"#0","tintindex":0},"down":{"uv":[10.4875,4.8875,9.7625,5.7375],"rotation":0,"texture":"#0","tintindex":0}}},{"from":[6.1334815,0.5731373,4.5714283],"to":[8.990624,4.5731373,8.0],"rotation":{"angle":0.0,"axis":"y","origin":[14.70491,15.430281,1.4285712]},"faces":{"east":{"uv":[8.0125,9.7625,8.7375,10.6125],"rotation":0,"texture":"#0","tintindex":0},"south":{"uv":[11.0125,5.7625,11.6125,6.6125],"rotation":0,"texture":"#0","tintindex":0},"north":{"uv":[10.8875,10.5125,11.4875,11.3625],"rotation":0,"texture":"#0","tintindex":0},"west":{"uv":[8.7625,9.7625,9.4875,10.6125],"rotation":0,"texture":"#0","tintindex":0},"up":{"uv":[11.7375,5.3625,11.1375,4.6375],"rotation":0,"texture":"#0","tintindex":0},"down":{"uv":[6.2375,11.1375,5.6375,11.8625],"rotation":0,"texture":"#0","tintindex":0}}},{"from":[7.8477674,0.15073872,3.7434196],"to":[9.562053,1.8650241,4.314848],"rotation":{"angle":0.0,"axis":"y","origin":[12.133482,-9.849262,-19.399439]},"faces":{"east":{"uv":[3.6375,1.7375,3.9875,1.6375],"rotation":270,"texture":"#0","tintindex":0},"south":{"uv":[12.5125,0.0125,12.8625,0.3625],"rotation":180,"texture":"#0","tintindex":0},"north":{"uv":[0.0125,12.8625,0.3625,12.5125],"rotation":0,"texture":"#0","tintindex":0},"west":{"uv":[7.0125,1.2375,7.3625,1.1375],"rotation":90,"texture":"#0","tintindex":0},"up":{"uv":[3.2625,1.7375,3.6125,1.6375],"rotation":180,"texture":"#0","tintindex":0},"down":{"uv":[5.8875,6.6125,6.2375,6.5125],"rotation":0,"texture":"#0","tintindex":0}}},{"from":[8.133481,0.43645287,4.314848],"to":[9.276339,1.5793099,6.029134],"rotation":{"angle":0.0,"axis":"y","origin":[12.133482,-9.849262,-19.399439]},"faces":{"east":{"uv":[12.7625,4.3625,12.9875,4.0125],"rotation":270,"texture":"#0","tintindex":0},"south":{"uv":[12.7625,12.7625,12.9875,12.9875],"rotation":180,"texture":"#0","tintindex":0},"north":{"uv":[12.7625,12.7375,12.9875,12.5125],"rotation":0,"texture":"#0","tintindex":0},"west":{"uv":[12.7625,5.1125,12.9875,4.7625],"rotation":90,"texture":"#0","tintindex":0},"up":{"uv":[12.7625,3.9875,12.9875,3.6375],"rotation":180,"texture":"#0","tintindex":0},"down":{"uv":[12.7625,4.7375,12.9875,4.3875],"rotation":0,"texture":"#0","tintindex":0}}},{"from":[7.2763386,-0.42069054,6.029134],"to":[10.133482,2.4364529,8.886277],"rotation":{"angle":0.0,"axis":"y","origin":[12.133482,-9.849262,-19.399439]},"faces":{"east":{"uv":[7.0125,12.1125,7.6125,11.5125],"rotation":270,"texture":"#0","tintindex":0},"south":{"uv":[11.5125,10.3875,12.1125,10.9875],"rotation":180,"texture":"#0","tintindex":0},"north":{"uv":[9.2625,12.1125,9.8625,11.5125],"rotation":0,"texture":"#0","tintindex":0},"west":{"uv":[8.6375,12.1125,9.2375,11.5125],"rotation":90,"texture":"#0","tintindex":0},"up":{"uv":[11.5125,3.4875,12.1125,2.8875],"rotation":180,"texture":"#0","tintindex":0},"down":{"uv":[11.5125,8.6125,12.1125,8.0125],"rotation":0,"texture":"#0","tintindex":0}}},{"from":[6.5714283,-1.0571432,4.6285715],"to":[9.428572,1.2285709,7.9428573],"rotation":{"angle":22.5,"axis":"z","origin":[8.0,-0.20000076,6.285714]},"faces":{"east":{"uv":[2.8875,11.7625,3.6125,12.2375],"rotation":0,"texture":"#0","tintindex":0},"south":{"uv":[8.0125,11.8875,8.6125,12.3625],"rotation":0,"texture":"#0","tintindex":0},"north":{"uv":[5.6375,11.8875,6.2375,12.3625],"rotation":0,"texture":"#0","tintindex":0},"west":{"uv":[11.7625,3.8875,12.4875,4.3625],"rotation":0,"texture":"#0","tintindex":0},"up":{"uv":[11.7375,9.3625,11.1375,8.6375],"rotation":0,"texture":"#0","tintindex":0},"down":{"uv":[11.8625,0.0125,11.2625,0.7375],"rotation":0,"texture":"#0","tintindex":0}}},{"from":[8.857143,0.08571386,4.5714283],"to":[10.0,1.2285709,6.285714],"rotation":{"angle":22.5,"axis":"z","origin":[8.0,-0.20000076,6.285714]},"faces":{"east":{"uv":[2.8875,12.7625,3.2375,12.9875],"rotation":0,"texture":"#0","tintindex":0},"south":{"uv":[12.7625,12.2625,12.9875,12.4875],"rotation":0,"texture":"#0","tintindex":0},"north":{"uv":[12.7625,12.0125,12.9875,12.2375],"rotation":0,"texture":"#0","tintindex":0},"west":{"uv":[12.7625,3.0125,13.1125,3.2375],"rotation":0,"texture":"#0","tintindex":0},"up":{"uv":[3.4875,13.1125,3.2625,12.7625],"rotation":0,"texture":"#0","tintindex":0},"down":{"uv":[12.9875,3.2625,12.7625,3.6125],"rotation":0,"texture":"#0","tintindex":0}}}],"display":{"head":{"translation":[0.0,-6.4,0.0],"scale":[4.0,4.0,4.0]}}}{"textures":{"0":"item/mobs/zahar/zahar"},"elements":[{"from":[6.1334815,4.5731373,4.0],"to":[9.562053,8.001709,8.0],"rotation":{"angle":0.0,"axis":"y","origin":[14.70491,16.57314,1.4285712]},"faces":{"east":{"uv":[2.2625,9.7625,3.1125,10.4875],"rotation":0,"texture":"#0","tintindex":0},"south":{"uv":[0.5125,10.5125,1.2375,11.2375],"rotation":0,"texture":"#0","tintindex":0},"north":{"uv":[10.3875,8.8875,11.1125,9.6125],"rotation":0,"texture":"#0","tintindex":0},"west":{"uv":[9.7625,3.2625,10.6125,3.9875],"rotation":0,"texture":"#0","tintindex":0},"up":{"uv":[10.4875,4.8625,9.7625,4.0125],"rotation":0,"texture":"#0","tintindex":0},"down":{"uv":[10.4875,4.8875,9.7625,5.7375],"rotation":0,"texture":"#0","tintindex":0}}},{"from":[6.1334815,0.5731373,4.5714283],"to":[8.990624,4.5731373,8.0],"rotation":{"angle":0.0,"axis":"y","origin":[14.70491,15.430281,1.4285712]},"faces":{"east":{"uv":[8.0125,9.7625,8.7375,10.6125],"rotation":0,"texture":"#0","tintindex":0},"south":{"uv":[11.0125,5.7625,11.6125,6.6125],"rotation":0,"texture":"#0","tintindex":0},"north":{"uv":[10.8875,10.5125,11.4875,11.3625],"rotation":0,"texture":"#0","tintindex":0},"west":{"uv":[8.7625,9.7625,9.4875,10.6125],"rotation":0,"texture":"#0","tintindex":0},"up":{"uv":[11.7375,5.3625,11.1375,4.6375],"rotation":0,"texture":"#0","tintindex":0},"down":{"uv":[6.2375,11.1375,5.6375,11.8625],"rotation":0,"texture":"#0","tintindex":0}}},{"from":[7.8477674,0.15073872,3.7434196],"to":[9.562053,1.8650241,4.314848],"rotation":{"angle":0.0,"axis":"y","origin":[12.133482,-9.849262,-19.399439]},"faces":{"east":{"uv":[3.6375,1.7375,3.9875,1.6375],"rotation":270,"texture":"#0","tintindex":0},"south":{"uv":[12.5125,0.0125,12.8625,0.3625],"rotation":180,"texture":"#0","tintindex":0},"north":{"uv":[0.0125,12.8625,0.3625,12.5125],"rotation":0,"texture":"#0","tintindex":0},"west":{"uv":[7.0125,1.2375,7.3625,1.1375],"rotation":90,"texture":"#0","tintindex":0},"up":{"uv":[3.2625,1.7375,3.6125,1.6375],"rotation":180,"texture":"#0","tintindex":0},"down":{"uv":[5.8875,6.6125,6.2375,6.5125],"rotation":0,"texture":"#0","tintindex":0}}},{"from":[8.133481,0.43645287,4.314848],"to":[9.276339,1.5793099,6.029134],"rotation":{"angle":0.0,"axis":"y","origin":[12.133482,-9.849262,-19.399439]},"faces":{"east":{"uv":[12.7625,4.3625,12.9875,4.0125],"rotation":270,"texture":"#0","tintindex":0},"south":{"uv":[12.7625,12.7625,12.9875,12.9875],"rotation":180,"texture":"#0","tintindex":0},"north":{"uv":[12.7625,12.7375,12.9875,12.5125],"rotation":0,"texture":"#0","tintindex":0},"west":{"uv":[12.7625,5.1125,12.9875,4.7625],"rotation":90,"texture":"#0","tintindex":0},"up":{"uv":[12.7625,3.9875,12.9875,3.6375],"rotation":180,"texture":"#0","tintindex":0},"down":{"uv":[12.7625,4.7375,12.9875,4.3875],"rotation":0,"texture":"#0","tintindex":0}}},{"from":[7.2763386,-0.42069054,6.029134],"to":[10.133482,2.4364529,8.886277],"rotation":{"angle":0.0,"axis":"y","origin":[12.133482,-9.849262,-19.399439]},"faces":{"east":{"uv":[7.0125,12.1125,7.6125,11.5125],"rotation":270,"texture":"#0","tintindex":0},"south":{"uv":[11.5125,10.3875,12.1125,10.9875],"rotation":180,"texture":"#0","tintindex":0},"north":{"uv":[9.2625,12.1125,9.8625,11.5125],"rotation":0,"texture":"#0","tintindex":0},"west":{"uv":[8.6375,12.1125,9.2375,11.5125],"rotation":90,"texture":"#0","tintindex":0},"up":{"uv":[11.5125,3.4875,12.1125,2.8875],"rotation":180,"texture":"#0","tintindex":0},"down":{"uv":[11.5125,8.6125,12.1125,8.0125],"rotation":0,"texture":"#0","tintindex":0}}},{"from":[6.5714283,-1.0571432,4.6285715],"to":[9.428572,1.2285709,7.9428573],"rotation":{"angle":22.5,"axis":"z","origin":[8.0,-0.20000076,6.285714]},"faces":{"east":{"uv":[2.8875,11.7625,3.6125,12.2375],"rotation":0,"texture":"#0","tintindex":0},"south":{"uv":[8.0125,11.8875,8.6125,12.3625],"rotation":0,"texture":"#0","tintindex":0},"north":{"uv":[5.6375,11.8875,6.2375,12.3625],"rotation":0,"texture":"#0","tintindex":0},"west":{"uv":[11.7625,3.8875,12.4875,4.3625],"rotation":0,"texture":"#0","tintindex":0},"up":{"uv":[11.7375,9.3625,11.1375,8.6375],"rotation":0,"texture":"#0","tintindex":0},"down":{"uv":[11.8625,0.0125,11.2625,0.7375],"rotation":0,"texture":"#0","tintindex":0}}},{"from":[8.857143,0.08571386,4.5714283],"to":[10.0,1.2285709,6.285714],"rotation":{"angle":22.5,"axis":"z","origin":[8.0,-0.20000076,6.285714]},"faces":{"east":{"uv":[2.8875,12.7625,3.2375,12.9875],"rotation":0,"texture":"#0","tintindex":0},"south":{"uv":[12.7625,12.2625,12.9875,12.4875],"rotation":0,"texture":"#0","tintindex":0},"north":{"uv":[12.7625,12.0125,12.9875,12.2375],"rotation":0,"texture":"#0","tintindex":0},"west":{"uv":[12.7625,3.0125,13.1125,3.2375],"rotation":0,"texture":"#0","tintindex":0},"up":{"uv":[3.4875,13.1125,3.2625,12.7625],"rotation":0,"texture":"#0","tintindex":0},"down":{"uv":[12.9875,3.2625,12.7625,3.6125],"rotation":0,"texture":"#0","tintindex":0}}}],"display":{"head":{"translation":[0.0,-6.4,0.0],"scale":[4.0,4.0,4.0]}}}{"textures":{"0":"item/mobs/zahar/zahar"},"elements":[{"from":[6.1334815,4.5731373,4.0],"to":[9.562053,8.001709,8.0],"rotation":{"angle":0.0,"axis":"y","origin":[14.70491,16.57314,1.4285712]},"faces":{"east":{"uv":[2.2625,9.7625,3.1125,10.4875],"rotation":0,"texture":"#0","tintindex":0},"south":{"uv":[0.5125,10.5125,1.2375,11.2375],"rotation":0,"texture":"#0","tintindex":0},"north":{"uv":[10.3875,8.8875,11.1125,9.6125],"rotation":0,"texture":"#0","tintindex":0},"west":{"uv":[9.7625,3.2625,10.6125,3.9875],"rotation":0,"texture":"#0","tintindex":0},"up":{"uv":[10.4875,4.8625,9.7625,4.0125],"rotation":0,"texture":"#0","tintindex":0},"down":{"uv":[10.4875,4.8875,9.7625,5.7375],"rotation":0,"texture":"#0","tintindex":0}}},{"from":[6.1334815,0.5731373,4.5714283],"to":[8.990624,4.5731373,8.0],"rotation":{"angle":0.0,"axis":"y","origin":[14.70491,15.430281,1.4285712]},"faces":{"east":{"uv":[8.0125,9.7625,8.7375,10.6125],"rotation":0,"texture":"#0","tintindex":0},"south":{"uv":[11.0125,5.7625,11.6125,6.6125],"rotation":0,"texture":"#0","tintindex":0},"north":{"uv":[10.8875,10.5125,11.4875,11.3625],"rotation":0,"texture":"#0","tintindex":0},"west":{"uv":[8.7625,9.7625,9.4875,10.6125],"rotation":0,"texture":"#0","tintindex":0},"up":{"uv":[11.7375,5.3625,11.1375,4.6375],"rotation":0,"texture":"#0","tintindex":0},"down":{"uv":[6.2375,11.1375,5.6375,11.8625],"rotation":0,"texture":"#0","tintindex":0}}},{"from":[7.8477674,0.15073872,3.7434196],"to":[9.562053,1.8650241,4.314848],"rotation":{"angle":0.0,"axis":"y","origin":[12.133482,-9.849262,-19.399439]},"faces":{"east":{"uv":[3.6375,1.7375,3.9875,1.6375],"rotation":270,"texture":"#0","tintindex":0},"south":{"uv":[12.5125,0.0125,12.8625,0.3625],"rotation":180,"texture":"#0","tintindex":0},"north":{"uv":[0.0125,12.8625,0.3625,12.5125],"rotation":0,"texture":"#0","tintindex":0},"west":{"uv":[7.0125,1.2375,7.3625,1.1375],"rotation":90,"texture":"#0","tintindex":0},"up":{"uv":[3.2625,1.7375,3.6125,1.6375],"rotation":180,"texture":"#0","tintindex":0},"down":{"uv":[5.8875,6.6125,6.2375,6.5125],"rotation":0,"texture":"#0","tintindex":0}}},{"from":[8.133481,0.43645287,4.314848],"to":[9.276339,1.5793099,6.029134],"rotation":{"angle":0.0,"axis":"y","origin":[12.133482,-9.849262,-19.399439]},"faces":{"east":{"uv":[12.7625,4.3625,12.9875,4.0125],"rotation":270,"texture":"#0","tintindex":0},"south":{"uv":[12.7625,12.7625,12.9875,12.9875],"rotation":180,"texture":"#0","tintindex":0},"north":{"uv":[12.7625,12.7375,12.9875,12.5125],"rotation":0,"texture":"#0","tintindex":0},"west":{"uv":[12.7625,5.1125,12.9875,4.7625],"rotation":90,"texture":"#0","tintindex":0},"up":{"uv":[12.7625,3.9875,12.9875,3.6375],"rotation":180,"texture":"#0","tintindex":0},"down":{"uv":[12.7625,4.7375,12.9875,4.3875],"rotation":0,"texture":"#0","tintindex":0}}},{"from":[7.2763386,-0.42069054,6.029134],"to":[10.133482,2.4364529,8.886277],"rotation":{"angle":0.0,"axis":"y","origin":[12.133482,-9.849262,-19.399439]},"faces":{"east":{"uv":[7.0125,12.1125,7.6125,11.5125],"rotation":270,"texture":"#0","tintindex":0},"south":{"uv":[11.5125,10.3875,12.1125,10.9875],"rotation":180,"texture":"#0","tintindex":0},"north":{"uv":[9.2625,12.1125,9.8625,11.5125],"rotation":0,"texture":"#0","tintindex":0},"west":{"uv":[8.6375,12.1125,9.2375,11.5125],"rotation":90,"texture":"#0","tintindex":0},"up":{"uv":[11.5125,3.4875,12.1125,2.8875],"rotation":180,"texture":"#0","tintindex":0},"down":{"uv":[11.5125,8.6125,12.1125,8.0125],"rotation":0,"texture":"#0","tintindex":0}}},{"from":[6.5714283,-1.0571432,4.6285715],"to":[9.428572,1.2285709,7.9428573],"rotation":{"angle":22.5,"axis":"z","origin":[8.0,-0.20000076,6.285714]},"faces":{"east":{"uv":[2.8875,11.7625,3.6125,12.2375],"rotation":0,"texture":"#0","tintindex":0},"south":{"uv":[8.0125,11.8875,8.6125,12.3625],"rotation":0,"texture":"#0","tintindex":0},"north":{"uv":[5.6375,11.8875,6.2375,12.3625],"rotation":0,"texture":"#0","tintindex":0},"west":{"uv":[11.7625,3.8875,12.4875,4.3625],"rotation":0,"texture":"#0","tintindex":0},"up":{"uv":[11.7375,9.3625,11.1375,8.6375],"rotation":0,"texture":"#0","tintindex":0},"down":{"uv":[11.8625,0.0125,11.2625,0.7375],"rotation":0,"texture":"#0","tintindex":0}}},{"from":[8.857143,0.08571386,4.5714283],"to":[10.0,1.2285709,6.285714],"rotation":{"angle":22.5,"axis":"z","origin":[8.0,-0.20000076,6.285714]},"faces":{"east":{"uv":[2.8875,12.7625,3.2375,12.9875],"rotation":0,"texture":"#0","tintindex":0},"south":{"uv":[12.7625,12.2625,12.9875,12.4875],"rotation":0,"texture":"#0","tintindex":0},"north":{"uv":[12.7625,12.0125,12.9875,12.2375],"rotation":0,"texture":"#0","tintindex":0},"west":{"uv":[12.7625,3.0125,13.1125,3.2375],"rotation":0,"texture":"#0","tintindex":0},"up":{"uv":[3.4875,13.1125,3.2625,12.7625],"rotation":0,"texture":"#0","tintindex":0},"down":{"uv":[12.9875,3.2625,12.7625,3.6125],"rotation":0,"texture":"#0","tintindex":0}}}],"display":{"head":{"translation":[0.0,-6.4,0.0],"scale":[4.0,4.0,4.0]}}}{"textures":{"0":"item/mobs/zahar/zahar"},"elements":[{"from":[6.1334815,4.5731373,4.0],"to":[9.562053,8.001709,8.0],"rotation":{"angle":0.0,"axis":"y","origin":[14.70491,16.57314,1.4285712]},"faces":{"east":{"uv":[2.2625,9.7625,3.1125,10.4875],"rotation":0,"texture":"#0","tintindex":0},"south":{"uv":[0.5125,10.5125,1.2375,11.2375],"rotation":0,"texture":"#0","tintindex":0},"north":{"uv":[10.3875,8.8875,11.1125,9.6125],"rotation":0,"texture":"#0","tintindex":0},"west":{"uv":[9.7625,3.2625,10.6125,3.9875],"rotation":0,"texture":"#0","tintindex":0},"up":{"uv":[10.4875,4.8625,9.7625,4.0125],"rotation":0,"texture":"#0","tintindex":0},"down":{"uv":[10.4875,4.8875,9.7625,5.7375],"rotation":0,"texture":"#0","tintindex":0}}},{"from":[6.1334815,0.5731373,4.5714283],"to":[8.990624,4.5731373,8.0],"rotation":{"angle":0.0,"axis":"y","origin":[14.70491,15.430281,1.4285712]},"faces":{"east":{"uv":[8.0125,9.7625,8.7375,10.6125],"rotation":0,"texture":"#0","tintindex":0},"south":{"uv":[11.0125,5.7625,11.6125,6.6125],"rotation":0,"texture":"#0","tintindex":0},"north":{"uv":[10.8875,10.5125,11.4875,11.3625],"rotation":0,"texture":"#0","tintindex":0},"west":{"uv":[8.7625,9.7625,9.4875,10.6125],"rotation":0,"texture":"#0","tintindex":0},"up":{"uv":[11.7375,5.3625,11.1375,4.6375],"rotation":0,"texture":"#0","tintindex":0},"down":{"uv":[6.2375,11.1375,5.6375,11.8625],"rotation":0,"texture":"#0","tintindex":0}}},{"from":[7.8477674,0.15073872,3.7434196],"to":[9.562053,1.8650241,4.314848],"rotation":{"angle":0.0,"axis":"y","origin":[12.133482,-9.849262,-19.399439]},"faces":{"east":{"uv":[3.6375,1.7375,3.9875,1.6375],"rotation":270,"texture":"#0","tintindex":0},"south":{"uv":[12.5125,0.0125,12.8625,0.3625],"rotation":180,"texture":"#0","tintindex":0},"north":{"uv":[0.0125,12.8625,0.3625,12.5125],"rotation":0,"texture":"#0","tintindex":0},"west":{"uv":[7.0125,1.2375,7.3625,1.1375],"rotation":90,"texture":"#0","tintindex":0},"up":{"uv":[3.2625,1.7375,3.6125,1.6375],"rotation":180,"texture":"#0","tintindex":0},"down":{"uv":[5.8875,6.6125,6.2375,6.5125],"rotation":0,"texture":"#0","tintindex":0}}},{"from":[8.133481,0.43645287,4.314848],"to":[9.276339,1.5793099,6.029134],"rotation":{"angle":0.0,"axis":"y","origin":[12.133482,-9.849262,-19.399439]},"faces":{"east":{"uv":[12.7625,4.3625,12.9875,4.0125],"rotation":270,"texture":"#0","tintindex":0},"south":{"uv":[12.7625,12.7625,12.9875,12.9875],"rotation":180,"texture":"#0","tintindex":0},"north":{"uv":[12.7625,12.7375,12.9875,12.5125],"rotation":0,"texture":"#0","tintindex":0},"west":{"uv":[12.7625,5.1125,12.9875,4.7625],"rotation":90,"texture":"#0","tintindex":0},"up":{"uv":[12.7625,3.9875,12.9875,3.6375],"rotation":180,"texture":"#0","tintindex":0},"down":{"uv":[12.7625,4.7375,12.9875,4.3875],"rotation":0,"texture":"#0","tintindex":0}}},{"from":[7.2763386,-0.42069054,6.029134],"to":[10.133482,2.4364529,8.886277],"rotation":{"angle":0.0,"axis":"y","origin":[12.133482,-9.849262,-19.399439]},"faces":{"east":{"uv":[7.0125,12.1125,7.6125,11.5125],"rotation":270,"texture":"#0","tintindex":0},"south":{"uv":[11.5125,10.3875,12.1125,10.9875],"rotation":180,"texture":"#0","tintindex":0},"north":{"uv":[9.2625,12.1125,9.8625,11.5125],"rotation":0,"texture":"#0","tintindex":0},"west":{"uv":[8.6375,12.1125,9.2375,11.5125],"rotation":90,"texture":"#0","tintindex":0},"up":{"uv":[11.5125,3.4875,12.1125,2.8875],"rotation":180,"texture":"#0","tintindex":0},"down":{"uv":[11.5125,8.6125,12.1125,8.0125],"rotation":0,"texture":"#0","tintindex":0}}},{"from":[6.5714283,-1.0571432,4.6285715],"to":[9.428572,1.2285709,7.9428573],"rotation":{"angle":22.5,"axis":"z","origin":[8.0,-0.20000076,6.285714]},"faces":{"east":{"uv":[2.8875,11.7625,3.6125,12.2375],"rotation":0,"texture":"#0","tintindex":0},"south":{"uv":[8.0125,11.8875,8.6125,12.3625],"rotation":0,"texture":"#0","tintindex":0},"north":{"uv":[5.6375,11.8875,6.2375,12.3625],"rotation":0,"texture":"#0","tintindex":0},"west":{"uv":[11.7625,3.8875,12.4875,4.3625],"rotation":0,"texture":"#0","tintindex":0},"up":{"uv":[11.7375,9.3625,11.1375,8.6375],"rotation":0,"texture":"#0","tintindex":0},"down":{"uv":[11.8625,0.0125,11.2625,0.7375],"rotation":0,"texture":"#0","tintindex":0}}},{"from":[8.857143,0.08571386,4.5714283],"to":[10.0,1.2285709,6.285714],"rotation":{"angle":22.5,"axis":"z","origin":[8.0,-0.20000076,6.285714]},"faces":{"east":{"uv":[2.8875,12.7625,3.2375,12.9875],"rotation":0,"texture":"#0","tintindex":0},"south":{"uv":[12.7625,12.2625,12.9875,12.4875],"rotation":0,"texture":"#0","tintindex":0},"north":{"uv":[12.7625,12.0125,12.9875,12.2375],"rotation":0,"texture":"#0","tintindex":0},"west":{"uv":[12.7625,3.0125,13.1125,3.2375],"rotation":0,"texture":"#0","tintindex":0},"up":{"uv":[3.4875,13.1125,3.2625,12.7625],"rotation":0,"texture":"#0","tintindex":0},"down":{"uv":[12.9875,3.2625,12.7625,3.6125],"rotation":0,"texture":"#0","tintindex":0}}}],"display":{"head":{"translation":[0.0,-6.4,0.0],"scale":[4.0,4.0,4.0]}}}{"textures":{"0":"item/mobs/zahar/zahar"},"elements":[{"from":[6.1334815,4.5731373,4.0],"to":[9.562053,8.001709,8.0],"rotation":{"angle":0.0,"axis":"y","origin":[14.70491,16.57314,1.4285712]},"faces":{"east":{"uv":[2.2625,9.7625,3.1125,10.4875],"rotation":0,"texture":"#0","tintindex":0},"south":{"uv":[0.5125,10.5125,1.2375,11.2375],"rotation":0,"texture":"#0","tintindex":0},"north":{"uv":[10.3875,8.8875,11.1125,9.6125],"rotation":0,"texture":"#0","tintindex":0},"west":{"uv":[9.7625,3.2625,10.6125,3.9875],"rotation":0,"texture":"#0","tintindex":0},"up":{"uv":[10.4875,4.8625,9.7625,4.0125],"rotation":0,"texture":"#0","tintindex":0},"down":{"uv":[10.4875,4.8875,9.7625,5.7375],"rotation":0,"texture":"#0","tintindex":0}}},{"from":[6.1334815,0.5731373,4.5714283],"to":[8.990624,4.5731373,8.0],"rotation":{"angle":0.0,"axis":"y","origin":[14.70491,15.430281,1.4285712]},"faces":{"east":{"uv":[8.0125,9.7625,8.7375,10.6125],"rotation":0,"texture":"#0","tintindex":0},"south":{"uv":[11.0125,5.7625,11.6125,6.6125],"rotation":0,"texture":"#0","tintindex":0},"north":{"uv":[10.8875,10.5125,11.4875,11.3625],"rotation":0,"texture":"#0","tintindex":0},"west":{"uv":[8.7625,9.7625,9.4875,10.6125],"rotation":0,"texture":"#0","tintindex":0},"up":{"uv":[11.7375,5.3625,11.1375,4.6375],"rotation":0,"texture":"#0","tintindex":0},"down":{"uv":[6.2375,11.1375,5.6375,11.8625],"rotation":0,"texture":"#0","tintindex":0}}},{"from":[7.8477674,0.15073872,3.7434196],"to":[9.562053,1.8650241,4.314848],"rotation":{"angle":0.0,"axis":"y","origin":[12.133482,-9.849262,-19.399439]},"faces":{"east":{"uv":[3.6375,1.7375,3.9875,1.6375],"rotation":270,"texture":"#0","tintindex":0},"south":{"uv":[12.5125,0.0125,12.8625,0.3625],"rotation":180,"texture":"#0","tintindex":0},"north":{"uv":[0.0125,12.8625,0.3625,12.5125],"rotation":0,"texture":"#0","tintindex":0},"west":{"uv":[7.0125,1.2375,7.3625,1.1375],"rotation":90,"texture":"#0","tintindex":0},"up":{"uv":[3.2625,1.7375,3.6125,1.6375],"rotation":180,"texture":"#0","tintindex":0},"down":{"uv":[5.8875,6.6125,6.2375,6.5125],"rotation":0,"texture":"#0","tintindex":0}}},{"from":[8.133481,0.43645287,4.314848],"to":[9.276339,1.5793099,6.029134],"rotation":{"angle":0.0,"axis":"y","origin":[12.133482,-9.849262,-19.399439]},"faces":{"east":{"uv":[12.7625,4.3625,12.9875,4.0125],"rotation":270,"texture":"#0","tintindex":0},"south":{"uv":[12.7625,12.7625,12.9875,12.9875],"rotation":180,"texture":"#0","tintindex":0},"north":{"uv":[12.7625,12.7375,12.9875,12.5125],"rotation":0,"texture":"#0","tintindex":0},"west":{"uv":[12.7625,5.1125,12.9875,4.7625],"rotation":90,"texture":"#0","tintindex":0},"up":{"uv":[12.7625,3.9875,12.9875,3.6375],"rotation":180,"texture":"#0","tintindex":0},"down":{"uv":[12.7625,4.7375,12.9875,4.3875],"rotation":0,"texture":"#0","tintindex":0}}},{"from":[7.2763386,-0.42069054,6.029134],"to":[10.133482,2.4364529,8.886277],"rotation":{"angle":0.0,"axis":"y","origin":[12.133482,-9.849262,-19.399439]},"faces":{"east":{"uv":[7.0125,12.1125,7.6125,11.5125],"rotation":270,"texture":"#0","tintindex":0},"south":{"uv":[11.5125,10.3875,12.1125,10.9875],"rotation":180,"texture":"#0","tintindex":0},"north":{"uv":[9.2625,12.1125,9.8625,11.5125],"rotation":0,"texture":"#0","tintindex":0},"west":{"uv":[8.6375,12.1125,9.2375,11.5125],"rotation":90,"texture":"#0","tintindex":0},"up":{"uv":[11.5125,3.4875,12.1125,2.8875],"rotation":180,"texture":"#0","tintindex":0},"down":{"uv":[11.5125,8.6125,12.1125,8.0125],"rotation":0,"texture":"#0","tintindex":0}}},{"from":[6.5714283,-1.0571432,4.6285715],"to":[9.428572,1.2285709,7.9428573],"rotation":{"angle":22.5,"axis":"z","origin":[8.0,-0.20000076,6.285714]},"faces":{"east":{"uv":[2.8875,11.7625,3.6125,12.2375],"rotation":0,"texture":"#0","tintindex":0},"south":{"uv":[8.0125,11.8875,8.6125,12.3625],"rotation":0,"texture":"#0","tintindex":0},"north":{"uv":[5.6375,11.8875,6.2375,12.3625],"rotation":0,"texture":"#0","tintindex":0},"west":{"uv":[11.7625,3.8875,12.4875,4.3625],"rotation":0,"texture":"#0","tintindex":0},"up":{"uv":[11.7375,9.3625,11.1375,8.6375],"rotation":0,"texture":"#0","tintindex":0},"down":{"uv":[11.8625,0.0125,11.2625,0.7375],"rotation":0,"texture":"#0","tintindex":0}}},{"from":[8.857143,0.08571386,4.5714283],"to":[10.0,1.2285709,6.285714],"rotation":{"angle":22.5,"axis":"z","origin":[8.0,-0.20000076,6.285714]},"faces":{"east":{"uv":[2.8875,12.7625,3.2375,12.9875],"rotation":0,"texture":"#0","tintindex":0},"south":{"uv":[12.7625,12.2625,12.9875,12.4875],"rotation":0,"texture":"#0","tintindex":0},"north":{"uv":[12.7625,12.0125,12.9875,12.2375],"rotation":0,"texture":"#0","tintindex":0},"west":{"uv":[12.7625,3.0125,13.1125,3.2375],"rotation":0,"texture":"#0","tintindex":0},"up":{"uv":[3.4875,13.1125,3.2625,12.7625],"rotation":0,"texture":"#0","tintindex":0},"down":{"uv":[12.9875,3.2625,12.7625,3.6125],"rotation":0,"texture":"#0","tintindex":0}}}],"display":{"head":{"translation":[0.0,-6.4,0.0],"scale":[4.0,4.0,4.0]}}}{"textures":{"0":"item/mobs/zahar/zahar"},"elements":[{"from":[6.1334815,4.5731373,4.0],"to":[9.562053,8.001709,8.0],"rotation":{"angle":0.0,"axis":"y","origin":[14.70491,16.57314,1.4285712]},"faces":{"east":{"uv":[2.2625,9.7625,3.1125,10.4875],"rotation":0,"texture":"#0","tintindex":0},"south":{"uv":[0.5125,10.5125,1.2375,11.2375],"rotation":0,"texture":"#0","tintindex":0},"north":{"uv":[10.3875,8.8875,11.1125,9.6125],"rotation":0,"texture":"#0","tintindex":0},"west":{"uv":[9.7625,3.2625,10.6125,3.9875],"rotation":0,"texture":"#0","tintindex":0},"up":{"uv":[10.4875,4.8625,9.7625,4.0125],"rotation":0,"texture":"#0","tintindex":0},"down":{"uv":[10.4875,4.8875,9.7625,5.7375],"rotation":0,"texture":"#0","tintindex":0}}},{"from":[6.1334815,0.5731373,4.5714283],"to":[8.990624,4.5731373,8.0],"rotation":{"angle":0.0,"axis":"y","origin":[14.70491,15.430281,1.4285712]},"faces":{"east":{"uv":[8.0125,9.7625,8.7375,10.6125],"rotation":0,"texture":"#0","tintindex":0},"south":{"uv":[11.0125,5.7625,11.6125,6.6125],"rotation":0,"texture":"#0","tintindex":0},"north":{"uv":[10.8875,10.5125,11.4875,11.3625],"rotation":0,"texture":"#0","tintindex":0},"west":{"uv":[8.7625,9.7625,9.4875,10.6125],"rotation":0,"texture":"#0","tintindex":0},"up":{"uv":[11.7375,5.3625,11.1375,4.6375],"rotation":0,"texture":"#0","tintindex":0},"down":{"uv":[6.2375,11.1375,5.6375,11.8625],"rotation":0,"texture":"#0","tintindex":0}}},{"from":[7.8477674,0.15073872,3.7434196],"to":[9.562053,1.8650241,4.314848],"rotation":{"angle":0.0,"axis":"y","origin":[12.133482,-9.849262,-19.399439]},"faces":{"east":{"uv":[3.6375,1.7375,3.9875,1.6375],"rotation":270,"texture":"#0","tintindex":0},"south":{"uv":[12.5125,0.0125,12.8625,0.3625],"rotation":180,"texture":"#0","tintindex":0},"north":{"uv":[0.0125,12.8625,0.3625,12.5125],"rotation":0,"texture":"#0","tintindex":0},"west":{"uv":[7.0125,1.2375,7.3625,1.1375],"rotation":90,"texture":"#0","tintindex":0},"up":{"uv":[3.2625,1.7375,3.6125,1.6375],"rotation":180,"texture":"#0","tintindex":0},"down":{"uv":[5.8875,6.6125,6.2375,6.5125],"rotation":0,"texture":"#0","tintindex":0}}},{"from":[8.133481,0.43645287,4.314848],"to":[9.276339,1.5793099,6.029134],"rotation":{"angle":0.0,"axis":"y","origin":[12.133482,-9.849262,-19.399439]},"faces":{"east":{"uv":[12.7625,4.3625,12.9875,4.0125],"rotation":270,"texture":"#0","tintindex":0},"south":{"uv":[12.7625,12.7625,12.9875,12.9875],"rotation":180,"texture":"#0","tintindex":0},"north":{"uv":[12.7625,12.7375,12.9875,12.5125],"rotation":0,"texture":"#0","tintindex":0},"west":{"uv":[12.7625,5.1125,12.9875,4.7625],"rotation":90,"texture":"#0","tintindex":0},"up":{"uv":[12.7625,3.9875,12.9875,3.6375],"rotation":180,"texture":"#0","tintindex":0},"down":{"uv":[12.7625,4.7375,12.9875,4.3875],"rotation":0,"texture":"#0","tintindex":0}}},{"from":[7.2763386,-0.42069054,6.029134],"to":[10.133482,2.4364529,8.886277],"rotation":{"angle":0.0,"axis":"y","origin":[12.133482,-9.849262,-19.399439]},"faces":{"east":{"uv":[7.0125,12.1125,7.6125,11.5125],"rotation":270,"texture":"#0","tintindex":0},"south":{"uv":[11.5125,10.3875,12.1125,10.9875],"rotation":180,"texture":"#0","tintindex":0},"north":{"uv":[9.2625,12.1125,9.8625,11.5125],"rotation":0,"texture":"#0","tintindex":0},"west":{"uv":[8.6375,12.1125,9.2375,11.5125],"rotation":90,"texture":"#0","tintindex":0},"up":{"uv":[11.5125,3.4875,12.1125,2.8875],"rotation":180,"texture":"#0","tintindex":0},"down":{"uv":[11.5125,8.6125,12.1125,8.0125],"rotation":0,"texture":"#0","tintindex":0}}},{"from":[6.5714283,-1.0571432,4.6285715],"to":[9.428572,1.2285709,7.9428573],"rotation":{"angle":22.5,"axis":"z","origin":[8.0,-0.20000076,6.285714]},"faces":{"east":{"uv":[2.8875,11.7625,3.6125,12.2375],"rotation":0,"texture":"#0","tintindex":0},"south":{"uv":[8.0125,11.8875,8.6125,12.3625],"rotation":0,"texture":"#0","tintindex":0},"north":{"uv":[5.6375,11.8875,6.2375,12.3625],"rotation":0,"texture":"#0","tintindex":0},"west":{"uv":[11.7625,3.8875,12.4875,4.3625],"rotation":0,"texture":"#0","tintindex":0},"up":{"uv":[11.7375,9.3625,11.1375,8.6375],"rotation":0,"texture":"#0","tintindex":0},"down":{"uv":[11.8625,0.0125,11.2625,0.7375],"rotation":0,"texture":"#0","tintindex":0}}},{"from":[8.857143,0.08571386,4.5714283],"to":[10.0,1.2285709,6.285714],"rotation":{"angle":22.5,"axis":"z","origin":[8.0,-0.20000076,6.285714]},"faces":{"east":{"uv":[2.8875,12.7625,3.2375,12.9875],"rotation":0,"texture":"#0","tintindex":0},"south":{"uv":[12.7625,12.2625,12.9875,12.4875],"rotation":0,"texture":"#0","tintindex":0},"north":{"uv":[12.7625,12.0125,12.9875,12.2375],"rotation":0,"texture":"#0","tintindex":0},"west":{"uv":[12.7625,3.0125,13.1125,3.2375],"rotation":0,"texture":"#0","tintindex":0},"up":{"uv":[3.4875,13.1125,3.2625,12.7625],"rotation":0,"texture":"#0","tintindex":0},"down":{"uv":[12.9875,3.2625,12.7625,3.6125],"rotation":0,"texture":"#0","tintindex":0}}}],"display":{"head":{"translation":[0.0,-6.4,0.0],"scale":[4.0,4.0,4.0]}}}{"textures":{"0":"item/mobs/zahar/zahar"},"elements":[{"from":[6.1334815,4.5731373,4.0],"to":[9.562053,8.001709,8.0],"rotation":{"angle":0.0,"axis":"y","origin":[14.70491,16.57314,1.4285712]},"faces":{"east":{"uv":[2.2625,9.7625,3.1125,10.4875],"rotation":0,"texture":"#0","tintindex":0},"south":{"uv":[0.5125,10.5125,1.2375,11.2375],"rotation":0,"texture":"#0","tintindex":0},"north":{"uv":[10.3875,8.8875,11.1125,9.6125],"rotation":0,"texture":"#0","tintindex":0},"west":{"uv":[9.7625,3.2625,10.6125,3.9875],"rotation":0,"texture":"#0","tintindex":0},"up":{"uv":[10.4875,4.8625,9.7625,4.0125],"rotation":0,"texture":"#0","tintindex":0},"down":{"uv":[10.4875,4.8875,9.7625,5.7375],"rotation":0,"texture":"#0","tintindex":0}}},{"from":[6.1334815,0.5731373,4.5714283],"to":[8.990624,4.5731373,8.0],"rotation":{"angle":0.0,"axis":"y","origin":[14.70491,15.430281,1.4285712]},"faces":{"east":{"uv":[8.0125,9.7625,8.7375,10.6125],"rotation":0,"texture":"#0","tintindex":0},"south":{"uv":[11.0125,5.7625,11.6125,6.6125],"rotation":0,"texture":"#0","tintindex":0},"north":{"uv":[10.8875,10.5125,11.4875,11.3625],"rotation":0,"texture":"#0","tintindex":0},"west":{"uv":[8.7625,9.7625,9.4875,10.6125],"rotation":0,"texture":"#0","tintindex":0},"up":{"uv":[11.7375,5.3625,11.1375,4.6375],"rotation":0,"texture":"#0","tintindex":0},"down":{"uv":[6.2375,11.1375,5.6375,11.8625],"rotation":0,"texture":"#0","tintindex":0}}},{"from":[7.8477674,0.15073872,3.7434196],"to":[9.562053,1.8650241,4.314848],"rotation":{"angle":0.0,"axis":"y","origin":[12.133482,-9.849262,-19.399439]},"faces":{"east":{"uv":[3.6375,1.7375,3.9875,1.6375],"rotation":270,"texture":"#0","tintindex":0},"south":{"uv":[12.5125,0.0125,12.8625,0.3625],"rotation":180,"texture":"#0","tintindex":0},"north":{"uv":[0.0125,12.8625,0.3625,12.5125],"rotation":0,"texture":"#0","tintindex":0},"west":{"uv":[7.0125,1.2375,7.3625,1.1375],"rotation":90,"texture":"#0","tintindex":0},"up":{"uv":[3.2625,1.7375,3.6125,1.6375],"rotation":180,"texture":"#0","tintindex":0},"down":{"uv":[5.8875,6.6125,6.2375,6.5125],"rotation":0,"texture":"#0","tintindex":0}}},{"from":[8.133481,0.43645287,4.314848],"to":[9.276339,1.5793099,6.029134],"rotation":{"angle":0.0,"axis":"y","origin":[12.133482,-9.849262,-19.399439]},"faces":{"east":{"uv":[12.7625,4.3625,12.9875,4.0125],"rotation":270,"texture":"#0","tintindex":0},"south":{"uv":[12.7625,12.7625,12.9875,12.9875],"rotation":180,"texture":"#0","tintindex":0},"north":{"uv":[12.7625,12.7375,12.9875,12.5125],"rotation":0,"texture":"#0","tintindex":0},"west":{"uv":[12.7625,5.1125,12.9875,4.7625],"rotation":90,"texture":"#0","tintindex":0},"up":{"uv":[12.7625,3.9875,12.9875,3.6375],"rotation":180,"texture":"#0","tintindex":0},"down":{"uv":[12.7625,4.7375,12.9875,4.3875],"rotation":0,"texture":"#0","tintindex":0}}},{"from":[7.2763386,-0.42069054,6.029134],"to":[10.133482,2.4364529,8.886277],"rotation":{"angle":0.0,"axis":"y","origin":[12.133482,-9.849262,-19.399439]},"faces":{"east":{"uv":[7.0125,12.1125,7.6125,11.5125],"rotation":270,"texture":"#0","tintindex":0},"south":{"uv":[11.5125,10.3875,12.1125,10.9875],"rotation":180,"texture":"#0","tintindex":0},"north":{"uv":[9.2625,12.1125,9.8625,11.5125],"rotation":0,"texture":"#0","tintindex":0},"west":{"uv":[8.6375,12.1125,9.2375,11.5125],"rotation":90,"texture":"#0","tintindex":0},"up":{"uv":[11.5125,3.4875,12.1125,2.8875],"rotation":180,"texture":"#0","tintindex":0},"down":{"uv":[11.5125,8.6125,12.1125,8.0125],"rotation":0,"texture":"#0","tintindex":0}}},{"from":[6.5714283,-1.0571432,4.6285715],"to":[9.428572,1.2285709,7.9428573],"rotation":{"angle":22.5,"axis":"z","origin":[8.0,-0.20000076,6.285714]},"faces":{"east":{"uv":[2.8875,11.7625,3.6125,12.2375],"rotation":0,"texture":"#0","tintindex":0},"south":{"uv":[8.0125,11.8875,8.6125,12.3625],"rotation":0,"texture":"#0","tintindex":0},"north":{"uv":[5.6375,11.8875,6.2375,12.3625],"rotation":0,"texture":"#0","tintindex":0},"west":{"uv":[11.7625,3.8875,12.4875,4.3625],"rotation":0,"texture":"#0","tintindex":0},"up":{"uv":[11.7375,9.3625,11.1375,8.6375],"rotation":0,"texture":"#0","tintindex":0},"down":{"uv":[11.8625,0.0125,11.2625,0.7375],"rotation":0,"texture":"#0","tintindex":0}}},{"from":[8.857143,0.08571386,4.5714283],"to":[10.0,1.2285709,6.285714],"rotation":{"angle":22.5,"axis":"z","origin":[8.0,-0.20000076,6.285714]},"faces":{"east":{"uv":[2.8875,12.7625,3.2375,12.9875],"rotation":0,"texture":"#0","tintindex":0},"south":{"uv":[12.7625,12.2625,12.9875,12.4875],"rotation":0,"texture":"#0","tintindex":0},"north":{"uv":[12.7625,12.0125,12.9875,12.2375],"rotation":0,"texture":"#0","tintindex":0},"west":{"uv":[12.7625,3.0125,13.1125,3.2375],"rotation":0,"texture":"#0","tintindex":0},"up":{"uv":[3.4875,13.1125,3.2625,12.7625],"rotation":0,"texture":"#0","tintindex":0},"down":{"uv":[12.9875,3.2625,12.7625,3.6125],"rotation":0,"texture":"#0","tintindex":0}}}],"display":{"head":{"translation":[0.0,-6.4,0.0],"scale":[4.0,4.0,4.0]}}}{"textures":{"0":"item/mobs/zahar/zahar"},"elements":[{"from":[6.1334815,4.5731373,4.0],"to":[9.562053,8.001709,8.0],"rotation":{"angle":0.0,"axis":"y","origin":[14.70491,16.57314,1.4285712]},"faces":{"east":{"uv":[2.2625,9.7625,3.1125,10.4875],"rotation":0,"texture":"#0","tintindex":0},"south":{"uv":[0.5125,10.5125,1.2375,11.2375],"rotation":0,"texture":"#0","tintindex":0},"north":{"uv":[10.3875,8.8875,11.1125,9.6125],"rotation":0,"texture":"#0","tintindex":0},"west":{"uv":[9.7625,3.2625,10.6125,3.9875],"rotation":0,"texture":"#0","tintindex":0},"up":{"uv":[10.4875,4.8625,9.7625,4.0125],"rotation":0,"texture":"#0","tintindex":0},"down":{"uv":[10.4875,4.8875,9.7625,5.7375],"rotation":0,"texture":"#0","tintindex":0}}},{"from":[6.1334815,0.5731373,4.5714283],"to":[8.990624,4.5731373,8.0],"rotation":{"angle":0.0,"axis":"y","origin":[14.70491,15.430281,1.4285712]},"faces":{"east":{"uv":[8.0125,9.7625,8.7375,10.6125],"rotation":0,"texture":"#0","tintindex":0},"south":{"uv":[11.0125,5.7625,11.6125,6.6125],"rotation":0,"texture":"#0","tintindex":0},"north":{"uv":[10.8875,10.5125,11.4875,11.3625],"rotation":0,"texture":"#0","tintindex":0},"west":{"uv":[8.7625,9.7625,9.4875,10.6125],"rotation":0,"texture":"#0","tintindex":0},"up":{"uv":[11.7375,5.3625,11.1375,4.6375],"rotation":0,"texture":"#0","tintindex":0},"down":{"uv":[6.2375,11.1375,5.6375,11.8625],"rotation":0,"texture":"#0","tintindex":0}}},{"from":[7.8477674,0.15073872,3.7434196],"to":[9.562053,1.8650241,4.314848],"rotation":{"angle":0.0,"axis":"y","origin":[12.133482,-9.849262,-19.399439]},"faces":{"east":{"uv":[3.6375,1.7375,3.9875,1.6375],"rotation":270,"texture":"#0","tintindex":0},"south":{"uv":[12.5125,0.0125,12.8625,0.3625],"rotation":180,"texture":"#0","tintindex":0},"north":{"uv":[0.0125,12.8625,0.3625,12.5125],"rotation":0,"texture":"#0","tintindex":0},"west":{"uv":[7.0125,1.2375,7.3625,1.1375],"rotation":90,"texture":"#0","tintindex":0},"up":{"uv":[3.2625,1.7375,3.6125,1.6375],"rotation":180,"texture":"#0","tintindex":0},"down":{"uv":[5.8875,6.6125,6.2375,6.5125],"rotation":0,"texture":"#0","tintindex":0}}},{"from":[8.133481,0.43645287,4.314848],"to":[9.276339,1.5793099,6.029134],"rotation":{"angle":0.0,"axis":"y","origin":[12.133482,-9.849262,-19.399439]},"faces":{"east":{"uv":[12.7625,4.3625,12.9875,4.0125],"rotation":270,"texture":"#0","tintindex":0},"south":{"uv":[12.7625,12.7625,12.9875,12.9875],"rotation":180,"texture":"#0","tintindex":0},"north":{"uv":[12.7625,12.7375,12.9875,12.5125],"rotation":0,"texture":"#0","tintindex":0},"west":{"uv":[12.7625,5.1125,12.9875,4.7625],"rotation":90,"texture":"#0","tintindex":0},"up":{"uv":[12.7625,3.9875,12.9875,3.6375],"rotation":180,"texture":"#0","tintindex":0},"down":{"uv":[12.7625,4.7375,12.9875,4.3875],"rotation":0,"texture":"#0","tintindex":0}}},{"from":[7.2763386,-0.42069054,6.029134],"to":[10.133482,2.4364529,8.886277],"rotation":{"angle":0.0,"axis":"y","origin":[12.133482,-9.849262,-19.399439]},"faces":{"east":{"uv":[7.0125,12.1125,7.6125,11.5125],"rotation":270,"texture":"#0","tintindex":0},"south":{"uv":[11.5125,10.3875,12.1125,10.9875],"rotation":180,"texture":"#0","tintindex":0},"north":{"uv":[9.2625,12.1125,9.8625,11.5125],"rotation":0,"texture":"#0","tintindex":0},"west":{"uv":[8.6375,12.1125,9.2375,11.5125],"rotation":90,"texture":"#0","tintindex":0},"up":{"uv":[11.5125,3.4875,12.1125,2.8875],"rotation":180,"texture":"#0","tintindex":0},"down":{"uv":[11.5125,8.6125,12.1125,8.0125],"rotation":0,"texture":"#0","tintindex":0}}},{"from":[6.5714283,-1.0571432,4.6285715],"to":[9.428572,1.2285709,7.9428573],"rotation":{"angle":22.5,"axis":"z","origin":[8.0,-0.20000076,6.285714]},"faces":{"east":{"uv":[2.8875,11.7625,3.6125,12.2375],"rotation":0,"texture":"#0","tintindex":0},"south":{"uv":[8.0125,11.8875,8.6125,12.3625],"rotation":0,"texture":"#0","tintindex":0},"north":{"uv":[5.6375,11.8875,6.2375,12.3625],"rotation":0,"texture":"#0","tintindex":0},"west":{"uv":[11.7625,3.8875,12.4875,4.3625],"rotation":0,"texture":"#0","tintindex":0},"up":{"uv":[11.7375,9.3625,11.1375,8.6375],"rotation":0,"texture":"#0","tintindex":0},"down":{"uv":[11.8625,0.0125,11.2625,0.7375],"rotation":0,"texture":"#0","tintindex":0}}},{"from":[8.857143,0.08571386,4.5714283],"to":[10.0,1.2285709,6.285714],"rotation":{"angle":22.5,"axis":"z","origin":[8.0,-0.20000076,6.285714]},"faces":{"east":{"uv":[2.8875,12.7625,3.2375,12.9875],"rotation":0,"texture":"#0","tintindex":0},"south":{"uv":[12.7625,12.2625,12.9875,12.4875],"rotation":0,"texture":"#0","tintindex":0},"north":{"uv":[12.7625,12.0125,12.9875,12.2375],"rotation":0,"texture":"#0","tintindex":0},"west":{"uv":[12.7625,3.0125,13.1125,3.2375],"rotation":0,"texture":"#0","tintindex":0},"up":{"uv":[3.4875,13.1125,3.2625,12.7625],"rotation":0,"texture":"#0","tintindex":0},"down":{"uv":[12.9875,3.2625,12.7625,3.6125],"rotation":0,"texture":"#0","tintindex":0}}}],"display":{"head":{"translation":[0.0,-6.4,0.0],"scale":[4.0,4.0,4.0]}}}