{"textures":{"0":"item/mobs/zahar/zahar"},"elements":[{"from":[8.285714,1.7142854,8.0],"to":[11.142858,8.0,8.0],"rotation":{"angle":0.0,"axis":"y","origin":[5.714286,5.142857,6.285714]},"faces":{"east":{"uv":[0.0125,0.0125,0.0125,1.3625],"rotation":0,"texture":"#0","tintindex":0},"south":{"uv":[5.7375,7.7625,5.1375,9.1125],"rotation":0,"texture":"#0","tintindex":0},"north":{"uv":[5.1375,7.7625,5.7375,9.1125],"rotation":0,"texture":"#0","tintindex":0},"west":{"uv":[0.0125,0.0125,0.0125,1.3625],"rotation":0,"texture":"#0","tintindex":0},"up":{"uv":[0.6125,0.0125,0.0125,0.0125],"rotation":0,"texture":"#0","tintindex":0},"down":{"uv":[0.6125,0.0125,0.0125,0.0125],"rotation":0,"texture":"#0","tintindex":0}}}],"display":{"head":{"translation":[0.0,-6.4,0.0],"scale":[4.0,4.0,4.0]}}}{"textures":{"0":"item/mobs/zahar/zahar"},"elements":[{"from":[8.285714,1.7142854,8.0],"to":[11.142858,8.0,8.0],"rotation":{"angle":0.0,"axis":"y","origin":[5.714286,5.142857,6.285714]},"faces":{"east":{"uv":[0.0125,0.0125,0.0125,1.3625],"rotation":0,"texture":"#0","tintindex":0},"south":{"uv":[5.7375,7.7625,5.1375,9.1125],"rotation":0,"texture":"#0","tintindex":0},"north":{"uv":[5.1375,7.7625,5.7375,9.1125],"rotation":0,"texture":"#0","tintindex":0},"west":{"uv":[0.0125,0.0125,0.0125,1.3625],"rotation":0,"texture":"#0","tintindex":0},"up":{"uv":[0.6125,0.0125,0.0125,0.0125],"rotation":0,"texture":"#0","tintindex":0},"down":{"uv":[0.6125,0.0125,0.0125,0.0125],"rotation":0,"texture":"#0","tintindex":0}}}],"display":{"head":{"translation":[0.0,-6.4,0.0],"scale":[4.0,4.0,4.0]}}}{"textures":{"0":"item/mobs/zahar/zahar"},"elements":[{"from":[8.285714,1.7142854,8.0],"to":[11.142858,8.0,8.0],"rotation":{"angle":0.0,"axis":"y","origin":[5.714286,5.142857,6.285714]},"faces":{"east":{"uv":[0.0125,0.0125,0.0125,1.3625],"rotation":0,"texture":"#0","tintindex":0},"south":{"uv":[5.7375,7.7625,5.1375,9.1125],"rotation":0,"texture":"#0","tintindex":0},"north":{"uv":[5.1375,7.7625,5.7375,9.1125],"rotation":0,"texture":"#0","tintindex":0},"west":{"uv":[0.0125,0.0125,0.0125,1.3625],"rotation":0,"texture":"#0","tintindex":0},"up":{"uv":[0.6125,0.0125,0.0125,0.0125],"rotation":0,"texture":"#0","tintindex":0},"down":{"uv":[0.6125,0.0125,0.0125,0.0125],"rotation":0,"texture":"#0","tintindex":0}}}],"display":{"head":{"translation":[0.0,-6.4,0.0],"scale":[4.0,4.0,4.0]}}}{"textures":{"0":"item/mobs/zahar/zahar"},"elements":[{"from":[8.285714,1.7142854,8.0],"to":[11.142858,8.0,8.0],"rotation":{"angle":0.0,"axis":"y","origin":[5.714286,5.142857,6.285714]},"faces":{"east":{"uv":[0.0125,0.0125,0.0125,1.3625],"rotation":0,"texture":"#0","tintindex":0},"south":{"uv":[5.7375,7.7625,5.1375,9.1125],"rotation":0,"texture":"#0","tintindex":0},"north":{"uv":[5.1375,7.7625,5.7375,9.1125],"rotation":0,"texture":"#0","tintindex":0},"west":{"uv":[0.0125,0.0125,0.0125,1.3625],"rotation":0,"texture":"#0","tintindex":0},"up":{"uv":[0.6125,0.0125,0.0125,0.0125],"rotation":0,"texture":"#0","tintindex":0},"down":{"uv":[0.6125,0.0125,0.0125,0.0125],"rotation":0,"texture":"#0","tintindex":0}}}],"display":{"head":{"translation":[0.0,-6.4,0.0],"scale":[4.0,4.0,4.0]}}}{"textures":{"0":"item/mobs/zahar/zahar"},"elements":[{"from":[8.285714,1.7142854,8.0],"to":[11.142858,8.0,8.0],"rotation":{"angle":0.0,"axis":"y","origin":[5.714286,5.142857,6.285714]},"faces":{"east":{"uv":[0.0125,0.0125,0.0125,1.3625],"rotation":0,"texture":"#0","tintindex":0},"south":{"uv":[5.7375,7.7625,5.1375,9.1125],"rotation":0,"texture":"#0","tintindex":0},"north":{"uv":[5.1375,7.7625,5.7375,9.1125],"rotation":0,"texture":"#0","tintindex":0},"west":{"uv":[0.0125,0.0125,0.0125,1.3625],"rotation":0,"texture":"#0","tintindex":0},"up":{"uv":[0.6125,0.0125,0.0125,0.0125],"rotation":0,"texture":"#0","tintindex":0},"down":{"uv":[0.6125,0.0125,0.0125,0.0125],"rotation":0,"texture":"#0","tintindex":0}}}],"display":{"head":{"translation":[0.0,-6.4,0.0],"scale":[4.0,4.0,4.0]}}}{"textures":{"0":"item/mobs/zahar/zahar"},"elements":[{"from":[8.285714,1.7142854,8.0],"to":[11.142858,8.0,8.0],"rotation":{"angle":0.0,"axis":"y","origin":[5.714286,5.142857,6.285714]},"faces":{"east":{"uv":[0.0125,0.0125,0.0125,1.3625],"rotation":0,"texture":"#0","tintindex":0},"south":{"uv":[5.7375,7.7625,5.1375,9.1125],"rotation":0,"texture":"#0","tintindex":0},"north":{"uv":[5.1375,7.7625,5.7375,9.1125],"rotation":0,"texture":"#0","tintindex":0},"west":{"uv":[0.0125,0.0125,0.0125,1.3625],"rotation":0,"texture":"#0","tintindex":0},"up":{"uv":[0.6125,0.0125,0.0125,0.0125],"rotation":0,"texture":"#0","tintindex":0},"down":{"uv":[0.6125,0.0125,0.0125,0.0125],"rotation":0,"texture":"#0","tintindex":0}}}],"display":{"head":{"translation":[0.0,-6.4,0.0],"scale":[4.0,4.0,4.0]}}}{"textures":{"0":"item/mobs/zahar/zahar"},"elements":[{"from":[8.285714,1.7142854,8.0],"to":[11.142858,8.0,8.0],"rotation":{"angle":0.0,"axis":"y","origin":[5.714286,5.142857,6.285714]},"faces":{"east":{"uv":[0.0125,0.0125,0.0125,1.3625],"rotation":0,"texture":"#0","tintindex":0},"south":{"uv":[5.7375,7.7625,5.1375,9.1125],"rotation":0,"texture":"#0","tintindex":0},"north":{"uv":[5.1375,7.7625,5.7375,9.1125],"rotation":0,"texture":"#0","tintindex":0},"west":{"uv":[0.0125,0.0125,0.0125,1.3625],"rotation":0,"texture":"#0","tintindex":0},"up":{"uv":[0.6125,0.0125,0.0125,0.0125],"rotation":0,"texture":"#0","tintindex":0},"down":{"uv":[0.6125,0.0125,0.0125,0.0125],"rotation":0,"texture":"#0","tintindex":0}}}],"display":{"head":{"translation":[0.0,-6.4,0.0],"scale":[4.0,4.0,4.0]}}}{"textures":{"0":"item/mobs/zahar/zahar"},"elements":[{"from":[8.285714,1.7142854,8.0],"to":[11.142858,8.0,8.0],"rotation":{"angle":0.0,"axis":"y","origin":[5.714286,5.142857,6.285714]},"faces":{"east":{"uv":[0.0125,0.0125,0.0125,1.3625],"rotation":0,"texture":"#0","tintindex":0},"south":{"uv":[5.7375,7.7625,5.1375,9.1125],"rotation":0,"texture":"#0","tintindex":0},"north":{"uv":[5.1375,7.7625,5.7375,9.1125],"rotation":0,"texture":"#0","tintindex":0},"west":{"uv":[0.0125,0.0125,0.0125,1.3625],"rotation":0,"texture":"#0","tintindex":0},"up":{"uv":[0.6125,0.0125,0.0125,0.0125],"rotation":0,"texture":"#0","tintindex":0},"down":{"uv":[0.6125,0.0125,0.0125,0.0125],"rotation":0,"texture":"#0","tintindex":0}}}],"display":{"head":{"translation":[0.0,-6.4,0.0],"scale":[4.0,4.0,4.0]}}}