{"textures":{"0":"item/mobs/zahar/zahar"},"elements":[{"from":[6.285714,4.0,6.285714],"to":[8.0,8.0,9.714286],"rotation":{"angle":0.0,"axis":"y","origin":[7.428571,8.0,8.0]},"faces":{"east":{"uv":[3.6375,9.6375,4.3625,10.4875],"rotation":0,"texture":"#0","tintindex":0},"south":{"uv":[5.2625,11.7625,5.6125,12.6125],"rotation":0,"texture":"#0","tintindex":0},"north":{"uv":[4.8875,11.7625,5.2375,12.6125],"rotation":0,"texture":"#0","tintindex":0},"west":{"uv":[9.6375,8.8875,10.3625,9.7375],"rotation":0,"texture":"#0","tintindex":0},"up":{"uv":[9.3625,12.8625,9.0125,12.1375],"rotation":0,"texture":"#0","tintindex":0},"down":{"uv":[9.7375,12.1375,9.3875,12.8625],"rotation":0,"texture":"#0","tintindex":0}}}],"display":{"head":{"translation":[0.0,-6.4,0.0],"scale":[4.0,4.0,4.0]}}}{"textures":{"0":"item/mobs/zahar/zahar"},"elements":[{"from":[6.285714,4.0,6.285714],"to":[8.0,8.0,9.714286],"rotation":{"angle":0.0,"axis":"y","origin":[7.428571,8.0,8.0]},"faces":{"east":{"uv":[3.6375,9.6375,4.3625,10.4875],"rotation":0,"texture":"#0","tintindex":0},"south":{"uv":[5.2625,11.7625,5.6125,12.6125],"rotation":0,"texture":"#0","tintindex":0},"north":{"uv":[4.8875,11.7625,5.2375,12.6125],"rotation":0,"texture":"#0","tintindex":0},"west":{"uv":[9.6375,8.8875,10.3625,9.7375],"rotation":0,"texture":"#0","tintindex":0},"up":{"uv":[9.3625,12.8625,9.0125,12.1375],"rotation":0,"texture":"#0","tintindex":0},"down":{"uv":[9.7375,12.1375,9.3875,12.8625],"rotation":0,"texture":"#0","tintindex":0}}}],"display":{"head":{"translation":[0.0,-6.4,0.0],"scale":[4.0,4.0,4.0]}}}{"textures":{"0":"item/mobs/zahar/zahar"},"elements":[{"from":[6.285714,4.0,6.285714],"to":[8.0,8.0,9.714286],"rotation":{"angle":0.0,"axis":"y","origin":[7.428571,8.0,8.0]},"faces":{"east":{"uv":[3.6375,9.6375,4.3625,10.4875],"rotation":0,"texture":"#0","tintindex":0},"south":{"uv":[5.2625,11.7625,5.6125,12.6125],"rotation":0,"texture":"#0","tintindex":0},"north":{"uv":[4.8875,11.7625,5.2375,12.6125],"rotation":0,"texture":"#0","tintindex":0},"west":{"uv":[9.6375,8.8875,10.3625,9.7375],"rotation":0,"texture":"#0","tintindex":0},"up":{"uv":[9.3625,12.8625,9.0125,12.1375],"rotation":0,"texture":"#0","tintindex":0},"down":{"uv":[9.7375,12.1375,9.3875,12.8625],"rotation":0,"texture":"#0","tintindex":0}}}],"display":{"head":{"translation":[0.0,-6.4,0.0],"scale":[4.0,4.0,4.0]}}}{"textures":{"0":"item/mobs/zahar/zahar"},"elements":[{"from":[6.285714,4.0,6.285714],"to":[8.0,8.0,9.714286],"rotation":{"angle":0.0,"axis":"y","origin":[7.428571,8.0,8.0]},"faces":{"east":{"uv":[3.6375,9.6375,4.3625,10.4875],"rotation":0,"texture":"#0","tintindex":0},"south":{"uv":[5.2625,11.7625,5.6125,12.6125],"rotation":0,"texture":"#0","tintindex":0},"north":{"uv":[4.8875,11.7625,5.2375,12.6125],"rotation":0,"texture":"#0","tintindex":0},"west":{"uv":[9.6375,8.8875,10.3625,9.7375],"rotation":0,"texture":"#0","tintindex":0},"up":{"uv":[9.3625,12.8625,9.0125,12.1375],"rotation":0,"texture":"#0","tintindex":0},"down":{"uv":[9.7375,12.1375,9.3875,12.8625],"rotation":0,"texture":"#0","tintindex":0}}}],"display":{"head":{"translation":[0.0,-6.4,0.0],"scale":[4.0,4.0,4.0]}}}{"textures":{"0":"item/mobs/zahar/zahar"},"elements":[{"from":[6.285714,4.0,6.285714],"to":[8.0,8.0,9.714286],"rotation":{"angle":0.0,"axis":"y","origin":[7.428571,8.0,8.0]},"faces":{"east":{"uv":[3.6375,9.6375,4.3625,10.4875],"rotation":0,"texture":"#0","tintindex":0},"south":{"uv":[5.2625,11.7625,5.6125,12.6125],"rotation":0,"texture":"#0","tintindex":0},"north":{"uv":[4.8875,11.7625,5.2375,12.6125],"rotation":0,"texture":"#0","tintindex":0},"west":{"uv":[9.6375,8.8875,10.3625,9.7375],"rotation":0,"texture":"#0","tintindex":0},"up":{"uv":[9.3625,12.8625,9.0125,12.1375],"rotation":0,"texture":"#0","tintindex":0},"down":{"uv":[9.7375,12.1375,9.3875,12.8625],"rotation":0,"texture":"#0","tintindex":0}}}],"display":{"head":{"translation":[0.0,-6.4,0.0],"scale":[4.0,4.0,4.0]}}}{"textures":{"0":"item/mobs/zahar/zahar"},"elements":[{"from":[6.285714,4.0,6.285714],"to":[8.0,8.0,9.714286],"rotation":{"angle":0.0,"axis":"y","origin":[7.428571,8.0,8.0]},"faces":{"east":{"uv":[3.6375,9.6375,4.3625,10.4875],"rotation":0,"texture":"#0","tintindex":0},"south":{"uv":[5.2625,11.7625,5.6125,12.6125],"rotation":0,"texture":"#0","tintindex":0},"north":{"uv":[4.8875,11.7625,5.2375,12.6125],"rotation":0,"texture":"#0","tintindex":0},"west":{"uv":[9.6375,8.8875,10.3625,9.7375],"rotation":0,"texture":"#0","tintindex":0},"up":{"uv":[9.3625,12.8625,9.0125,12.1375],"rotation":0,"texture":"#0","tintindex":0},"down":{"uv":[9.7375,12.1375,9.3875,12.8625],"rotation":0,"texture":"#0","tintindex":0}}}],"display":{"head":{"translation":[0.0,-6.4,0.0],"scale":[4.0,4.0,4.0]}}}{"textures":{"0":"item/mobs/zahar/zahar"},"elements":[{"from":[6.285714,4.0,6.285714],"to":[8.0,8.0,9.714286],"rotation":{"angle":0.0,"axis":"y","origin":[7.428571,8.0,8.0]},"faces":{"east":{"uv":[3.6375,9.6375,4.3625,10.4875],"rotation":0,"texture":"#0","tintindex":0},"south":{"uv":[5.2625,11.7625,5.6125,12.6125],"rotation":0,"texture":"#0","tintindex":0},"north":{"uv":[4.8875,11.7625,5.2375,12.6125],"rotation":0,"texture":"#0","tintindex":0},"west":{"uv":[9.6375,8.8875,10.3625,9.7375],"rotation":0,"texture":"#0","tintindex":0},"up":{"uv":[9.3625,12.8625,9.0125,12.1375],"rotation":0,"texture":"#0","tintindex":0},"down":{"uv":[9.7375,12.1375,9.3875,12.8625],"rotation":0,"texture":"#0","tintindex":0}}}],"display":{"head":{"translation":[0.0,-6.4,0.0],"scale":[4.0,4.0,4.0]}}}{"textures":{"0":"item/mobs/zahar/zahar"},"elements":[{"from":[6.285714,4.0,6.285714],"to":[8.0,8.0,9.714286],"rotation":{"angle":0.0,"axis":"y","origin":[7.428571,8.0,8.0]},"faces":{"east":{"uv":[3.6375,9.6375,4.3625,10.4875],"rotation":0,"texture":"#0","tintindex":0},"south":{"uv":[5.2625,11.7625,5.6125,12.6125],"rotation":0,"texture":"#0","tintindex":0},"north":{"uv":[4.8875,11.7625,5.2375,12.6125],"rotation":0,"texture":"#0","tintindex":0},"west":{"uv":[9.6375,8.8875,10.3625,9.7375],"rotation":0,"texture":"#0","tintindex":0},"up":{"uv":[9.3625,12.8625,9.0125,12.1375],"rotation":0,"texture":"#0","tintindex":0},"down":{"uv":[9.7375,12.1375,9.3875,12.8625],"rotation":0,"texture":"#0","tintindex":0}}}],"display":{"head":{"translation":[0.0,-6.4,0.0],"scale":[4.0,4.0,4.0]}}}