{"textures":{"0":"item/mobs/zahar/zahar"},"elements":[{"from":[3.4285712,2.8571424,8.0],"to":[12.571428,8.0,8.0],"rotation":{"angle":0.0,"axis":"y","origin":[8.0,5.428571,10.857143]},"faces":{"east":{"uv":[11.6375,5.2625,11.6375,6.3625],"rotation":0,"texture":"#0","tintindex":0},"south":{"uv":[14.0125,3.2625,15.9875,4.3625],"rotation":0,"texture":"#0","tintindex":0},"north":{"uv":[15.9875,3.2625,14.0125,4.3625],"rotation":0,"texture":"#0","tintindex":0},"west":{"uv":[13.0125,6.0125,13.0125,7.1125],"rotation":0,"texture":"#0","tintindex":0},"up":{"uv":[11.4875,2.2625,9.5125,2.2625],"rotation":0,"texture":"#0","tintindex":0},"down":{"uv":[13.4875,2.2625,11.5125,2.2625],"rotation":0,"texture":"#0","tintindex":0}}}],"display":{"head":{"translation":[0.0,-6.4,0.0],"scale":[4.0,4.0,4.0]}}}{"textures":{"0":"item/mobs/zahar/zahar"},"elements":[{"from":[3.4285712,2.8571424,8.0],"to":[12.571428,8.0,8.0],"rotation":{"angle":0.0,"axis":"y","origin":[8.0,5.428571,10.857143]},"faces":{"east":{"uv":[11.6375,5.2625,11.6375,6.3625],"rotation":0,"texture":"#0","tintindex":0},"south":{"uv":[14.0125,3.2625,15.9875,4.3625],"rotation":0,"texture":"#0","tintindex":0},"north":{"uv":[15.9875,3.2625,14.0125,4.3625],"rotation":0,"texture":"#0","tintindex":0},"west":{"uv":[13.0125,6.0125,13.0125,7.1125],"rotation":0,"texture":"#0","tintindex":0},"up":{"uv":[11.4875,2.2625,9.5125,2.2625],"rotation":0,"texture":"#0","tintindex":0},"down":{"uv":[13.4875,2.2625,11.5125,2.2625],"rotation":0,"texture":"#0","tintindex":0}}}],"display":{"head":{"translation":[0.0,-6.4,0.0],"scale":[4.0,4.0,4.0]}}}{"textures":{"0":"item/mobs/zahar/zahar"},"elements":[{"from":[3.4285712,2.8571424,8.0],"to":[12.571428,8.0,8.0],"rotation":{"angle":0.0,"axis":"y","origin":[8.0,5.428571,10.857143]},"faces":{"east":{"uv":[11.6375,5.2625,11.6375,6.3625],"rotation":0,"texture":"#0","tintindex":0},"south":{"uv":[14.0125,3.2625,15.9875,4.3625],"rotation":0,"texture":"#0","tintindex":0},"north":{"uv":[15.9875,3.2625,14.0125,4.3625],"rotation":0,"texture":"#0","tintindex":0},"west":{"uv":[13.0125,6.0125,13.0125,7.1125],"rotation":0,"texture":"#0","tintindex":0},"up":{"uv":[11.4875,2.2625,9.5125,2.2625],"rotation":0,"texture":"#0","tintindex":0},"down":{"uv":[13.4875,2.2625,11.5125,2.2625],"rotation":0,"texture":"#0","tintindex":0}}}],"display":{"head":{"translation":[0.0,-6.4,0.0],"scale":[4.0,4.0,4.0]}}}{"textures":{"0":"item/mobs/zahar/zahar"},"elements":[{"from":[3.4285712,2.8571424,8.0],"to":[12.571428,8.0,8.0],"rotation":{"angle":0.0,"axis":"y","origin":[8.0,5.428571,10.857143]},"faces":{"east":{"uv":[11.6375,5.2625,11.6375,6.3625],"rotation":0,"texture":"#0","tintindex":0},"south":{"uv":[14.0125,3.2625,15.9875,4.3625],"rotation":0,"texture":"#0","tintindex":0},"north":{"uv":[15.9875,3.2625,14.0125,4.3625],"rotation":0,"texture":"#0","tintindex":0},"west":{"uv":[13.0125,6.0125,13.0125,7.1125],"rotation":0,"texture":"#0","tintindex":0},"up":{"uv":[11.4875,2.2625,9.5125,2.2625],"rotation":0,"texture":"#0","tintindex":0},"down":{"uv":[13.4875,2.2625,11.5125,2.2625],"rotation":0,"texture":"#0","tintindex":0}}}],"display":{"head":{"translation":[0.0,-6.4,0.0],"scale":[4.0,4.0,4.0]}}}{"textures":{"0":"item/mobs/zahar/zahar"},"elements":[{"from":[3.4285712,2.8571424,8.0],"to":[12.571428,8.0,8.0],"rotation":{"angle":0.0,"axis":"y","origin":[8.0,5.428571,10.857143]},"faces":{"east":{"uv":[11.6375,5.2625,11.6375,6.3625],"rotation":0,"texture":"#0","tintindex":0},"south":{"uv":[14.0125,3.2625,15.9875,4.3625],"rotation":0,"texture":"#0","tintindex":0},"north":{"uv":[15.9875,3.2625,14.0125,4.3625],"rotation":0,"texture":"#0","tintindex":0},"west":{"uv":[13.0125,6.0125,13.0125,7.1125],"rotation":0,"texture":"#0","tintindex":0},"up":{"uv":[11.4875,2.2625,9.5125,2.2625],"rotation":0,"texture":"#0","tintindex":0},"down":{"uv":[13.4875,2.2625,11.5125,2.2625],"rotation":0,"texture":"#0","tintindex":0}}}],"display":{"head":{"translation":[0.0,-6.4,0.0],"scale":[4.0,4.0,4.0]}}}{"textures":{"0":"item/mobs/zahar/zahar"},"elements":[{"from":[3.4285712,2.8571424,8.0],"to":[12.571428,8.0,8.0],"rotation":{"angle":0.0,"axis":"y","origin":[8.0,5.428571,10.857143]},"faces":{"east":{"uv":[11.6375,5.2625,11.6375,6.3625],"rotation":0,"texture":"#0","tintindex":0},"south":{"uv":[14.0125,3.2625,15.9875,4.3625],"rotation":0,"texture":"#0","tintindex":0},"north":{"uv":[15.9875,3.2625,14.0125,4.3625],"rotation":0,"texture":"#0","tintindex":0},"west":{"uv":[13.0125,6.0125,13.0125,7.1125],"rotation":0,"texture":"#0","tintindex":0},"up":{"uv":[11.4875,2.2625,9.5125,2.2625],"rotation":0,"texture":"#0","tintindex":0},"down":{"uv":[13.4875,2.2625,11.5125,2.2625],"rotation":0,"texture":"#0","tintindex":0}}}],"display":{"head":{"translation":[0.0,-6.4,0.0],"scale":[4.0,4.0,4.0]}}}{"textures":{"0":"item/mobs/zahar/zahar"},"elements":[{"from":[3.4285712,2.8571424,8.0],"to":[12.571428,8.0,8.0],"rotation":{"angle":0.0,"axis":"y","origin":[8.0,5.428571,10.857143]},"faces":{"east":{"uv":[11.6375,5.2625,11.6375,6.3625],"rotation":0,"texture":"#0","tintindex":0},"south":{"uv":[14.0125,3.2625,15.9875,4.3625],"rotation":0,"texture":"#0","tintindex":0},"north":{"uv":[15.9875,3.2625,14.0125,4.3625],"rotation":0,"texture":"#0","tintindex":0},"west":{"uv":[13.0125,6.0125,13.0125,7.1125],"rotation":0,"texture":"#0","tintindex":0},"up":{"uv":[11.4875,2.2625,9.5125,2.2625],"rotation":0,"texture":"#0","tintindex":0},"down":{"uv":[13.4875,2.2625,11.5125,2.2625],"rotation":0,"texture":"#0","tintindex":0}}}],"display":{"head":{"translation":[0.0,-6.4,0.0],"scale":[4.0,4.0,4.0]}}}{"textures":{"0":"item/mobs/zahar/zahar"},"elements":[{"from":[3.4285712,2.8571424,8.0],"to":[12.571428,8.0,8.0],"rotation":{"angle":0.0,"axis":"y","origin":[8.0,5.428571,10.857143]},"faces":{"east":{"uv":[11.6375,5.2625,11.6375,6.3625],"rotation":0,"texture":"#0","tintindex":0},"south":{"uv":[14.0125,3.2625,15.9875,4.3625],"rotation":0,"texture":"#0","tintindex":0},"north":{"uv":[15.9875,3.2625,14.0125,4.3625],"rotation":0,"texture":"#0","tintindex":0},"west":{"uv":[13.0125,6.0125,13.0125,7.1125],"rotation":0,"texture":"#0","tintindex":0},"up":{"uv":[11.4875,2.2625,9.5125,2.2625],"rotation":0,"texture":"#0","tintindex":0},"down":{"uv":[13.4875,2.2625,11.5125,2.2625],"rotation":0,"texture":"#0","tintindex":0}}}],"display":{"head":{"translation":[0.0,-6.4,0.0],"scale":[4.0,4.0,4.0]}}}