{
	"credit": "Made with Blockbench",
	"texture_size": [64, 64],
	"textures": {
		"0": "block/misc/zipline",
		"particle": "block/misc/zipline"
	},
	"elements": [
		{
			"name": "hexadecagon",
			"from": [7.77125, 0, 6.85],
			"to": [8.22875, 16, 9.15],
			"rotation": {"angle": -45, "axis": "y", "origin": [8, 5.5, 8]},
			"faces": {
				"north": {"uv": [6, 0, 6.125, 4], "texture": "#0"},
				"east": {"uv": [0, 0, 0.625, 4], "texture": "#0"},
				"south": {"uv": [6, 4, 6.125, 8], "texture": "#0"},
				"west": {"uv": [0.75, 0, 1.375, 4], "texture": "#0"},
				"up": {"uv": [0.125, 8.625, 0, 8], "texture": "#0"},
				"down": {"uv": [8.125, 0, 8, 0.625], "texture": "#0"}
			}
		},
		{
			"name": "hexadecagon",
			"from": [7.77125, 0, 6.85],
			"to": [8.22875, 16, 9.15],
			"rotation": {"angle": -22.5, "axis": "y", "origin": [8, 5.5, 8]},
			"faces": {
				"north": {"uv": [6.25, 0, 6.375, 4], "texture": "#0"},
				"east": {"uv": [1.5, 0, 2.125, 4], "texture": "#0"},
				"south": {"uv": [6.25, 4, 6.375, 8], "texture": "#0"},
				"west": {"uv": [2.25, 0, 2.875, 4], "texture": "#0"},
				"up": {"uv": [0.375, 8.625, 0.25, 8], "texture": "#0"},
				"down": {"uv": [0.625, 8, 0.5, 8.625], "texture": "#0"}
			}
		},
		{
			"name": "hexadecagon",
			"from": [7.77125, 0, 6.85],
			"to": [8.22875, 16, 9.15],
			"rotation": {"angle": 0, "axis": "y", "origin": [8, 5.5, 8]},
			"faces": {
				"north": {"uv": [6.5, 0, 6.625, 4], "texture": "#0"},
				"east": {"uv": [3, 0, 3.625, 4], "texture": "#0"},
				"south": {"uv": [6.5, 4, 6.625, 8], "texture": "#0"},
				"west": {"uv": [3.75, 0, 4.375, 4], "texture": "#0"},
				"up": {"uv": [0.875, 8.625, 0.75, 8], "texture": "#0"},
				"down": {"uv": [8.125, 0.75, 8, 1.375], "texture": "#0"}
			}
		},
		{
			"name": "hexadecagon",
			"from": [7.77125, 0, 6.85],
			"to": [8.22875, 16, 9.15],
			"rotation": {"angle": 22.5, "axis": "y", "origin": [8, 5.5, 8]},
			"faces": {
				"north": {"uv": [6.75, 0, 6.875, 4], "texture": "#0"},
				"east": {"uv": [0, 4, 0.625, 8], "texture": "#0"},
				"south": {"uv": [6.75, 4, 6.875, 8], "texture": "#0"},
				"west": {"uv": [0.75, 4, 1.375, 8], "texture": "#0"},
				"up": {"uv": [1.125, 8.625, 1, 8], "texture": "#0"},
				"down": {"uv": [1.375, 8, 1.25, 8.625], "texture": "#0"}
			}
		},
		{
			"name": "hexadecagon",
			"from": [7.77125, 0, 6.85],
			"to": [8.22875, 16, 9.15],
			"rotation": {"angle": 45, "axis": "y", "origin": [8, 5.5, 8]},
			"faces": {
				"north": {"uv": [7, 0, 7.125, 4], "texture": "#0"},
				"east": {"uv": [1.5, 4, 2.125, 8], "texture": "#0"},
				"south": {"uv": [7, 4, 7.125, 8], "texture": "#0"},
				"west": {"uv": [2.25, 4, 2.875, 8], "texture": "#0"},
				"up": {"uv": [1.625, 8.625, 1.5, 8], "texture": "#0"},
				"down": {"uv": [8.125, 1.5, 8, 2.125], "texture": "#0"}
			}
		},
		{
			"name": "hexadecagon",
			"from": [6.85, 0, 7.77125],
			"to": [9.15, 16, 8.22875],
			"rotation": {"angle": -22.5, "axis": "y", "origin": [8, 5.5, 8]},
			"faces": {
				"north": {"uv": [3, 4, 3.625, 8], "texture": "#0"},
				"east": {"uv": [7.25, 0, 7.375, 4], "texture": "#0"},
				"south": {"uv": [3.75, 4, 4.375, 8], "texture": "#0"},
				"west": {"uv": [7.25, 4, 7.375, 8], "texture": "#0"},
				"up": {"uv": [2.375, 8.125, 1.75, 8], "texture": "#0"},
				"down": {"uv": [8.625, 2.25, 8, 2.375], "texture": "#0"}
			}
		},
		{
			"name": "hexadecagon",
			"from": [6.85, 0, 7.77125],
			"to": [9.15, 16, 8.22875],
			"rotation": {"angle": 0, "axis": "y", "origin": [8, 5.5, 8]},
			"faces": {
				"north": {"uv": [4.5, 0, 5.125, 4], "texture": "#0"},
				"east": {"uv": [7.5, 0, 7.625, 4], "texture": "#0"},
				"south": {"uv": [4.5, 4, 5.125, 8], "texture": "#0"},
				"west": {"uv": [7.5, 4, 7.625, 8], "texture": "#0"},
				"up": {"uv": [3.125, 8.125, 2.5, 8], "texture": "#0"},
				"down": {"uv": [8.625, 2.5, 8, 2.625], "texture": "#0"}
			}
		},
		{
			"name": "hexadecagon",
			"from": [6.85, 0, 7.77125],
			"to": [9.15, 16, 8.22875],
			"rotation": {"angle": 22.5, "axis": "y", "origin": [8, 5.5, 8]},
			"faces": {
				"north": {"uv": [5.25, 0, 5.875, 4], "texture": "#0"},
				"east": {"uv": [7.75, 0, 7.875, 4], "texture": "#0"},
				"south": {"uv": [5.25, 4, 5.875, 8], "texture": "#0"},
				"west": {"uv": [7.75, 4, 7.875, 8], "texture": "#0"},
				"up": {"uv": [8.625, 2.875, 8, 2.75], "texture": "#0"},
				"down": {"uv": [8.625, 3, 8, 3.125], "texture": "#0"}
			}
		}
	],
	"groups": [
		{
			"name": "hexadecagon",
			"origin": [8, 8, 8],
			"color": 0,
			"children": [0, 1, 2, 3, 4, 5, 6, 7]
		}
	]
}