{
	"credit": "Made by Aiden (feignedmars4438 on discord)",
	"texture_size": [128, 128],
	"textures": {
		"0": "block/machines/fabricator/texture",
		"particle": "block/machines/fabricator/texture"
	},
	"elements": [
		{
			"from": [11, -16, 0],
			"to": [13, -15.5, 2],
			"rotation": {"angle": 0, "axis": "y", "origin": [0, -16, 0]},
			"faces": {
				"north": {"uv": [5.25, 1.375, 5.5, 1.4375], "texture": "#0"},
				"east": {"uv": [7.875, 1.375, 8.125, 1.4375], "texture": "#0"},
				"south": {"uv": [7.875, 1.5, 8.125, 1.5625], "texture": "#0"},
				"west": {"uv": [7.875, 1.625, 8.125, 1.6875], "texture": "#0"},
				"up": {"uv": [2.75, 1.5, 2.5, 1.25], "texture": "#0"},
				"down": {"uv": [2.75, 1.5, 2.5, 1.75], "texture": "#0"}
			}
		},
		{
			"from": [3, -15.5, 0],
			"to": [13, -14, 16],
			"rotation": {"angle": 0, "axis": "y", "origin": [0, -16, 0]},
			"faces": {
				"north": {"uv": [4.875, 3.25, 6.125, 3.4375], "texture": "#0"},
				"east": {"uv": [4.875, 2.75, 6.875, 2.9375], "texture": "#0"},
				"south": {"uv": [4.875, 3.5, 6.125, 3.6875], "texture": "#0"},
				"west": {"uv": [4.875, 3, 6.875, 3.1875], "texture": "#0"},
				"up": {"uv": [1.25, 2, 0, 0], "texture": "#0"},
				"down": {"uv": [2.5, 0, 1.25, 2], "texture": "#0"}
			}
		},
		{
			"from": [3, -16, 0],
			"to": [5, -15.5, 2],
			"rotation": {"angle": 0, "axis": "y", "origin": [0, -16, 0]},
			"faces": {
				"north": {"uv": [7.875, 1.75, 8.125, 1.8125], "texture": "#0"},
				"east": {"uv": [7.875, 1.875, 8.125, 1.9375], "texture": "#0"},
				"south": {"uv": [2.375, 7.875, 2.625, 7.9375], "texture": "#0"},
				"west": {"uv": [7.875, 2.75, 8.125, 2.8125], "texture": "#0"},
				"up": {"uv": [2.75, 2, 2.5, 1.75], "texture": "#0"},
				"down": {"uv": [7, 1.125, 6.75, 1.375], "texture": "#0"}
			}
		},
		{
			"from": [11, -16, 14],
			"to": [13, -15.5, 16],
			"rotation": {"angle": 0, "axis": "y", "origin": [0, -16, 0]},
			"faces": {
				"north": {"uv": [3.625, 7.875, 3.875, 7.9375], "texture": "#0"},
				"east": {"uv": [7.875, 3.625, 8.125, 3.6875], "texture": "#0"},
				"south": {"uv": [3.875, 7.875, 4.125, 7.9375], "texture": "#0"},
				"west": {"uv": [4.125, 7.875, 4.375, 7.9375], "texture": "#0"},
				"up": {"uv": [7.25, 4.25, 7, 4], "texture": "#0"},
				"down": {"uv": [7.25, 4.25, 7, 4.5], "texture": "#0"}
			}
		},
		{
			"from": [3, -16, 14],
			"to": [5, -15.5, 16],
			"rotation": {"angle": 0, "axis": "y", "origin": [0, -16, 0]},
			"faces": {
				"north": {"uv": [7.875, 2.875, 8.125, 2.9375], "texture": "#0"},
				"east": {"uv": [7.875, 3, 8.125, 3.0625], "texture": "#0"},
				"south": {"uv": [7.875, 3.125, 8.125, 3.1875], "texture": "#0"},
				"west": {"uv": [7.875, 3.5, 8.125, 3.5625], "texture": "#0"},
				"up": {"uv": [7.25, 3.75, 7, 3.5], "texture": "#0"},
				"down": {"uv": [7.25, 3.75, 7, 4], "texture": "#0"}
			}
		},
		{
			"name": "hexadecagon",
			"from": [7.59124, -14.5925, 10.945],
			"to": [8.40876, -13.4075, 15.055],
			"rotation": {"angle": -45, "axis": "y", "origin": [8, -13.9075, 13]},
			"faces": {
				"north": {"uv": [6.625, 0, 6.75, 0.125], "texture": "#0"},
				"east": {"uv": [7, 4.5, 7.5, 4.625], "texture": "#0"},
				"south": {"uv": [6.625, 0.125, 6.75, 0.25], "texture": "#0"},
				"west": {"uv": [7, 4.625, 7.5, 4.75], "texture": "#0"},
				"up": {"uv": [4.5, 0.5, 4.375, 0], "texture": "#0"},
				"down": {"uv": [4.5, 0.5, 4.375, 1], "texture": "#0"}
			}
		},
		{
			"name": "hexadecagon",
			"from": [7.59124, -14.5925, 10.945],
			"to": [8.40876, -13.4075, 15.055],
			"rotation": {"angle": -22.5, "axis": "y", "origin": [8, -13.9075, 13]},
			"faces": {
				"north": {"uv": [2.5, 6.75, 2.625, 6.875], "texture": "#0"},
				"east": {"uv": [7, 4.75, 7.5, 4.875], "texture": "#0"},
				"south": {"uv": [6.75, 2.5, 6.875, 2.625], "texture": "#0"},
				"west": {"uv": [4.875, 7, 5.375, 7.125], "texture": "#0"},
				"up": {"uv": [6.625, 7.375, 6.5, 6.875], "texture": "#0"},
				"down": {"uv": [7.125, 4.875, 7, 5.375], "texture": "#0"}
			}
		},
		{
			"name": "hexadecagon",
			"from": [7.59124, -14.5925, 10.945],
			"to": [8.40876, -13.4075, 15.055],
			"rotation": {"angle": 0, "axis": "y", "origin": [8, -13.9075, 13]},
			"faces": {
				"north": {"uv": [6.75, 2.625, 6.875, 2.75], "texture": "#0"},
				"east": {"uv": [5.375, 7, 5.875, 7.125], "texture": "#0"},
				"south": {"uv": [0.75, 7.875, 0.875, 8], "texture": "#0"},
				"west": {"uv": [7, 5.375, 7.5, 5.5], "texture": "#0"},
				"up": {"uv": [7.125, 6, 7, 5.5], "texture": "#0"},
				"down": {"uv": [6, 7, 5.875, 7.5], "texture": "#0"}
			}
		},
		{
			"name": "hexadecagon",
			"from": [7.59124, -14.5925, 10.945],
			"to": [8.40876, -13.4075, 15.055],
			"rotation": {"angle": 22.5, "axis": "y", "origin": [8, -13.9075, 13]},
			"faces": {
				"north": {"uv": [4.5, 7.875, 4.625, 8], "texture": "#0"},
				"east": {"uv": [7, 6, 7.5, 6.125], "texture": "#0"},
				"south": {"uv": [4.625, 7.875, 4.75, 8], "texture": "#0"},
				"west": {"uv": [7, 6.125, 7.5, 6.25], "texture": "#0"},
				"up": {"uv": [6.125, 7.5, 6, 7], "texture": "#0"},
				"down": {"uv": [7.125, 6.25, 7, 6.75], "texture": "#0"}
			}
		},
		{
			"name": "hexadecagon",
			"from": [7.59124, -14.5925, 10.945],
			"to": [8.40876, -13.4075, 15.055],
			"rotation": {"angle": 45, "axis": "y", "origin": [8, -13.9075, 13]},
			"faces": {
				"north": {"uv": [4.75, 7.875, 4.875, 8], "texture": "#0"},
				"east": {"uv": [6.625, 7, 7.125, 7.125], "texture": "#0"},
				"south": {"uv": [4.875, 7.875, 5, 8], "texture": "#0"},
				"west": {"uv": [7, 6.75, 7.5, 6.875], "texture": "#0"},
				"up": {"uv": [7.25, 0.5, 7.125, 0], "texture": "#0"},
				"down": {"uv": [7.25, 0.5, 7.125, 1], "texture": "#0"}
			}
		},
		{
			"name": "hexadecagon",
			"from": [5.945, -14.5925, 12.59124],
			"to": [10.055, -13.4075, 13.40876],
			"rotation": {"angle": -22.5, "axis": "y", "origin": [8, -13.9075, 13]},
			"faces": {
				"north": {"uv": [7, 6.875, 7.5, 7], "texture": "#0"},
				"east": {"uv": [5, 7.875, 5.125, 8], "texture": "#0"},
				"south": {"uv": [7.125, 1, 7.625, 1.125], "texture": "#0"},
				"west": {"uv": [5.125, 7.875, 5.25, 8], "texture": "#0"},
				"up": {"uv": [5.375, 7.25, 4.875, 7.125], "texture": "#0"},
				"down": {"uv": [7.625, 4.875, 7.125, 5], "texture": "#0"}
			}
		},
		{
			"name": "hexadecagon",
			"from": [5.945, -14.5925, 12.59124],
			"to": [10.055, -13.4075, 13.40876],
			"rotation": {"angle": 0, "axis": "y", "origin": [8, -13.9075, 13]},
			"faces": {
				"north": {"uv": [7.125, 5, 7.625, 5.125], "texture": "#0"},
				"east": {"uv": [5.25, 7.875, 5.375, 8], "texture": "#0"},
				"south": {"uv": [7.125, 5.125, 7.625, 5.25], "texture": "#0"},
				"west": {"uv": [5.375, 7.875, 5.5, 8], "texture": "#0"},
				"up": {"uv": [7.625, 5.375, 7.125, 5.25], "texture": "#0"},
				"down": {"uv": [5.875, 7.125, 5.375, 7.25], "texture": "#0"}
			}
		},
		{
			"name": "hexadecagon",
			"from": [5.945, -14.5925, 12.59124],
			"to": [10.055, -13.4075, 13.40876],
			"rotation": {"angle": 22.5, "axis": "y", "origin": [8, -13.9075, 13]},
			"faces": {
				"north": {"uv": [7.125, 5.5, 7.625, 5.625], "texture": "#0"},
				"east": {"uv": [7.875, 5.375, 8, 5.5], "texture": "#0"},
				"south": {"uv": [7.125, 5.625, 7.625, 5.75], "texture": "#0"},
				"west": {"uv": [5.5, 7.875, 5.625, 8], "texture": "#0"},
				"up": {"uv": [7.625, 5.875, 7.125, 5.75], "texture": "#0"},
				"down": {"uv": [7.625, 5.875, 7.125, 6], "texture": "#0"}
			}
		},
		{
			"name": "hexadecagon",
			"from": [7.73147, -14, 11.65],
			"to": [8.26853, 12, 14.35],
			"rotation": {"angle": -45, "axis": "y", "origin": [8, -13, 13]},
			"faces": {
				"north": {"uv": [4.875, 3.75, 4.9375, 7], "texture": "#0"},
				"east": {"uv": [0, 3.25, 0.3125, 6.5], "texture": "#0"},
				"south": {"uv": [5, 3.75, 5.0625, 7], "texture": "#0"},
				"west": {"uv": [0.375, 3.25, 0.6875, 6.5], "texture": "#0"},
				"up": {"uv": [2.4375, 7.8125, 2.375, 7.5], "texture": "#0"},
				"down": {"uv": [2.5625, 7.5, 2.5, 7.8125], "texture": "#0"}
			}
		},
		{
			"name": "hexadecagon",
			"from": [7.73147, -14, 11.65],
			"to": [8.26853, 12, 14.35],
			"rotation": {"angle": -22.5, "axis": "y", "origin": [8, -13, 13]},
			"faces": {
				"north": {"uv": [5.125, 3.75, 5.1875, 7], "texture": "#0"},
				"east": {"uv": [0.75, 3.25, 1.0625, 6.5], "texture": "#0"},
				"south": {"uv": [5.25, 3.75, 5.3125, 7], "texture": "#0"},
				"west": {"uv": [1.125, 3.25, 1.4375, 6.5], "texture": "#0"},
				"up": {"uv": [7.5625, 4.0625, 7.5, 3.75], "texture": "#0"},
				"down": {"uv": [7.5625, 4.125, 7.5, 4.4375], "texture": "#0"}
			}
		},
		{
			"name": "hexadecagon",
			"from": [7.73147, -14, 11.65],
			"to": [8.26853, 12, 14.35],
			"rotation": {"angle": 0, "axis": "y", "origin": [8, -13, 13]},
			"faces": {
				"north": {"uv": [5.375, 3.75, 5.4375, 7], "texture": "#0"},
				"east": {"uv": [1.5, 3.25, 1.8125, 6.5], "texture": "#0"},
				"south": {"uv": [5.5, 3.75, 5.5625, 7], "texture": "#0"},
				"west": {"uv": [1.875, 3.25, 2.1875, 6.5], "texture": "#0"},
				"up": {"uv": [4.5625, 7.8125, 4.5, 7.5], "texture": "#0"},
				"down": {"uv": [7.5625, 4.5, 7.5, 4.8125], "texture": "#0"}
			}
		},
		{
			"name": "hexadecagon",
			"from": [7.73147, -14, 11.65],
			"to": [8.26853, 12, 14.35],
			"rotation": {"angle": 22.5, "axis": "y", "origin": [8, -13, 13]},
			"faces": {
				"north": {"uv": [5.625, 3.75, 5.6875, 7], "texture": "#0"},
				"east": {"uv": [2.25, 3.25, 2.5625, 6.5], "texture": "#0"},
				"south": {"uv": [5.75, 3.75, 5.8125, 7], "texture": "#0"},
				"west": {"uv": [3.375, 1.25, 3.6875, 4.5], "texture": "#0"},
				"up": {"uv": [4.6875, 7.8125, 4.625, 7.5], "texture": "#0"},
				"down": {"uv": [5.9375, 7.5, 5.875, 7.8125], "texture": "#0"}
			}
		},
		{
			"name": "hexadecagon",
			"from": [7.73147, -14, 11.65],
			"to": [8.26853, 12, 14.35],
			"rotation": {"angle": 45, "axis": "y", "origin": [8, -13, 13]},
			"faces": {
				"north": {"uv": [5.875, 3.75, 5.9375, 7], "texture": "#0"},
				"east": {"uv": [3.75, 1.25, 4.0625, 4.5], "texture": "#0"},
				"south": {"uv": [6, 3.75, 6.0625, 7], "texture": "#0"},
				"west": {"uv": [4.125, 1.25, 4.4375, 4.5], "texture": "#0"},
				"up": {"uv": [6.0625, 7.8125, 6, 7.5], "texture": "#0"},
				"down": {"uv": [7.5625, 6, 7.5, 6.3125], "texture": "#0"}
			}
		},
		{
			"name": "hexadecagon",
			"from": [6.65, -14, 12.73147],
			"to": [9.35, 12, 13.26853],
			"rotation": {"angle": -22.5, "axis": "y", "origin": [8, -13, 13]},
			"faces": {
				"north": {"uv": [4.5, 0, 4.8125, 3.25], "texture": "#0"},
				"east": {"uv": [6.125, 3.25, 6.1875, 6.5], "texture": "#0"},
				"south": {"uv": [4.5, 3.25, 4.8125, 6.5], "texture": "#0"},
				"west": {"uv": [3, 6.25, 3.0625, 9.5], "texture": "#0"},
				"up": {"uv": [7.8125, 5.4375, 7.5, 5.375], "texture": "#0"},
				"down": {"uv": [7.8125, 6.375, 7.5, 6.4375], "texture": "#0"}
			}
		},
		{
			"name": "hexadecagon",
			"from": [6.65, -14, 12.73147],
			"to": [9.35, 12, 13.26853],
			"rotation": {"angle": 0, "axis": "y", "origin": [8, -13, 13]},
			"faces": {
				"north": {"uv": [3.375, 4.5, 3.6875, 7.75], "texture": "#0"},
				"east": {"uv": [3.125, 6.25, 3.1875, 9.5], "texture": "#0"},
				"south": {"uv": [3.75, 4.5, 4.0625, 7.75], "texture": "#0"},
				"west": {"uv": [3.25, 6.25, 3.3125, 9.5], "texture": "#0"},
				"up": {"uv": [6.8125, 7.5625, 6.5, 7.5], "texture": "#0"},
				"down": {"uv": [7.8125, 6.5, 7.5, 6.5625], "texture": "#0"}
			}
		},
		{
			"name": "hexadecagon",
			"from": [6.65, -14, 12.73147],
			"to": [9.35, 12, 13.26853],
			"rotation": {"angle": 22.5, "axis": "y", "origin": [8, -13, 13]},
			"faces": {
				"north": {"uv": [4.125, 4.5, 4.4375, 7.75], "texture": "#0"},
				"east": {"uv": [6.25, 3.25, 6.3125, 6.5], "texture": "#0"},
				"south": {"uv": [2.625, 4.75, 2.9375, 8], "texture": "#0"},
				"west": {"uv": [6.375, 3.25, 6.4375, 6.5], "texture": "#0"},
				"up": {"uv": [7.8125, 6.6875, 7.5, 6.625], "texture": "#0"},
				"down": {"uv": [7.8125, 6.75, 7.5, 6.8125], "texture": "#0"}
			}
		},
		{
			"name": "hexadecagon",
			"from": [7.62704, -3.25, 11.125],
			"to": [8.37296, -0.75, 14.875],
			"rotation": {"angle": -45, "axis": "y", "origin": [8, -2, 13]},
			"faces": {
				"north": {"uv": [6.875, 7.5, 6.9375, 7.8125], "texture": "#0"},
				"east": {"uv": [5.25, 0.25, 5.75, 0.5625], "texture": "#0"},
				"south": {"uv": [7, 7.5, 7.0625, 7.8125], "texture": "#0"},
				"west": {"uv": [5.25, 0.625, 5.75, 0.9375], "texture": "#0"},
				"up": {"uv": [0.6875, 7.875, 0.625, 7.375], "texture": "#0"},
				"down": {"uv": [0.8125, 7.375, 0.75, 7.875], "texture": "#0"}
			}
		},
		{
			"name": "hexadecagon",
			"from": [7.62704, -3.25, 11.125],
			"to": [8.37296, -0.75, 14.875],
			"rotation": {"angle": -22.5, "axis": "y", "origin": [8, -2, 13]},
			"faces": {
				"north": {"uv": [7.125, 7.5, 7.1875, 7.8125], "texture": "#0"},
				"east": {"uv": [5.25, 1, 5.75, 1.3125], "texture": "#0"},
				"south": {"uv": [7.25, 7.5, 7.3125, 7.8125], "texture": "#0"},
				"west": {"uv": [5.5, 1.375, 6, 1.6875], "texture": "#0"},
				"up": {"uv": [7.4375, 1.75, 7.375, 1.25], "texture": "#0"},
				"down": {"uv": [7.4375, 1.75, 7.375, 2.25], "texture": "#0"}
			}
		},
		{
			"name": "hexadecagon",
			"from": [7.62704, -3.25, 11.125],
			"to": [8.37296, -0.75, 14.875],
			"rotation": {"angle": 0, "axis": "y", "origin": [8, -2, 13]},
			"faces": {
				"north": {"uv": [7.375, 7.5, 7.4375, 7.8125], "texture": "#0"},
				"east": {"uv": [5.5, 1.75, 6, 2.0625], "texture": "#0"},
				"south": {"uv": [7.5, 7.375, 7.5625, 7.6875], "texture": "#0"},
				"west": {"uv": [5.5, 2.125, 6, 2.4375], "texture": "#0"},
				"up": {"uv": [5.3125, 7.875, 5.25, 7.375], "texture": "#0"},
				"down": {"uv": [5.4375, 7.375, 5.375, 7.875], "texture": "#0"}
			}
		},
		{
			"name": "hexadecagon",
			"from": [7.62704, -3.25, 11.125],
			"to": [8.37296, -0.75, 14.875],
			"rotation": {"angle": 22.5, "axis": "y", "origin": [8, -2, 13]},
			"faces": {
				"north": {"uv": [0, 7.625, 0.0625, 7.9375], "texture": "#0"},
				"east": {"uv": [5.75, 0.25, 6.25, 0.5625], "texture": "#0"},
				"south": {"uv": [0.125, 7.625, 0.1875, 7.9375], "texture": "#0"},
				"west": {"uv": [5.75, 0.625, 6.25, 0.9375], "texture": "#0"},
				"up": {"uv": [5.5625, 7.875, 5.5, 7.375], "texture": "#0"},
				"down": {"uv": [5.6875, 7.375, 5.625, 7.875], "texture": "#0"}
			}
		},
		{
			"name": "hexadecagon",
			"from": [7.62704, -3.25, 11.125],
			"to": [8.37296, -0.75, 14.875],
			"rotation": {"angle": 45, "axis": "y", "origin": [8, -2, 13]},
			"faces": {
				"north": {"uv": [0.25, 7.625, 0.3125, 7.9375], "texture": "#0"},
				"east": {"uv": [5.75, 1, 6.25, 1.3125], "texture": "#0"},
				"south": {"uv": [7.625, 0.25, 7.6875, 0.5625], "texture": "#0"},
				"west": {"uv": [6, 1.375, 6.5, 1.6875], "texture": "#0"},
				"up": {"uv": [5.8125, 7.875, 5.75, 7.375], "texture": "#0"},
				"down": {"uv": [7.4375, 6.25, 7.375, 6.75], "texture": "#0"}
			}
		},
		{
			"name": "hexadecagon",
			"from": [6.125, -3.25, 12.62704],
			"to": [9.875, -0.75, 13.37296],
			"rotation": {"angle": -22.5, "axis": "y", "origin": [8, -2, 13]},
			"faces": {
				"north": {"uv": [6, 1.75, 6.5, 2.0625], "texture": "#0"},
				"east": {"uv": [0.375, 7.625, 0.4375, 7.9375], "texture": "#0"},
				"south": {"uv": [6, 2.125, 6.5, 2.4375], "texture": "#0"},
				"west": {"uv": [7.625, 1.25, 7.6875, 1.5625], "texture": "#0"},
				"up": {"uv": [7, 7.4375, 6.5, 7.375], "texture": "#0"},
				"down": {"uv": [7.5, 7.375, 7, 7.4375], "texture": "#0"}
			}
		},
		{
			"name": "hexadecagon",
			"from": [6.125, -3.25, 12.62704],
			"to": [9.875, -0.75, 13.37296],
			"rotation": {"angle": 0, "axis": "y", "origin": [8, -2, 13]},
			"faces": {
				"north": {"uv": [6.25, 0.25, 6.75, 0.5625], "texture": "#0"},
				"east": {"uv": [7.625, 1.625, 7.6875, 1.9375], "texture": "#0"},
				"south": {"uv": [6.25, 0.625, 6.75, 0.9375], "texture": "#0"},
				"west": {"uv": [1.875, 7.625, 1.9375, 7.9375], "texture": "#0"},
				"up": {"uv": [7.875, 7.0625, 7.375, 7], "texture": "#0"},
				"down": {"uv": [7.875, 7.125, 7.375, 7.1875], "texture": "#0"}
			}
		},
		{
			"name": "hexadecagon",
			"from": [6.125, -3.25, 12.62704],
			"to": [9.875, -0.75, 13.37296],
			"rotation": {"angle": 22.5, "axis": "y", "origin": [8, -2, 13]},
			"faces": {
				"north": {"uv": [6.25, 1, 6.75, 1.3125], "texture": "#0"},
				"east": {"uv": [2, 7.625, 2.0625, 7.9375], "texture": "#0"},
				"south": {"uv": [0, 6.5, 0.5, 6.8125], "texture": "#0"},
				"west": {"uv": [2.125, 7.625, 2.1875, 7.9375], "texture": "#0"},
				"up": {"uv": [0.5, 7.5625, 0, 7.5], "texture": "#0"},
				"down": {"uv": [8, 0, 7.5, 0.0625], "texture": "#0"}
			}
		},
		{
			"name": "hexadecagon",
			"from": [6.98206, 12.02137, 4.79752],
			"to": [9.01794, 13.37862, 5.20248],
			"rotation": {"angle": 22.5, "axis": "y", "origin": [8, 12.7, 5]},
			"faces": {
				"north": {"uv": [7.25, 4.25, 7.5, 4.4375], "texture": "#0"},
				"east": {"uv": [0.125, 8.125, 0.1875, 8.3125], "texture": "#0"},
				"south": {"uv": [4.5, 7.25, 4.75, 7.4375], "texture": "#0"},
				"west": {"uv": [0.25, 8.125, 0.3125, 8.3125], "texture": "#0"},
				"up": {"uv": [8.25, 0.1875, 8, 0.125], "texture": "#0"},
				"down": {"uv": [8.25, 0.25, 8, 0.3125], "texture": "#0"}
			}
		},
		{
			"name": "hexadecagon",
			"from": [6.98206, 12.02137, 4.79752],
			"to": [9.01794, 13.37862, 5.20248],
			"rotation": {"angle": 0, "axis": "y", "origin": [8, 12.7, 5]},
			"faces": {
				"north": {"uv": [7.25, 3.75, 7.5, 3.9375], "texture": "#0"},
				"east": {"uv": [7.875, 8, 7.9375, 8.1875], "texture": "#0"},
				"south": {"uv": [7.25, 4, 7.5, 4.1875], "texture": "#0"},
				"west": {"uv": [8, 7.875, 8.0625, 8.0625], "texture": "#0"},
				"up": {"uv": [8.25, 0.0625, 8, 0], "texture": "#0"},
				"down": {"uv": [0.375, 8, 0.125, 8.0625], "texture": "#0"}
			}
		},
		{
			"name": "hexadecagon",
			"from": [7.79752, 12.02137, 3.98206],
			"to": [8.20248, 13.37862, 6.01794],
			"rotation": {"angle": 45, "axis": "y", "origin": [8, 12.7, 5]},
			"faces": {
				"north": {"uv": [8, 7.25, 8.0625, 7.4375], "texture": "#0"},
				"east": {"uv": [7.25, 3, 7.5, 3.1875], "texture": "#0"},
				"south": {"uv": [7.75, 8, 7.8125, 8.1875], "texture": "#0"},
				"west": {"uv": [7.25, 3.5, 7.5, 3.6875], "texture": "#0"},
				"up": {"uv": [7.4375, 8.125, 7.375, 7.875], "texture": "#0"},
				"down": {"uv": [0.0625, 8, 0, 8.25], "texture": "#0"}
			}
		},
		{
			"name": "hexadecagon",
			"from": [6.98206, 12.02137, 4.79752],
			"to": [9.01794, 13.37862, 5.20248],
			"rotation": {"angle": -22.5, "axis": "y", "origin": [8, 12.7, 5]},
			"faces": {
				"north": {"uv": [7.25, 2.5, 7.5, 2.6875], "texture": "#0"},
				"east": {"uv": [8, 6.75, 8.0625, 6.9375], "texture": "#0"},
				"south": {"uv": [7.25, 2.75, 7.5, 2.9375], "texture": "#0"},
				"west": {"uv": [8, 7, 8.0625, 7.1875], "texture": "#0"},
				"up": {"uv": [8.125, 7.5625, 7.875, 7.5], "texture": "#0"},
				"down": {"uv": [8, 7.875, 7.75, 7.9375], "texture": "#0"}
			}
		},
		{
			"name": "hexadecagon",
			"from": [7.79752, 12.02137, 3.98206],
			"to": [8.20248, 13.37862, 6.01794],
			"rotation": {"angle": 22.5, "axis": "y", "origin": [8, 12.7, 5]},
			"faces": {
				"north": {"uv": [6.625, 8, 6.6875, 8.1875], "texture": "#0"},
				"east": {"uv": [2.125, 7.25, 2.375, 7.4375], "texture": "#0"},
				"south": {"uv": [6.75, 8, 6.8125, 8.1875], "texture": "#0"},
				"west": {"uv": [2.375, 7.25, 2.625, 7.4375], "texture": "#0"},
				"up": {"uv": [7.3125, 8.125, 7.25, 7.875], "texture": "#0"},
				"down": {"uv": [7.9375, 7.25, 7.875, 7.5], "texture": "#0"}
			}
		},
		{
			"name": "hexadecagon",
			"from": [7.79752, 12.02137, 3.98206],
			"to": [8.20248, 13.37862, 6.01794],
			"rotation": {"angle": 0, "axis": "y", "origin": [8, 12.7, 5]},
			"faces": {
				"north": {"uv": [6.25, 8, 6.3125, 8.1875], "texture": "#0"},
				"east": {"uv": [1.625, 7.25, 1.875, 7.4375], "texture": "#0"},
				"south": {"uv": [6.5, 8, 6.5625, 8.1875], "texture": "#0"},
				"west": {"uv": [1.875, 7.25, 2.125, 7.4375], "texture": "#0"},
				"up": {"uv": [7.9375, 7.25, 7.875, 7], "texture": "#0"},
				"down": {"uv": [7.1875, 7.875, 7.125, 8.125], "texture": "#0"}
			}
		},
		{
			"name": "hexadecagon",
			"from": [7.79752, 12.02137, 3.98206],
			"to": [8.20248, 13.37862, 6.01794],
			"rotation": {"angle": -22.5, "axis": "y", "origin": [8, 12.7, 5]},
			"faces": {
				"north": {"uv": [6, 8, 6.0625, 8.1875], "texture": "#0"},
				"east": {"uv": [1.125, 7.25, 1.375, 7.4375], "texture": "#0"},
				"south": {"uv": [6.125, 8, 6.1875, 8.1875], "texture": "#0"},
				"west": {"uv": [1.375, 7.25, 1.625, 7.4375], "texture": "#0"},
				"up": {"uv": [6.9375, 8.125, 6.875, 7.875], "texture": "#0"},
				"down": {"uv": [7.0625, 7.875, 7, 8.125], "texture": "#0"}
			}
		},
		{
			"name": "hexadecagon",
			"from": [7.79752, 12.02137, 3.98206],
			"to": [8.20248, 13.37862, 6.01794],
			"rotation": {"angle": -45, "axis": "y", "origin": [8, 12.7, 5]},
			"faces": {
				"north": {"uv": [5.75, 8, 5.8125, 8.1875], "texture": "#0"},
				"east": {"uv": [7.25, 0.625, 7.5, 0.8125], "texture": "#0"},
				"south": {"uv": [5.875, 8, 5.9375, 8.1875], "texture": "#0"},
				"west": {"uv": [0.875, 7.25, 1.125, 7.4375], "texture": "#0"},
				"up": {"uv": [6.4375, 8.125, 6.375, 7.875], "texture": "#0"},
				"down": {"uv": [7.9375, 6.75, 7.875, 7], "texture": "#0"}
			}
		},
		{
			"name": "hexadecagon",
			"from": [7.32816, 11.77137, 4.86636],
			"to": [8.67184, 12.02862, 5.13364],
			"rotation": {"angle": 22.5, "axis": "y", "origin": [8, 11.35, 5]},
			"faces": {
				"north": {"uv": [8.125, 3.875, 8.3125, 3.9375], "texture": "#0"},
				"east": {"uv": [4.125, 8.25, 4.1875, 8.3125], "texture": "#0"},
				"south": {"uv": [8.125, 4, 8.3125, 4.0625], "texture": "#0"},
				"west": {"uv": [4.25, 8.25, 4.3125, 8.3125], "texture": "#0"},
				"up": {"uv": [4.3125, 8.1875, 4.125, 8.125], "texture": "#0"},
				"down": {"uv": [8.3125, 4.125, 8.125, 4.1875], "texture": "#0"}
			}
		},
		{
			"name": "hexadecagon",
			"from": [7.32816, 11.77137, 4.86636],
			"to": [8.67184, 12.02862, 5.13364],
			"rotation": {"angle": 0, "axis": "y", "origin": [8, 11.35, 5]},
			"faces": {
				"north": {"uv": [8.125, 3.5, 8.3125, 3.5625], "texture": "#0"},
				"east": {"uv": [3.875, 8.25, 3.9375, 8.3125], "texture": "#0"},
				"south": {"uv": [3.625, 8.125, 3.8125, 8.1875], "texture": "#0"},
				"west": {"uv": [4, 8.25, 4.0625, 8.3125], "texture": "#0"},
				"up": {"uv": [8.3125, 3.6875, 8.125, 3.625], "texture": "#0"},
				"down": {"uv": [8.3125, 3.75, 8.125, 3.8125], "texture": "#0"}
			}
		},
		{
			"name": "hexadecagon",
			"from": [7.86636, 11.77137, 4.32816],
			"to": [8.13364, 12.02862, 5.67184],
			"rotation": {"angle": 45, "axis": "y", "origin": [8, 11.35, 5]},
			"faces": {
				"north": {"uv": [3.625, 8.25, 3.6875, 8.3125], "texture": "#0"},
				"east": {"uv": [8.125, 3, 8.3125, 3.0625], "texture": "#0"},
				"south": {"uv": [3.75, 8.25, 3.8125, 8.3125], "texture": "#0"},
				"west": {"uv": [8.125, 3.125, 8.3125, 3.1875], "texture": "#0"},
				"up": {"uv": [3.4375, 8.3125, 3.375, 8.125], "texture": "#0"},
				"down": {"uv": [3.5625, 8.125, 3.5, 8.3125], "texture": "#0"}
			}
		},
		{
			"name": "hexadecagon",
			"from": [7.32816, 11.77137, 4.86636],
			"to": [8.67184, 12.02862, 5.13364],
			"rotation": {"angle": -22.5, "axis": "y", "origin": [8, 11.35, 5]},
			"faces": {
				"north": {"uv": [2.5, 8.125, 2.6875, 8.1875], "texture": "#0"},
				"east": {"uv": [8.25, 3.25, 8.3125, 3.3125], "texture": "#0"},
				"south": {"uv": [2.75, 8.125, 2.9375, 8.1875], "texture": "#0"},
				"west": {"uv": [8.25, 3.375, 8.3125, 3.4375], "texture": "#0"},
				"up": {"uv": [8.3125, 2.8125, 8.125, 2.75], "texture": "#0"},
				"down": {"uv": [8.3125, 2.875, 8.125, 2.9375], "texture": "#0"}
			}
		},
		{
			"name": "hexadecagon",
			"from": [7.86636, 11.77137, 4.32816],
			"to": [8.13364, 12.02862, 5.67184],
			"rotation": {"angle": 22.5, "axis": "y", "origin": [8, 11.35, 5]},
			"faces": {
				"north": {"uv": [2.75, 8.25, 2.8125, 8.3125], "texture": "#0"},
				"east": {"uv": [8.125, 1.75, 8.3125, 1.8125], "texture": "#0"},
				"south": {"uv": [2.875, 8.25, 2.9375, 8.3125], "texture": "#0"},
				"west": {"uv": [8.125, 1.875, 8.3125, 1.9375], "texture": "#0"},
				"up": {"uv": [2.0625, 8.3125, 2, 8.125], "texture": "#0"},
				"down": {"uv": [2.1875, 8.125, 2.125, 8.3125], "texture": "#0"}
			}
		},
		{
			"name": "hexadecagon",
			"from": [7.86636, 11.77137, 4.32816],
			"to": [8.13364, 12.02862, 5.67184],
			"rotation": {"angle": 0, "axis": "y", "origin": [8, 11.35, 5]},
			"faces": {
				"north": {"uv": [2.625, 8.25, 2.6875, 8.3125], "texture": "#0"},
				"east": {"uv": [1.375, 8.125, 1.5625, 8.1875], "texture": "#0"},
				"south": {"uv": [8.25, 2.625, 8.3125, 2.6875], "texture": "#0"},
				"west": {"uv": [8.125, 1.375, 8.3125, 1.4375], "texture": "#0"},
				"up": {"uv": [8.1875, 1.6875, 8.125, 1.5], "texture": "#0"},
				"down": {"uv": [1.6875, 8.125, 1.625, 8.3125], "texture": "#0"}
			}
		},
		{
			"name": "hexadecagon",
			"from": [7.86636, 11.77137, 4.32816],
			"to": [8.13364, 12.02862, 5.67184],
			"rotation": {"angle": -22.5, "axis": "y", "origin": [8, 11.35, 5]},
			"faces": {
				"north": {"uv": [2.5, 8.25, 2.5625, 8.3125], "texture": "#0"},
				"east": {"uv": [8.125, 1, 8.3125, 1.0625], "texture": "#0"},
				"south": {"uv": [8.25, 2.5, 8.3125, 2.5625], "texture": "#0"},
				"west": {"uv": [8.125, 1.125, 8.3125, 1.1875], "texture": "#0"},
				"up": {"uv": [1.0625, 8.3125, 1, 8.125], "texture": "#0"},
				"down": {"uv": [1.3125, 8.125, 1.25, 8.3125], "texture": "#0"}
			}
		},
		{
			"name": "hexadecagon",
			"from": [7.86636, 11.77137, 4.32816],
			"to": [8.13364, 12.02862, 5.67184],
			"rotation": {"angle": -45, "axis": "y", "origin": [8, 11.35, 5]},
			"faces": {
				"north": {"uv": [2.25, 8.25, 2.3125, 8.3125], "texture": "#0"},
				"east": {"uv": [8, 6.25, 8.1875, 6.3125], "texture": "#0"},
				"south": {"uv": [2.375, 8.25, 2.4375, 8.3125], "texture": "#0"},
				"west": {"uv": [0.375, 8.125, 0.5625, 8.1875], "texture": "#0"},
				"up": {"uv": [8.1875, 0.6875, 8.125, 0.5], "texture": "#0"},
				"down": {"uv": [0.9375, 8.125, 0.875, 8.3125], "texture": "#0"}
			}
		},
		{
			"name": "hexadecagon",
			"from": [7.06614, 11.47121, 4.81424],
			"to": [8.93386, 11.82879, 5.18576],
			"rotation": {"angle": 22.5, "axis": "y", "origin": [8, 10.8855, 5]},
			"faces": {
				"north": {"uv": [5.25, 8, 5.5, 8.0625], "texture": "#0"},
				"east": {"uv": [8.25, 5.125, 8.3125, 5.1875], "texture": "#0"},
				"south": {"uv": [8, 5.25, 8.25, 5.3125], "texture": "#0"},
				"west": {"uv": [5.25, 8.25, 5.3125, 8.3125], "texture": "#0"},
				"up": {"uv": [8.25, 5.4375, 8, 5.375], "texture": "#0"},
				"down": {"uv": [5.75, 8, 5.5, 8.0625], "texture": "#0"}
			}
		},
		{
			"name": "hexadecagon",
			"from": [7.06614, 11.47121, 4.81424],
			"to": [8.93386, 11.82879, 5.18576],
			"rotation": {"angle": 0, "axis": "y", "origin": [8, 10.8855, 5]},
			"faces": {
				"north": {"uv": [4.125, 8, 4.375, 8.0625], "texture": "#0"},
				"east": {"uv": [8.25, 5, 8.3125, 5.0625], "texture": "#0"},
				"south": {"uv": [4.5, 8, 4.75, 8.0625], "texture": "#0"},
				"west": {"uv": [5.125, 8.25, 5.1875, 8.3125], "texture": "#0"},
				"up": {"uv": [5, 8.0625, 4.75, 8], "texture": "#0"},
				"down": {"uv": [5.25, 8, 5, 8.0625], "texture": "#0"}
			}
		},
		{
			"name": "hexadecagon",
			"from": [7.81424, 11.47121, 4.06614],
			"to": [8.18576, 11.82879, 5.93386],
			"rotation": {"angle": 45, "axis": "y", "origin": [8, 10.8855, 5]},
			"faces": {
				"north": {"uv": [8.25, 4.875, 8.3125, 4.9375], "texture": "#0"},
				"east": {"uv": [2.75, 8, 3, 8.0625], "texture": "#0"},
				"south": {"uv": [5, 8.25, 5.0625, 8.3125], "texture": "#0"},
				"west": {"uv": [3.625, 8, 3.875, 8.0625], "texture": "#0"},
				"up": {"uv": [3.9375, 8.25, 3.875, 8], "texture": "#0"},
				"down": {"uv": [4.0625, 8, 4, 8.25], "texture": "#0"}
			}
		},
		{
			"name": "hexadecagon",
			"from": [7.06614, 11.47121, 4.81424],
			"to": [8.93386, 11.82879, 5.18576],
			"rotation": {"angle": -22.5, "axis": "y", "origin": [8, 10.8855, 5]},
			"faces": {
				"north": {"uv": [8, 2.125, 8.25, 2.1875], "texture": "#0"},
				"east": {"uv": [8.25, 4.75, 8.3125, 4.8125], "texture": "#0"},
				"south": {"uv": [2.5, 8, 2.75, 8.0625], "texture": "#0"},
				"west": {"uv": [4.875, 8.25, 4.9375, 8.3125], "texture": "#0"},
				"up": {"uv": [8.25, 2.5625, 8, 2.5], "texture": "#0"},
				"down": {"uv": [8.25, 2.625, 8, 2.6875], "texture": "#0"}
			}
		},
		{
			"name": "hexadecagon",
			"from": [7.81424, 11.47121, 4.06614],
			"to": [8.18576, 11.82879, 5.93386],
			"rotation": {"angle": 22.5, "axis": "y", "origin": [8, 10.8855, 5]},
			"faces": {
				"north": {"uv": [8.25, 4.625, 8.3125, 4.6875], "texture": "#0"},
				"east": {"uv": [2, 8, 2.25, 8.0625], "texture": "#0"},
				"south": {"uv": [4.75, 8.25, 4.8125, 8.3125], "texture": "#0"},
				"west": {"uv": [8, 2, 8.25, 2.0625], "texture": "#0"},
				"up": {"uv": [2.3125, 8.25, 2.25, 8], "texture": "#0"},
				"down": {"uv": [2.4375, 8, 2.375, 8.25], "texture": "#0"}
			}
		},
		{
			"name": "hexadecagon",
			"from": [7.81424, 11.47121, 4.06614],
			"to": [8.18576, 11.82879, 5.93386],
			"rotation": {"angle": 0, "axis": "y", "origin": [8, 10.8855, 5]},
			"faces": {
				"north": {"uv": [8.25, 4.5, 8.3125, 4.5625], "texture": "#0"},
				"east": {"uv": [1.25, 8, 1.5, 8.0625], "texture": "#0"},
				"south": {"uv": [4.625, 8.25, 4.6875, 8.3125], "texture": "#0"},
				"west": {"uv": [1.5, 8, 1.75, 8.0625], "texture": "#0"},
				"up": {"uv": [1.8125, 8.25, 1.75, 8], "texture": "#0"},
				"down": {"uv": [1.9375, 8, 1.875, 8.25], "texture": "#0"}
			}
		},
		{
			"name": "hexadecagon",
			"from": [7.81424, 11.47121, 4.06614],
			"to": [8.18576, 11.82879, 5.93386],
			"rotation": {"angle": -22.5, "axis": "y", "origin": [8, 10.8855, 5]},
			"faces": {
				"north": {"uv": [8.25, 4.375, 8.3125, 4.4375], "texture": "#0"},
				"east": {"uv": [8, 0.75, 8.25, 0.8125], "texture": "#0"},
				"south": {"uv": [4.5, 8.25, 4.5625, 8.3125], "texture": "#0"},
				"west": {"uv": [0.875, 8, 1.125, 8.0625], "texture": "#0"},
				"up": {"uv": [8.0625, 1.25, 8, 1], "texture": "#0"},
				"down": {"uv": [1.1875, 8, 1.125, 8.25], "texture": "#0"}
			}
		},
		{
			"name": "hexadecagon",
			"from": [7.81424, 11.47121, 4.06614],
			"to": [8.18576, 11.82879, 5.93386],
			"rotation": {"angle": -45, "axis": "y", "origin": [8, 10.8855, 5]},
			"faces": {
				"north": {"uv": [8.25, 4.25, 8.3125, 4.3125], "texture": "#0"},
				"east": {"uv": [0.375, 8, 0.625, 8.0625], "texture": "#0"},
				"south": {"uv": [4.375, 8.25, 4.4375, 8.3125], "texture": "#0"},
				"west": {"uv": [8, 0.375, 8.25, 0.4375], "texture": "#0"},
				"up": {"uv": [8.0625, 0.75, 8, 0.5], "texture": "#0"},
				"down": {"uv": [0.8125, 8, 0.75, 8.25], "texture": "#0"}
			}
		},
		{
			"name": "hexadecagon",
			"from": [7.5891, 10.92133, 4.91827],
			"to": [8.4109, 11.47867, 5.08173],
			"rotation": {"angle": 22.5, "axis": "y", "origin": [8, 10.96362, 5]},
			"faces": {
				"north": {"uv": [6.875, 8.125, 7, 8.1875], "texture": "#0"},
				"east": {"uv": [8.25, 6.125, 8.3125, 6.1875], "texture": "#0"},
				"south": {"uv": [8.125, 6.875, 8.25, 6.9375], "texture": "#0"},
				"west": {"uv": [6.25, 8.25, 6.3125, 8.3125], "texture": "#0"},
				"up": {"uv": [7.125, 8.1875, 7, 8.125], "texture": "#0"},
				"down": {"uv": [8.25, 7, 8.125, 7.0625], "texture": "#0"}
			}
		},
		{
			"name": "hexadecagon",
			"from": [7.5891, 10.92133, 4.91827],
			"to": [8.4109, 11.47867, 5.08173],
			"rotation": {"angle": 0, "axis": "y", "origin": [8, 10.96362, 5]},
			"faces": {
				"north": {"uv": [8.125, 6.375, 8.25, 6.4375], "texture": "#0"},
				"east": {"uv": [8.25, 6, 8.3125, 6.0625], "texture": "#0"},
				"south": {"uv": [8.125, 6.5, 8.25, 6.5625], "texture": "#0"},
				"west": {"uv": [6.125, 8.25, 6.1875, 8.3125], "texture": "#0"},
				"up": {"uv": [8.25, 6.6875, 8.125, 6.625], "texture": "#0"},
				"down": {"uv": [8.25, 6.75, 8.125, 6.8125], "texture": "#0"}
			}
		},
		{
			"name": "hexadecagon",
			"from": [7.91827, 10.92133, 4.5891],
			"to": [8.08173, 11.47867, 5.4109],
			"rotation": {"angle": 45, "axis": "y", "origin": [8, 10.96362, 5]},
			"faces": {
				"north": {"uv": [8.25, 5.875, 8.3125, 5.9375], "texture": "#0"},
				"east": {"uv": [8.125, 5.875, 8.25, 5.9375], "texture": "#0"},
				"south": {"uv": [6, 8.25, 6.0625, 8.3125], "texture": "#0"},
				"west": {"uv": [8.125, 6, 8.25, 6.0625], "texture": "#0"},
				"up": {"uv": [8.1875, 6.25, 8.125, 6.125], "texture": "#0"},
				"down": {"uv": [6.4375, 8.125, 6.375, 8.25], "texture": "#0"}
			}
		},
		{
			"name": "hexadecagon",
			"from": [7.5891, 10.92133, 4.91827],
			"to": [8.4109, 11.47867, 5.08173],
			"rotation": {"angle": -22.5, "axis": "y", "origin": [8, 10.96362, 5]},
			"faces": {
				"north": {"uv": [8.125, 5.5, 8.25, 5.5625], "texture": "#0"},
				"east": {"uv": [8.25, 5.75, 8.3125, 5.8125], "texture": "#0"},
				"south": {"uv": [5.625, 8.125, 5.75, 8.1875], "texture": "#0"},
				"west": {"uv": [5.875, 8.25, 5.9375, 8.3125], "texture": "#0"},
				"up": {"uv": [8.25, 5.6875, 8.125, 5.625], "texture": "#0"},
				"down": {"uv": [8.25, 5.75, 8.125, 5.8125], "texture": "#0"}
			}
		},
		{
			"name": "hexadecagon",
			"from": [7.91827, 10.92133, 4.5891],
			"to": [8.08173, 11.47867, 5.4109],
			"rotation": {"angle": 22.5, "axis": "y", "origin": [8, 10.96362, 5]},
			"faces": {
				"north": {"uv": [8.25, 5.625, 8.3125, 5.6875], "texture": "#0"},
				"east": {"uv": [8.125, 5.125, 8.25, 5.1875], "texture": "#0"},
				"south": {"uv": [5.75, 8.25, 5.8125, 8.3125], "texture": "#0"},
				"west": {"uv": [5.25, 8.125, 5.375, 8.1875], "texture": "#0"},
				"up": {"uv": [5.4375, 8.25, 5.375, 8.125], "texture": "#0"},
				"down": {"uv": [5.5625, 8.125, 5.5, 8.25], "texture": "#0"}
			}
		},
		{
			"name": "hexadecagon",
			"from": [7.91827, 10.92133, 4.5891],
			"to": [8.08173, 11.47867, 5.4109],
			"rotation": {"angle": 0, "axis": "y", "origin": [8, 10.96362, 5]},
			"faces": {
				"north": {"uv": [8.25, 5.5, 8.3125, 5.5625], "texture": "#0"},
				"east": {"uv": [8.125, 4.875, 8.25, 4.9375], "texture": "#0"},
				"south": {"uv": [5.625, 8.25, 5.6875, 8.3125], "texture": "#0"},
				"west": {"uv": [5, 8.125, 5.125, 8.1875], "texture": "#0"},
				"up": {"uv": [8.1875, 5.125, 8.125, 5], "texture": "#0"},
				"down": {"uv": [5.1875, 8.125, 5.125, 8.25], "texture": "#0"}
			}
		},
		{
			"name": "hexadecagon",
			"from": [7.91827, 10.92133, 4.5891],
			"to": [8.08173, 11.47867, 5.4109],
			"rotation": {"angle": -22.5, "axis": "y", "origin": [8, 10.96362, 5]},
			"faces": {
				"north": {"uv": [8.25, 5.375, 8.3125, 5.4375], "texture": "#0"},
				"east": {"uv": [8.125, 4.625, 8.25, 4.6875], "texture": "#0"},
				"south": {"uv": [5.5, 8.25, 5.5625, 8.3125], "texture": "#0"},
				"west": {"uv": [4.75, 8.125, 4.875, 8.1875], "texture": "#0"},
				"up": {"uv": [8.1875, 4.875, 8.125, 4.75], "texture": "#0"},
				"down": {"uv": [4.9375, 8.125, 4.875, 8.25], "texture": "#0"}
			}
		},
		{
			"name": "hexadecagon",
			"from": [7.91827, 10.92133, 4.5891],
			"to": [8.08173, 11.47867, 5.4109],
			"rotation": {"angle": -45, "axis": "y", "origin": [8, 10.96362, 5]},
			"faces": {
				"north": {"uv": [8.25, 5.25, 8.3125, 5.3125], "texture": "#0"},
				"east": {"uv": [8.125, 4.375, 8.25, 4.4375], "texture": "#0"},
				"south": {"uv": [5.375, 8.25, 5.4375, 8.3125], "texture": "#0"},
				"west": {"uv": [4.5, 8.125, 4.625, 8.1875], "texture": "#0"},
				"up": {"uv": [8.1875, 4.625, 8.125, 4.5], "texture": "#0"},
				"down": {"uv": [4.6875, 8.125, 4.625, 8.25], "texture": "#0"}
			}
		},
		{
			"name": "hexadecagon",
			"from": [7.88906, 9.77476, 4.97793],
			"to": [8.11094, 10.92524, 5.02207],
			"rotation": {"angle": 22.5, "axis": "y", "origin": [8, 10.78618, 5]},
			"faces": {
				"north": {"uv": [1.125, 8.25, 1.1875, 8.375], "texture": "#0"},
				"east": {"uv": [8.25, 1.25, 8.3125, 1.375], "texture": "#0"},
				"south": {"uv": [1.375, 8.25, 1.4375, 8.375], "texture": "#0"},
				"west": {"uv": [1.5, 8.25, 1.5625, 8.375], "texture": "#0"},
				"up": {"uv": [8.3125, 7.1875, 8.25, 7.125], "texture": "#0"},
				"down": {"uv": [7.3125, 8.25, 7.25, 8.3125], "texture": "#0"}
			}
		},
		{
			"name": "hexadecagon",
			"from": [7.88906, 9.77476, 4.97793],
			"to": [8.11094, 10.92524, 5.02207],
			"rotation": {"angle": 0, "axis": "y", "origin": [8, 10.78618, 5]},
			"faces": {
				"north": {"uv": [8.25, 0.625, 8.3125, 0.75], "texture": "#0"},
				"east": {"uv": [0.75, 8.25, 0.8125, 8.375], "texture": "#0"},
				"south": {"uv": [8.25, 0.75, 8.3125, 0.875], "texture": "#0"},
				"west": {"uv": [8.25, 0.875, 8.3125, 1], "texture": "#0"},
				"up": {"uv": [8.3125, 7.0625, 8.25, 7], "texture": "#0"},
				"down": {"uv": [7.1875, 8.25, 7.125, 8.3125], "texture": "#0"}
			}
		},
		{
			"name": "hexadecagon",
			"from": [7.97793, 9.77476, 4.88906],
			"to": [8.02207, 10.92524, 5.11094],
			"rotation": {"angle": 45, "axis": "y", "origin": [8, 10.78618, 5]},
			"faces": {
				"north": {"uv": [8.25, 0.375, 8.3125, 0.5], "texture": "#0"},
				"east": {"uv": [0.5, 8.25, 0.5625, 8.375], "texture": "#0"},
				"south": {"uv": [8.25, 0.5, 8.3125, 0.625], "texture": "#0"},
				"west": {"uv": [0.625, 8.25, 0.6875, 8.375], "texture": "#0"},
				"up": {"uv": [8.3125, 6.9375, 8.25, 6.875], "texture": "#0"},
				"down": {"uv": [7.0625, 8.25, 7, 8.3125], "texture": "#0"}
			}
		},
		{
			"name": "hexadecagon",
			"from": [7.88906, 9.77476, 4.97793],
			"to": [8.11094, 10.92524, 5.02207],
			"rotation": {"angle": -22.5, "axis": "y", "origin": [8, 10.78618, 5]},
			"faces": {
				"north": {"uv": [8.25, 0, 8.3125, 0.125], "texture": "#0"},
				"east": {"uv": [8.25, 0.125, 8.3125, 0.25], "texture": "#0"},
				"south": {"uv": [8.25, 0.25, 8.3125, 0.375], "texture": "#0"},
				"west": {"uv": [0.375, 8.25, 0.4375, 8.375], "texture": "#0"},
				"up": {"uv": [8.3125, 6.8125, 8.25, 6.75], "texture": "#0"},
				"down": {"uv": [6.9375, 8.25, 6.875, 8.3125], "texture": "#0"}
			}
		},
		{
			"name": "hexadecagon",
			"from": [7.97793, 9.77476, 4.88906],
			"to": [8.02207, 10.92524, 5.11094],
			"rotation": {"angle": 22.5, "axis": "y", "origin": [8, 10.78618, 5]},
			"faces": {
				"north": {"uv": [8, 8.125, 8.0625, 8.25], "texture": "#0"},
				"east": {"uv": [8.125, 8, 8.1875, 8.125], "texture": "#0"},
				"south": {"uv": [8.125, 8.125, 8.1875, 8.25], "texture": "#0"},
				"west": {"uv": [0, 8.25, 0.0625, 8.375], "texture": "#0"},
				"up": {"uv": [8.3125, 6.6875, 8.25, 6.625], "texture": "#0"},
				"down": {"uv": [6.8125, 8.25, 6.75, 8.3125], "texture": "#0"}
			}
		},
		{
			"name": "hexadecagon",
			"from": [7.97793, 9.77476, 4.88906],
			"to": [8.02207, 10.92524, 5.11094],
			"rotation": {"angle": 0, "axis": "y", "origin": [8, 10.78618, 5]},
			"faces": {
				"north": {"uv": [7.625, 8.125, 7.6875, 8.25], "texture": "#0"},
				"east": {"uv": [8.125, 7.625, 8.1875, 7.75], "texture": "#0"},
				"south": {"uv": [8.125, 7.75, 8.1875, 7.875], "texture": "#0"},
				"west": {"uv": [8.125, 7.875, 8.1875, 8], "texture": "#0"},
				"up": {"uv": [8.3125, 6.5625, 8.25, 6.5], "texture": "#0"},
				"down": {"uv": [6.6875, 8.25, 6.625, 8.3125], "texture": "#0"}
			}
		},
		{
			"name": "hexadecagon",
			"from": [7.97793, 9.77476, 4.88906],
			"to": [8.02207, 10.92524, 5.11094],
			"rotation": {"angle": -22.5, "axis": "y", "origin": [8, 10.78618, 5]},
			"faces": {
				"north": {"uv": [7.375, 8.125, 7.4375, 8.25], "texture": "#0"},
				"east": {"uv": [8.125, 7.375, 8.1875, 7.5], "texture": "#0"},
				"south": {"uv": [7.5, 8.125, 7.5625, 8.25], "texture": "#0"},
				"west": {"uv": [8.125, 7.5, 8.1875, 7.625], "texture": "#0"},
				"up": {"uv": [8.3125, 6.4375, 8.25, 6.375], "texture": "#0"},
				"down": {"uv": [6.5625, 8.25, 6.5, 8.3125], "texture": "#0"}
			}
		},
		{
			"name": "hexadecagon",
			"from": [7.97793, 9.77476, 4.88906],
			"to": [8.02207, 10.92524, 5.11094],
			"rotation": {"angle": -45, "axis": "y", "origin": [8, 10.78618, 5]},
			"faces": {
				"north": {"uv": [7.125, 8.125, 7.1875, 8.25], "texture": "#0"},
				"east": {"uv": [8.125, 7.125, 8.1875, 7.25], "texture": "#0"},
				"south": {"uv": [7.25, 8.125, 7.3125, 8.25], "texture": "#0"},
				"west": {"uv": [8.125, 7.25, 8.1875, 7.375], "texture": "#0"},
				"up": {"uv": [8.3125, 6.3125, 8.25, 6.25], "texture": "#0"},
				"down": {"uv": [6.4375, 8.25, 6.375, 8.3125], "texture": "#0"}
			}
		},
		{
			"from": [2.62704, -1.75, 2.125],
			"to": [13.37704, -0.85, 11.875],
			"rotation": {"angle": 0, "axis": "y", "origin": [7.62704, -1.75, 10.125]},
			"faces": {
				"north": {"uv": [5.25, 0, 6.625, 0.125], "texture": "#0"},
				"east": {"uv": [5.5, 2.5, 6.75, 2.625], "texture": "#0"},
				"south": {"uv": [5.25, 0.125, 6.625, 0.25], "texture": "#0"},
				"west": {"uv": [5.5, 2.625, 6.75, 2.75], "texture": "#0"},
				"up": {"uv": [1.375, 3.25, 0, 2], "texture": "#0"},
				"down": {"uv": [2.75, 2, 1.375, 3.25], "texture": "#0"}
			}
		},
		{
			"from": [4.72704, -2.6, 11.875],
			"to": [6.47704, -0.85, 13.625],
			"rotation": {"angle": 0, "axis": "y", "origin": [7.62704, -1.75, 10.125]},
			"faces": {
				"north": {"uv": [7.125, 7, 7.3125, 7.25], "texture": "#0"},
				"east": {"uv": [7.125, 6.25, 7.375, 6.5], "texture": "#0"},
				"south": {"uv": [0, 7.25, 0.1875, 7.5], "texture": "#0"},
				"west": {"uv": [7.125, 6.5, 7.375, 6.75], "texture": "#0"},
				"up": {"uv": [7.4375, 0.25, 7.25, 0], "texture": "#0"},
				"down": {"uv": [0.4375, 7.25, 0.25, 7.5], "texture": "#0"}
			}
		},
		{
			"from": [1.72704, -2.1, 12.375],
			"to": [4.72704, -1.35, 13.125],
			"rotation": {"angle": 0, "axis": "y", "origin": [7.62704, -1.75, 10.125]},
			"faces": {
				"north": {"uv": [7.25, 0.25, 7.625, 0.375], "texture": "#0"},
				"east": {"uv": [5.625, 7.875, 5.75, 8], "texture": "#0"},
				"south": {"uv": [7.25, 0.375, 7.625, 0.5], "texture": "#0"},
				"west": {"uv": [5.75, 7.875, 5.875, 8], "texture": "#0"},
				"up": {"uv": [0.875, 7.375, 0.5, 7.25], "texture": "#0"},
				"down": {"uv": [7.625, 0.5, 7.25, 0.625], "texture": "#0"}
			}
		},
		{
			"from": [1.72704, -4.15, 12.375],
			"to": [2.47704, -2.1, 13.125],
			"rotation": {"angle": 0, "axis": "y", "origin": [7.62704, -1.75, 10.125]},
			"faces": {
				"north": {"uv": [4.375, 1, 4.5, 1.25], "texture": "#0"},
				"east": {"uv": [2.625, 4.5, 2.75, 4.75], "texture": "#0"},
				"south": {"uv": [2.5, 6.5, 2.625, 6.75], "texture": "#0"},
				"west": {"uv": [6.5, 6.25, 6.625, 6.5], "texture": "#0"},
				"up": {"uv": [6, 8, 5.875, 7.875], "texture": "#0"},
				"down": {"uv": [6.125, 7.875, 6, 8], "texture": "#0"}
			}
		},
		{
			"name": "hexadecagon",
			"from": [7.62704, 11.75, 11.125],
			"to": [8.37296, 14.25, 14.875],
			"rotation": {"angle": -45, "axis": "y", "origin": [8, 13, 13]},
			"faces": {
				"north": {"uv": [2.25, 7.625, 2.3125, 7.9375], "texture": "#0"},
				"east": {"uv": [0.5, 6.5, 1, 6.8125], "texture": "#0"},
				"south": {"uv": [7.625, 3.75, 7.6875, 4.0625], "texture": "#0"},
				"west": {"uv": [1, 6.5, 1.5, 6.8125], "texture": "#0"},
				"up": {"uv": [0.9375, 8, 0.875, 7.5], "texture": "#0"},
				"down": {"uv": [1.0625, 7.5, 1, 8], "texture": "#0"}
			}
		},
		{
			"name": "hexadecagon",
			"from": [7.62704, 11.75, 11.125],
			"to": [8.37296, 14.25, 14.875],
			"rotation": {"angle": -22.5, "axis": "y", "origin": [8, 13, 13]},
			"faces": {
				"north": {"uv": [7.625, 4.125, 7.6875, 4.4375], "texture": "#0"},
				"east": {"uv": [6.5, 1.375, 7, 1.6875], "texture": "#0"},
				"south": {"uv": [7.625, 4.5, 7.6875, 4.8125], "texture": "#0"},
				"west": {"uv": [1.5, 6.5, 2, 6.8125], "texture": "#0"},
				"up": {"uv": [1.1875, 8, 1.125, 7.5], "texture": "#0"},
				"down": {"uv": [1.3125, 7.5, 1.25, 8], "texture": "#0"}
			}
		},
		{
			"name": "hexadecagon",
			"from": [7.62704, 11.75, 11.125],
			"to": [8.37296, 14.25, 14.875],
			"rotation": {"angle": 0, "axis": "y", "origin": [8, 13, 13]},
			"faces": {
				"north": {"uv": [7.625, 4.875, 7.6875, 5.1875], "texture": "#0"},
				"east": {"uv": [6.5, 1.75, 7, 2.0625], "texture": "#0"},
				"south": {"uv": [7.625, 5.5, 7.6875, 5.8125], "texture": "#0"},
				"west": {"uv": [2, 6.5, 2.5, 6.8125], "texture": "#0"},
				"up": {"uv": [7.5625, 1.75, 7.5, 1.25], "texture": "#0"},
				"down": {"uv": [1.4375, 7.5, 1.375, 8], "texture": "#0"}
			}
		},
		{
			"name": "hexadecagon",
			"from": [7.62704, 11.75, 11.125],
			"to": [8.37296, 14.25, 14.875],
			"rotation": {"angle": 22.5, "axis": "y", "origin": [8, 13, 13]},
			"faces": {
				"north": {"uv": [7.625, 5.875, 7.6875, 6.1875], "texture": "#0"},
				"east": {"uv": [6.5, 2.125, 7, 2.4375], "texture": "#0"},
				"south": {"uv": [6.5, 7.625, 6.5625, 7.9375], "texture": "#0"},
				"west": {"uv": [6.5, 3.25, 7, 3.5625], "texture": "#0"},
				"up": {"uv": [1.5625, 8, 1.5, 7.5], "texture": "#0"},
				"down": {"uv": [1.6875, 7.5, 1.625, 8], "texture": "#0"}
			}
		},
		{
			"name": "hexadecagon",
			"from": [7.62704, 11.75, 11.125],
			"to": [8.37296, 14.25, 14.875],
			"rotation": {"angle": 45, "axis": "y", "origin": [8, 13, 13]},
			"faces": {
				"north": {"uv": [6.625, 7.625, 6.6875, 7.9375], "texture": "#0"},
				"east": {"uv": [6.5, 3.625, 7, 3.9375], "texture": "#0"},
				"south": {"uv": [6.75, 7.625, 6.8125, 7.9375], "texture": "#0"},
				"west": {"uv": [6.5, 4, 7, 4.3125], "texture": "#0"},
				"up": {"uv": [1.8125, 8, 1.75, 7.5], "texture": "#0"},
				"down": {"uv": [7.5625, 1.75, 7.5, 2.25], "texture": "#0"}
			}
		},
		{
			"name": "hexadecagon",
			"from": [6.125, 11.75, 12.62704],
			"to": [9.875, 14.25, 13.37296],
			"rotation": {"angle": -22.5, "axis": "y", "origin": [8, 13, 13]},
			"faces": {
				"north": {"uv": [6.5, 4.375, 7, 4.6875], "texture": "#0"},
				"east": {"uv": [7.625, 7.375, 7.6875, 7.6875], "texture": "#0"},
				"south": {"uv": [6.5, 4.75, 7, 5.0625], "texture": "#0"},
				"west": {"uv": [7.75, 0.25, 7.8125, 0.5625], "texture": "#0"},
				"up": {"uv": [8, 0.1875, 7.5, 0.125], "texture": "#0"},
				"down": {"uv": [8, 0.625, 7.5, 0.6875], "texture": "#0"}
			}
		},
		{
			"name": "hexadecagon",
			"from": [6.125, 11.75, 12.62704],
			"to": [9.875, 14.25, 13.37296],
			"rotation": {"angle": 0, "axis": "y", "origin": [8, 13, 13]},
			"faces": {
				"north": {"uv": [6.5, 5.125, 7, 5.4375], "texture": "#0"},
				"east": {"uv": [7.75, 1.25, 7.8125, 1.5625], "texture": "#0"},
				"south": {"uv": [6.5, 5.5, 7, 5.8125], "texture": "#0"},
				"west": {"uv": [7.75, 1.625, 7.8125, 1.9375], "texture": "#0"},
				"up": {"uv": [8, 0.8125, 7.5, 0.75], "texture": "#0"},
				"down": {"uv": [2.375, 7.5, 1.875, 7.5625], "texture": "#0"}
			}
		},
		{
			"name": "hexadecagon",
			"from": [6.125, 11.75, 12.62704],
			"to": [9.875, 14.25, 13.37296],
			"rotation": {"angle": 22.5, "axis": "y", "origin": [8, 13, 13]},
			"faces": {
				"north": {"uv": [6.5, 5.875, 7, 6.1875], "texture": "#0"},
				"east": {"uv": [3.375, 7.75, 3.4375, 8.0625], "texture": "#0"},
				"south": {"uv": [6.125, 6.5, 6.625, 6.8125], "texture": "#0"},
				"west": {"uv": [3.5, 7.75, 3.5625, 8.0625], "texture": "#0"},
				"up": {"uv": [8, 2.5625, 7.5, 2.5], "texture": "#0"},
				"down": {"uv": [8, 2.625, 7.5, 2.6875], "texture": "#0"}
			}
		},
		{
			"from": [5.5, 13, 1.6],
			"to": [10.5, 18, 15.5],
			"rotation": {"angle": 0, "axis": "y", "origin": [7.5, -5, 7.5]},
			"faces": {
				"north": {"uv": [4.875, 1.5, 5.5, 2.125], "texture": "#0"},
				"east": {"uv": [2.5, 0, 4.25, 0.625], "texture": "#0"},
				"south": {"uv": [4.875, 2.125, 5.5, 2.75], "texture": "#0"},
				"west": {"uv": [2.5, 0.625, 4.25, 1.25], "texture": "#0"},
				"up": {"uv": [3.375, 3, 2.75, 1.25], "texture": "#0"},
				"down": {"uv": [3.375, 3, 2.75, 4.75], "texture": "#0"}
			}
		},
		{
			"from": [6.5, 18, 2.6],
			"to": [9.5, 18.3, 14.5],
			"rotation": {"angle": 0, "axis": "y", "origin": [7.5, -5, 7.5]},
			"faces": {
				"north": {"uv": [7.5, 3.5, 7.875, 3.5625], "texture": "#0"},
				"east": {"uv": [7, 2.25, 8.5, 2.3125], "texture": "#0"},
				"south": {"uv": [7.5, 3.625, 7.875, 3.6875], "texture": "#0"},
				"west": {"uv": [7, 2.375, 8.5, 2.4375], "texture": "#0"},
				"up": {"uv": [3.375, 6.25, 3, 4.75], "texture": "#0"},
				"down": {"uv": [5.25, 0, 4.875, 1.5], "texture": "#0"}
			}
		},
		{
			"from": [7.5, 18.3, 3.6],
			"to": [8.5, 18.5, 13.5],
			"rotation": {"angle": 0, "axis": "y", "origin": [7.5, -5, 7.5]},
			"faces": {
				"north": {"uv": [8.125, 4.25, 8.25, 4.3125], "texture": "#0"},
				"east": {"uv": [7, 3.25, 8.25, 3.3125], "texture": "#0"},
				"south": {"uv": [4.375, 8.125, 4.5, 8.1875], "texture": "#0"},
				"west": {"uv": [7, 3.375, 8.25, 3.4375], "texture": "#0"},
				"up": {"uv": [2.75, 4.5, 2.625, 3.25], "texture": "#0"},
				"down": {"uv": [4.375, 0, 4.25, 1.25], "texture": "#0"}
			}
		},
		{
			"from": [6.5, 12.75, 3.5],
			"to": [9.5, 13, 6.5],
			"rotation": {"angle": 0, "axis": "y", "origin": [7.5, -5, 7.5]},
			"faces": {
				"north": {"uv": [7.5, 2.75, 7.875, 2.8125], "texture": "#0"},
				"east": {"uv": [7.5, 2.875, 7.875, 2.9375], "texture": "#0"},
				"south": {"uv": [7.5, 3, 7.875, 3.0625], "texture": "#0"},
				"west": {"uv": [7.5, 3.125, 7.875, 3.1875], "texture": "#0"},
				"up": {"uv": [4.875, 6.875, 4.5, 6.5], "texture": "#0"},
				"down": {"uv": [7, 6.25, 6.625, 6.625], "texture": "#0"}
			}
		},
		{
			"from": [6.7, 12.5, 3.7],
			"to": [9.3, 12.75, 6.3],
			"rotation": {"angle": 0, "axis": "y", "origin": [7.5, -5, 7.5]},
			"faces": {
				"north": {"uv": [7.5, 6.875, 7.8125, 6.9375], "texture": "#0"},
				"east": {"uv": [7.625, 1, 7.9375, 1.0625], "texture": "#0"},
				"south": {"uv": [7.625, 2, 7.9375, 2.0625], "texture": "#0"},
				"west": {"uv": [7.625, 2.125, 7.9375, 2.1875], "texture": "#0"},
				"up": {"uv": [6.9375, 6.9375, 6.625, 6.625], "texture": "#0"},
				"down": {"uv": [7.0625, 0, 6.75, 0.3125], "texture": "#0"}
			}
		},
		{
			"from": [6.9, 12.4, 3.9],
			"to": [9.1, 12.5, 6.1],
			"rotation": {"angle": 0, "axis": "y", "origin": [7.5, -5, 7.5]},
			"faces": {
				"north": {"uv": [6.125, 7.875, 6.375, 7.9375], "texture": "#0"},
				"east": {"uv": [7.875, 6.375, 8.125, 6.4375], "texture": "#0"},
				"south": {"uv": [7.875, 6.5, 8.125, 6.5625], "texture": "#0"},
				"west": {"uv": [7.875, 6.625, 8.125, 6.6875], "texture": "#0"},
				"up": {"uv": [6.875, 7.375, 6.625, 7.125], "texture": "#0"},
				"down": {"uv": [7.125, 7.125, 6.875, 7.375], "texture": "#0"}
			}
		},
		{
			"name": "hexadecagon",
			"from": [3.7, 14.25136, 6.75],
			"to": [6, 14.74864, 9.25],
			"rotation": {"angle": -45, "axis": "x", "origin": [5, 14.5, 8]},
			"faces": {
				"north": {"uv": [7.625, 5.25, 7.9375, 5.3125], "texture": "#0"},
				"east": {"uv": [7.625, 6.25, 7.9375, 6.3125], "texture": "#0"},
				"south": {"uv": [3.625, 7.75, 3.9375, 7.8125], "texture": "#0"},
				"west": {"uv": [7.75, 3.75, 8.0625, 3.8125], "texture": "#0"},
				"up": {"uv": [7.0625, 0.6875, 6.75, 0.375], "texture": "#0"},
				"down": {"uv": [7.0625, 0.75, 6.75, 1.0625], "texture": "#0"}
			}
		},
		{
			"name": "hexadecagon",
			"from": [3.7, 14.25136, 6.75],
			"to": [6, 14.74864, 9.25],
			"rotation": {"angle": -22.5, "axis": "x", "origin": [5, 14.5, 8]},
			"faces": {
				"north": {"uv": [7.75, 3.875, 8.0625, 3.9375], "texture": "#0"},
				"east": {"uv": [4, 7.75, 4.3125, 7.8125], "texture": "#0"},
				"south": {"uv": [7.75, 4, 8.0625, 4.0625], "texture": "#0"},
				"west": {"uv": [7.75, 4.125, 8.0625, 4.1875], "texture": "#0"},
				"up": {"uv": [0.3125, 7.1875, 0, 6.875], "texture": "#0"},
				"down": {"uv": [0.6875, 6.875, 0.375, 7.1875], "texture": "#0"}
			}
		},
		{
			"name": "hexadecagon",
			"from": [3.7, 14.25136, 6.75],
			"to": [6, 14.74864, 9.25],
			"rotation": {"angle": 0, "axis": "x", "origin": [5, 14.5, 8]},
			"faces": {
				"north": {"uv": [7.75, 4.25, 8.0625, 4.3125], "texture": "#0"},
				"east": {"uv": [7.75, 4.375, 8.0625, 4.4375], "texture": "#0"},
				"south": {"uv": [7.75, 4.5, 8.0625, 4.5625], "texture": "#0"},
				"west": {"uv": [7.75, 4.625, 8.0625, 4.6875], "texture": "#0"},
				"up": {"uv": [1.0625, 7.1875, 0.75, 6.875], "texture": "#0"},
				"down": {"uv": [1.4375, 6.875, 1.125, 7.1875], "texture": "#0"}
			}
		},
		{
			"name": "hexadecagon",
			"from": [3.7, 14.25136, 6.75],
			"to": [6, 14.74864, 9.25],
			"rotation": {"angle": 22.5, "axis": "x", "origin": [5, 14.5, 8]},
			"faces": {
				"north": {"uv": [7.75, 4.75, 8.0625, 4.8125], "texture": "#0"},
				"east": {"uv": [7.75, 4.875, 8.0625, 4.9375], "texture": "#0"},
				"south": {"uv": [7.75, 5, 8.0625, 5.0625], "texture": "#0"},
				"west": {"uv": [7.75, 5.125, 8.0625, 5.1875], "texture": "#0"},
				"up": {"uv": [1.8125, 7.1875, 1.5, 6.875], "texture": "#0"},
				"down": {"uv": [2.1875, 6.875, 1.875, 7.1875], "texture": "#0"}
			}
		},
		{
			"name": "hexadecagon",
			"from": [3.7, 14.25136, 6.75],
			"to": [6, 14.74864, 9.25],
			"rotation": {"angle": 45, "axis": "x", "origin": [5, 14.5, 8]},
			"faces": {
				"north": {"uv": [7.75, 5.5, 8.0625, 5.5625], "texture": "#0"},
				"east": {"uv": [7.75, 5.625, 8.0625, 5.6875], "texture": "#0"},
				"south": {"uv": [7.75, 5.75, 8.0625, 5.8125], "texture": "#0"},
				"west": {"uv": [7.75, 5.875, 8.0625, 5.9375], "texture": "#0"},
				"up": {"uv": [2.5625, 7.1875, 2.25, 6.875], "texture": "#0"},
				"down": {"uv": [7.1875, 2.5, 6.875, 2.8125], "texture": "#0"}
			}
		},
		{
			"name": "hexadecagon",
			"from": [3.7, 13.25, 7.75136],
			"to": [6, 15.75, 8.24864],
			"rotation": {"angle": -22.5, "axis": "x", "origin": [5, 14.5, 8]},
			"faces": {
				"north": {"uv": [6.875, 2.875, 7.1875, 3.1875], "texture": "#0"},
				"east": {"uv": [4.375, 7.75, 4.4375, 8.0625], "texture": "#0"},
				"south": {"uv": [4.5, 6.875, 4.8125, 7.1875], "texture": "#0"},
				"west": {"uv": [7.75, 7.25, 7.8125, 7.5625], "texture": "#0"},
				"up": {"uv": [8.0625, 6.0625, 7.75, 6], "texture": "#0"},
				"down": {"uv": [8.0625, 6.125, 7.75, 6.1875], "texture": "#0"}
			}
		},
		{
			"name": "hexadecagon",
			"from": [3.7, 13.25, 7.75136],
			"to": [6, 15.75, 8.24864],
			"rotation": {"angle": 0, "axis": "x", "origin": [5, 14.5, 8]},
			"faces": {
				"north": {"uv": [6.125, 6.875, 6.4375, 7.1875], "texture": "#0"},
				"east": {"uv": [7.5, 7.75, 7.5625, 8.0625], "texture": "#0"},
				"south": {"uv": [7, 1.125, 7.3125, 1.4375], "texture": "#0"},
				"west": {"uv": [7.625, 7.75, 7.6875, 8.0625], "texture": "#0"},
				"up": {"uv": [8.0625, 7.6875, 7.75, 7.625], "texture": "#0"},
				"down": {"uv": [8.0625, 7.75, 7.75, 7.8125], "texture": "#0"}
			}
		},
		{
			"name": "hexadecagon",
			"from": [3.85, 14.25, 7.75136],
			"to": [4.35, 18.75, 8.24864],
			"rotation": {"angle": 0, "axis": "x", "origin": [5, 14.5, 8]},
			"faces": {
				"north": {"uv": [4.75, 7.25, 4.8125, 7.8125], "texture": "#0"},
				"east": {"uv": [4.875, 7.25, 4.9375, 7.8125], "texture": "#0"},
				"south": {"uv": [5, 7.25, 5.0625, 7.8125], "texture": "#0"},
				"west": {"uv": [5.125, 7.25, 5.1875, 7.8125], "texture": "#0"},
				"up": {"uv": [8.3125, 1.5625, 8.25, 1.5], "texture": "#0"},
				"down": {"uv": [8.3125, 1.625, 8.25, 1.6875], "texture": "#0"}
			}
		},
		{
			"name": "hexadecagon",
			"from": [3.85, 14.25136, 3.75],
			"to": [4.35, 14.74864, 8.25],
			"rotation": {"angle": -22.5, "axis": "x", "origin": [5, 14.5, 8]},
			"faces": {
				"north": {"uv": [1.75, 8.25, 1.8125, 8.3125], "texture": "#0"},
				"east": {"uv": [7.25, 0.875, 7.8125, 0.9375], "texture": "#0"},
				"south": {"uv": [1.875, 8.25, 1.9375, 8.3125], "texture": "#0"},
				"west": {"uv": [5.25, 7.25, 5.8125, 7.3125], "texture": "#0"},
				"up": {"uv": [6.1875, 7.8125, 6.125, 7.25], "texture": "#0"},
				"down": {"uv": [6.3125, 7.25, 6.25, 7.8125], "texture": "#0"}
			}
		},
		{
			"name": "hexadecagon",
			"from": [3.85, 14.25136, 7.75],
			"to": [4.35, 14.74864, 12.25],
			"rotation": {"angle": 22.5, "axis": "x", "origin": [5, 14.5, 8]},
			"faces": {
				"north": {"uv": [8.25, 2, 8.3125, 2.0625], "texture": "#0"},
				"east": {"uv": [7.125, 7.25, 7.6875, 7.3125], "texture": "#0"},
				"south": {"uv": [8.25, 2.125, 8.3125, 2.1875], "texture": "#0"},
				"west": {"uv": [7.375, 1.125, 7.9375, 1.1875], "texture": "#0"},
				"up": {"uv": [6.4375, 7.8125, 6.375, 7.25], "texture": "#0"},
				"down": {"uv": [0.5625, 7.375, 0.5, 7.9375], "texture": "#0"}
			}
		},
		{
			"name": "hexadecagon",
			"from": [3.7, 13.25, 7.75136],
			"to": [6, 15.75, 8.24864],
			"rotation": {"angle": 22.5, "axis": "x", "origin": [5, 14.5, 8]},
			"faces": {
				"north": {"uv": [7, 1.5, 7.3125, 1.8125], "texture": "#0"},
				"east": {"uv": [7.875, 0.25, 7.9375, 0.5625], "texture": "#0"},
				"south": {"uv": [7, 1.875, 7.3125, 2.1875], "texture": "#0"},
				"west": {"uv": [0.625, 7.875, 0.6875, 8.1875], "texture": "#0"},
				"up": {"uv": [8.1875, 0.9375, 7.875, 0.875], "texture": "#0"},
				"down": {"uv": [8.1875, 1.25, 7.875, 1.3125], "texture": "#0"}
			}
		}
	],
	"display": {
		"thirdperson_righthand": {
			"rotation": [75, 45, 0],
			"translation": [0, 0.75, 0],
			"scale": [0.24, 0.24, 0.24]
		},
		"thirdperson_lefthand": {
			"rotation": [75, 45, 0],
			"translation": [0, 0.75, 0],
			"scale": [0.24, 0.24, 0.24]
		},
		"firstperson_righthand": {
			"rotation": [0, -4, 0],
			"translation": [-0.25, 6, 2.25],
			"scale": [0.25, 0.25, 0.25]
		},
		"firstperson_lefthand": {
			"rotation": [0, -4, 0],
			"translation": [-0.25, 6, 2.25],
			"scale": [0.25, 0.25, 0.25]
		},
		"ground": {
			"translation": [0, 6.5, 0],
			"scale": [0.41, 0.41, 0.41]
		},
		"gui": {
			"rotation": [30, 225, 0],
			"translation": [0, 2.75, 0],
			"scale": [0.43, 0.43, 0.43]
		},
		"head": {
			"translation": [0, 80, 0],
			"scale": [3.16, 3.16, 3.16]
		},
		"fixed": {
			"rotation": [-90, 0, 0],
			"translation": [0, 0, -57.25],
			"scale": [2.49, 2.49, 2.49]
		}
	},
	"groups": [
		0,
		1,
		2,
		3,
		4,
		{
			"name": "hexadecagon",
			"origin": [8, 8, 8],
			"color": 0,
			"children": [5, 6, 7, 8, 9, 10, 11, 12]
		},
		{
			"name": "hexadecagon",
			"origin": [8, 8, 8],
			"color": 0,
			"children": [13, 14, 15, 16, 17, 18, 19, 20]
		},
		{
			"name": "hexadecagon",
			"origin": [8, 8, 8],
			"color": 0,
			"children": [
				21,
				22,
				23,
				24,
				25,
				26,
				27,
				28,
				29,
				30,
				31,
				32,
				33,
				34,
				35,
				36,
				37,
				38,
				39,
				40,
				41,
				42,
				43,
				44,
				45,
				46,
				47,
				48,
				49,
				50,
				51,
				52,
				53,
				54,
				55,
				56,
				57,
				58,
				59,
				60,
				61,
				62,
				63,
				64,
				65,
				66,
				67,
				68,
				69,
				70,
				71,
				72
			]
		},
		{
			"name": "hexadecagon",
			"origin": [8, 8, 8],
			"color": 0,
			"children": [73, 74, 75, 76, 77, 78, 79, 80, 81, 82, 83, 84, 85, 86]
		},
		{
			"name": "hexadecagon",
			"origin": [8, 8, 8],
			"color": 0,
			"children": [87, 88, 89, 90, 91, 92, 93, 94, 95, 96, 97]
		}
	]
}