{
	"credit": "Made with Blockbench",
	"textures": {
		"2": "block/machines/generator/gen",
		"particle": "block/machines/generator/stone"
	},
	"elements": [
		{
			"from": [0.02, 0.01125, 0.02],
			"to": [15.98, 1.43625, 15.98],
			"rotation": {"angle": 0, "axis": "y", "origin": [8, 0.72375, 8]},
			"faces": {
				"north": {"uv": [7.5, 3, 11, 3.3125], "texture": "#2"},
				"east": {"uv": [7.5, 3.5, 11, 3.8125], "texture": "#2"},
				"south": {"uv": [7.5, 4, 11, 4.3125], "texture": "#2"},
				"west": {"uv": [7.5, 4.5, 11, 4.8125], "texture": "#2"},
				"up": {"uv": [3.5, 3.5, 0, 0], "texture": "#2"},
				"down": {"uv": [3.5, 3.5, 0, 7], "texture": "#2"}
			}
		},
		{
			"from": [12.61244, 2.72445, 12.61244],
			"to": [15.59696, 10.86405, 15.59696],
			"rotation": {"angle": 0, "axis": "y", "origin": [8, 0.01125, 8]},
			"faces": {
				"north": {"uv": [2.75, 8.5, 3.3125, 10], "texture": "#2"},
				"east": {"uv": [8.75, 0, 9.3125, 1.5], "texture": "#2"},
				"south": {"uv": [8.75, 1.5, 9.3125, 3], "texture": "#2"},
				"west": {"uv": [1.5, 9.25, 2.0625, 10.75], "texture": "#2"},
				"up": {"uv": [0.5625, 10.5625, 0, 10], "texture": "#2"},
				"down": {"uv": [1.3125, 10, 0.75, 10.5625], "texture": "#2"}
			}
		},
		{
			"from": [0.40304, 1.36785, 12.61244],
			"to": [3.38756, 2.3853, 15.59696],
			"rotation": {"angle": 0, "axis": "y", "origin": [-2.8528, 0.01125, -2.8528]},
			"faces": {
				"north": {"uv": [1.5, 11.5, 2.0625, 11.6875], "texture": "#2"},
				"east": {"uv": [11.5, 1.5, 12.0625, 1.6875], "texture": "#2"},
				"south": {"uv": [11.5, 1.75, 12.0625, 1.9375], "texture": "#2"},
				"west": {"uv": [11.5, 2, 12.0625, 2.1875], "texture": "#2"},
				"up": {"uv": [2.8125, 10.5625, 2.25, 10], "texture": "#2"},
				"down": {"uv": [10.5625, 5.5, 10, 6.0625], "texture": "#2"}
			}
		},
		{
			"from": [12.61244, 1.36785, 0.40304],
			"to": [15.59696, 2.3853, 3.38756],
			"rotation": {"angle": 0, "axis": "y", "origin": [8, 0.01125, 8]},
			"faces": {
				"north": {"uv": [2.25, 11.5, 2.8125, 11.6875], "texture": "#2"},
				"east": {"uv": [11.5, 2.25, 12.0625, 2.4375], "texture": "#2"},
				"south": {"uv": [11.5, 2.5, 12.0625, 2.6875], "texture": "#2"},
				"west": {"uv": [11.5, 2.75, 12.0625, 2.9375], "texture": "#2"},
				"up": {"uv": [10.5625, 8.5625, 10, 8], "texture": "#2"},
				"down": {"uv": [10.5625, 8.75, 10, 9.3125], "texture": "#2"}
			}
		},
		{
			"from": [0.40304, 1.36785, 0.40304],
			"to": [3.38756, 2.3853, 3.38756],
			"rotation": {"angle": 0, "axis": "y", "origin": [8, 0.01125, 8]},
			"faces": {
				"north": {"uv": [3, 11.5, 3.5625, 11.6875], "texture": "#2"},
				"east": {"uv": [3.75, 11.5, 4.3125, 11.6875], "texture": "#2"},
				"south": {"uv": [4.5, 11.5, 5.0625, 11.6875], "texture": "#2"},
				"west": {"uv": [11.5, 4.75, 12.0625, 4.9375], "texture": "#2"},
				"up": {"uv": [10.3125, 10.5625, 9.75, 10], "texture": "#2"},
				"down": {"uv": [10.8125, 0, 10.25, 0.5625], "texture": "#2"}
			}
		},
		{
			"from": [12.95159, 1.36785, 12.95159],
			"to": [15.25781, 2.72445, 15.25781],
			"rotation": {"angle": 0, "axis": "y", "origin": [8, 0.01125, 8]},
			"faces": {
				"north": {"uv": [2.25, 9.75, 2.6875, 10], "texture": "#2"},
				"east": {"uv": [3, 10.5, 3.4375, 10.75], "texture": "#2"},
				"south": {"uv": [11, 4.75, 11.4375, 5], "texture": "#2"},
				"west": {"uv": [5, 11, 5.4375, 11.25], "texture": "#2"},
				"up": {"uv": [2.9375, 7.4375, 2.5, 7], "texture": "#2"},
				"down": {"uv": [3.4375, 7, 3, 7.4375], "texture": "#2"}
			}
		},
		{
			"from": [12.95159, 1.36785, 0.74219],
			"to": [15.25781, 2.72445, 3.04841],
			"rotation": {"angle": 0, "axis": "y", "origin": [8, 0.01125, 8]},
			"faces": {
				"north": {"uv": [5.5, 11, 5.9375, 11.25], "texture": "#2"},
				"east": {"uv": [6, 11, 6.4375, 11.25], "texture": "#2"},
				"south": {"uv": [8.75, 11, 9.1875, 11.25], "texture": "#2"},
				"west": {"uv": [9.25, 11, 9.6875, 11.25], "texture": "#2"},
				"up": {"uv": [8.4375, 7.6875, 8, 7.25], "texture": "#2"},
				"down": {"uv": [8.9375, 8, 8.5, 8.4375], "texture": "#2"}
			}
		},
		{
			"from": [0.74219, 1.36785, 0.74219],
			"to": [3.04841, 2.72445, 3.04841],
			"rotation": {"angle": 0, "axis": "y", "origin": [8, 0.01125, 8]},
			"faces": {
				"north": {"uv": [4.5, 11.25, 4.9375, 11.5], "texture": "#2"},
				"east": {"uv": [5, 11.25, 5.4375, 11.5], "texture": "#2"},
				"south": {"uv": [5.5, 11.25, 5.9375, 11.5], "texture": "#2"},
				"west": {"uv": [6, 11.25, 6.4375, 11.5], "texture": "#2"},
				"up": {"uv": [2.6875, 9.6875, 2.25, 9.25], "texture": "#2"},
				"down": {"uv": [3.4375, 10, 3, 10.4375], "texture": "#2"}
			}
		},
		{
			"from": [0.74219, 1.36785, 12.95159],
			"to": [3.04841, 2.72445, 15.25781],
			"rotation": {"angle": 0, "axis": "y", "origin": [8, 0.01125, 8]},
			"faces": {
				"north": {"uv": [8.75, 11.25, 9.1875, 11.5], "texture": "#2"},
				"east": {"uv": [9.25, 11.25, 9.6875, 11.5], "texture": "#2"},
				"south": {"uv": [9.75, 11.25, 10.1875, 11.5], "texture": "#2"},
				"west": {"uv": [11.25, 10, 11.6875, 10.25], "texture": "#2"},
				"up": {"uv": [4.9375, 11.1875, 4.5, 10.75], "texture": "#2"},
				"down": {"uv": [10.1875, 10.75, 9.75, 11.1875], "texture": "#2"}
			}
		},
		{
			"from": [12.61244, 1.36785, 12.61244],
			"to": [15.59696, 2.3853, 15.59696],
			"rotation": {"angle": 0, "axis": "y", "origin": [8, 0.01125, 8]},
			"faces": {
				"north": {"uv": [5.25, 11.5, 5.8125, 11.6875], "texture": "#2"},
				"east": {"uv": [11.5, 5.5, 12.0625, 5.6875], "texture": "#2"},
				"south": {"uv": [11.5, 5.75, 12.0625, 5.9375], "texture": "#2"},
				"west": {"uv": [6, 11.5, 6.5625, 11.6875], "texture": "#2"},
				"up": {"uv": [10.8125, 1.3125, 10.25, 0.75], "texture": "#2"},
				"down": {"uv": [10.8125, 1.5, 10.25, 2.0625], "texture": "#2"}
			}
		},
		{
			"from": [12.61244, 2.72445, 0.40304],
			"to": [15.59696, 10.86405, 3.38756],
			"rotation": {"angle": 0, "axis": "y", "origin": [8, 0.01125, 8]},
			"faces": {
				"north": {"uv": [3.5, 9.25, 4.0625, 10.75], "texture": "#2"},
				"east": {"uv": [4.25, 9.25, 4.8125, 10.75], "texture": "#2"},
				"south": {"uv": [9.25, 5, 9.8125, 6.5], "texture": "#2"},
				"west": {"uv": [6.75, 9.25, 7.3125, 10.75], "texture": "#2"},
				"up": {"uv": [10.8125, 2.8125, 10.25, 2.25], "texture": "#2"},
				"down": {"uv": [11.0625, 10, 10.5, 10.5625], "texture": "#2"}
			}
		},
		{
			"from": [0.40304, 2.72445, 0.40304],
			"to": [3.38756, 10.86405, 3.38756],
			"rotation": {"angle": 0, "axis": "y", "origin": [8, 0.01125, 8]},
			"faces": {
				"north": {"uv": [7.5, 9.25, 8.0625, 10.75], "texture": "#2"},
				"east": {"uv": [9.25, 8, 9.8125, 9.5], "texture": "#2"},
				"south": {"uv": [8.25, 9.25, 8.8125, 10.75], "texture": "#2"},
				"west": {"uv": [9.5, 0, 10.0625, 1.5], "texture": "#2"},
				"up": {"uv": [0.5625, 11.3125, 0, 10.75], "texture": "#2"},
				"down": {"uv": [1.3125, 10.75, 0.75, 11.3125], "texture": "#2"}
			}
		},
		{
			"from": [0.40304, 2.72445, 12.61244],
			"to": [3.38756, 10.86405, 15.59696],
			"rotation": {"angle": 0, "axis": "y", "origin": [8, 0.01125, 8]},
			"faces": {
				"north": {"uv": [9.5, 1.5, 10.0625, 3], "texture": "#2"},
				"east": {"uv": [5, 9.5, 5.5625, 11], "texture": "#2"},
				"south": {"uv": [5.75, 9.5, 6.3125, 11], "texture": "#2"},
				"west": {"uv": [9, 9.5, 9.5625, 11], "texture": "#2"},
				"up": {"uv": [2.0625, 11.3125, 1.5, 10.75], "texture": "#2"},
				"down": {"uv": [2.8125, 10.75, 2.25, 11.3125], "texture": "#2"}
			}
		},
		{
			"from": [12.95159, 10.86405, 12.95159],
			"to": [15.25781, 12.22065, 15.25781],
			"rotation": {"angle": 0, "axis": "y", "origin": [8, 21.71685, 8]},
			"faces": {
				"north": {"uv": [10.25, 11.25, 10.6875, 11.5], "texture": "#2"},
				"east": {"uv": [11.25, 10.25, 11.6875, 10.5], "texture": "#2"},
				"south": {"uv": [11.25, 10.5, 11.6875, 10.75], "texture": "#2"},
				"west": {"uv": [10.75, 11.25, 11.1875, 11.5], "texture": "#2"},
				"up": {"uv": [10.6875, 11.1875, 10.25, 10.75], "texture": "#2"},
				"down": {"uv": [11.1875, 10.75, 10.75, 11.1875], "texture": "#2"}
			}
		},
		{
			"from": [12.95159, 10.86405, 0.74219],
			"to": [15.25781, 12.22065, 3.04841],
			"rotation": {"angle": 0, "axis": "y", "origin": [8, 21.71685, 8]},
			"faces": {
				"north": {"uv": [11.25, 10.75, 11.6875, 11], "texture": "#2"},
				"east": {"uv": [11.25, 11, 11.6875, 11.25], "texture": "#2"},
				"south": {"uv": [11.25, 11.25, 11.6875, 11.5], "texture": "#2"},
				"west": {"uv": [0, 11.5, 0.4375, 11.75], "texture": "#2"},
				"up": {"uv": [11.4375, 0.4375, 11, 0], "texture": "#2"},
				"down": {"uv": [11.4375, 0.5, 11, 0.9375], "texture": "#2"}
			}
		},
		{
			"from": [0.74219, 10.86405, 0.74219],
			"to": [3.04841, 12.22065, 3.04841],
			"rotation": {"angle": 0, "axis": "y", "origin": [8, 21.71685, 8]},
			"faces": {
				"north": {"uv": [11.5, 0, 11.9375, 0.25], "texture": "#2"},
				"east": {"uv": [11.5, 0.25, 11.9375, 0.5], "texture": "#2"},
				"south": {"uv": [0.5, 11.5, 0.9375, 11.75], "texture": "#2"},
				"west": {"uv": [11.5, 0.5, 11.9375, 0.75], "texture": "#2"},
				"up": {"uv": [11.4375, 1.4375, 11, 1], "texture": "#2"},
				"down": {"uv": [11.4375, 1.5, 11, 1.9375], "texture": "#2"}
			}
		},
		{
			"from": [0.74219, 10.86405, 12.95159],
			"to": [3.04841, 12.22065, 15.25781],
			"rotation": {"angle": 0, "axis": "y", "origin": [8, 21.71685, 8]},
			"faces": {
				"north": {"uv": [11.5, 0.75, 11.9375, 1], "texture": "#2"},
				"east": {"uv": [1, 11.5, 1.4375, 11.75], "texture": "#2"},
				"south": {"uv": [11.5, 1, 11.9375, 1.25], "texture": "#2"},
				"west": {"uv": [11.5, 1.25, 11.9375, 1.5], "texture": "#2"},
				"up": {"uv": [11.4375, 2.4375, 11, 2], "texture": "#2"},
				"down": {"uv": [11.4375, 2.5, 11, 2.9375], "texture": "#2"}
			}
		},
		{
			"from": [12.61244, 11.2032, 0.40304],
			"to": [15.59696, 12.22065, 3.38756],
			"rotation": {"angle": 0, "axis": "y", "origin": [8, 21.71685, 8]},
			"faces": {
				"north": {"uv": [11.5, 6, 12.0625, 6.1875], "texture": "#2"},
				"east": {"uv": [11.5, 6.25, 12.0625, 6.4375], "texture": "#2"},
				"south": {"uv": [11.5, 6.5, 12.0625, 6.6875], "texture": "#2"},
				"west": {"uv": [6.75, 11.5, 7.3125, 11.6875], "texture": "#2"},
				"up": {"uv": [3.5625, 11.3125, 3, 10.75], "texture": "#2"},
				"down": {"uv": [4.3125, 10.75, 3.75, 11.3125], "texture": "#2"}
			}
		},
		{
			"from": [0.40304, 11.2032, 0.40304],
			"to": [3.38756, 12.22065, 3.38756],
			"rotation": {"angle": 0, "axis": "y", "origin": [8, 21.71685, 8]},
			"faces": {
				"north": {"uv": [11.5, 6.75, 12.0625, 6.9375], "texture": "#2"},
				"east": {"uv": [11.5, 7, 12.0625, 7.1875], "texture": "#2"},
				"south": {"uv": [11.5, 7.25, 12.0625, 7.4375], "texture": "#2"},
				"west": {"uv": [7.5, 11.5, 8.0625, 11.6875], "texture": "#2"},
				"up": {"uv": [11.3125, 6.0625, 10.75, 5.5], "texture": "#2"},
				"down": {"uv": [7.0625, 10.75, 6.5, 11.3125], "texture": "#2"}
			}
		},
		{
			"from": [12.61244, 11.2032, 12.61244],
			"to": [15.59696, 12.22065, 15.59696],
			"rotation": {"angle": 0, "axis": "y", "origin": [8, 21.71685, 8]},
			"faces": {
				"north": {"uv": [11.5, 7.5, 12.0625, 7.6875], "texture": "#2"},
				"east": {"uv": [11.5, 7.75, 12.0625, 7.9375], "texture": "#2"},
				"south": {"uv": [11.5, 8, 12.0625, 8.1875], "texture": "#2"},
				"west": {"uv": [8.25, 11.5, 8.8125, 11.6875], "texture": "#2"},
				"up": {"uv": [7.8125, 11.3125, 7.25, 10.75], "texture": "#2"},
				"down": {"uv": [8.5625, 10.75, 8, 11.3125], "texture": "#2"}
			}
		},
		{
			"from": [0.40304, 11.2032, 12.61244],
			"to": [3.38756, 12.22065, 15.59696],
			"rotation": {"angle": 0, "axis": "y", "origin": [-2.8528, 21.71685, -2.8528]},
			"faces": {
				"north": {"uv": [11.5, 8.25, 12.0625, 8.4375], "texture": "#2"},
				"east": {"uv": [11.5, 8.5, 12.0625, 8.6875], "texture": "#2"},
				"south": {"uv": [11.5, 8.75, 12.0625, 8.9375], "texture": "#2"},
				"west": {"uv": [9, 11.5, 9.5625, 11.6875], "texture": "#2"},
				"up": {"uv": [11.3125, 8.5625, 10.75, 8], "texture": "#2"},
				"down": {"uv": [11.3125, 8.75, 10.75, 9.3125], "texture": "#2"}
			}
		},
		{
			"from": [2.5736, 1.36785, 2.5736],
			"to": [13.4264, 14.18772, 13.4264],
			"rotation": {"angle": 0, "axis": "y", "origin": [8, 0.85913, 8]},
			"faces": {
				"north": {"uv": [3.5, 0, 5.5, 2.375], "texture": "#2"},
				"east": {"uv": [3.5, 2.5, 5.5, 4.875], "texture": "#2"},
				"south": {"uv": [3.5, 5, 5.5, 7.375], "texture": "#2"},
				"west": {"uv": [5.5, 0, 7.5, 2.375], "texture": "#2"},
				"up": {"uv": [7.5, 4.5, 5.5, 2.5], "texture": "#2"},
				"down": {"uv": [7.5, 4.5, 5.5, 6.5], "texture": "#2"}
			}
		},
		{
			"from": [4.74416, 6.11595, 0.40304],
			"to": [11.25584, 11.54235, 7.18604],
			"rotation": {"angle": 45, "axis": "x", "origin": [8, 6.79425, 1.217]},
			"faces": {
				"north": {"uv": [7.5, 2, 8.6875, 3], "texture": "#2"},
				"east": {"uv": [7.5, 0, 8.75, 1], "texture": "#2"},
				"south": {"uv": [2.5, 7.5, 3.6875, 8.5], "texture": "#2"},
				"west": {"uv": [7.5, 1, 8.75, 2], "texture": "#2"},
				"up": {"uv": [1.1875, 8.25, 0, 7], "texture": "#2"},
				"down": {"uv": [2.4375, 7, 1.25, 8.25], "texture": "#2"}
			}
		},
		{
			"from": [4.67633, 2.82038, 0.16181],
			"to": [11.32367, 6.89018, 6.94481],
			"rotation": {"angle": 0, "axis": "y", "origin": [8, 2.14208, 0.97577]},
			"faces": {
				"north": {"uv": [8.5, 7.25, 9.71875, 8], "texture": "#2"},
				"east": {"uv": [1.5, 8.5, 2.75, 9.25], "texture": "#2"},
				"south": {"uv": [8, 8.5, 9.21875, 9.25], "texture": "#2"},
				"west": {"uv": [6.75, 8.5, 8, 9.25], "texture": "#2"},
				"up": {"uv": [6.71875, 7.75, 5.5, 6.5], "texture": "#2"},
				"down": {"uv": [7.96875, 6.5, 6.75, 7.75], "texture": "#2"}
			}
		},
		{
			"from": [10.37405, 5.23416, -0.00394],
			"to": [11.05235, 5.91246, 1.217],
			"rotation": {"angle": 0, "axis": "y", "origin": [-2.8528, 0.01125, -2.8528]},
			"faces": {
				"north": {"uv": [10, 11.5, 10.125, 11.625], "texture": "#2"},
				"east": {"uv": [5.25, 7.5, 5.46875, 7.625], "texture": "#2"},
				"south": {"uv": [10.25, 11.5, 10.375, 11.625], "texture": "#2"},
				"west": {"uv": [2.25, 8.25, 2.46875, 8.375], "texture": "#2"},
				"up": {"uv": [3.625, 8.71875, 3.5, 8.5], "texture": "#2"},
				"down": {"uv": [3.625, 8.75, 3.5, 8.96875], "texture": "#2"}
			}
		},
		{
			"from": [9.01745, 5.23416, -0.00394],
			"to": [9.69575, 5.91246, 1.217],
			"rotation": {"angle": 0, "axis": "y", "origin": [-2.8528, 0.01125, -2.8528]},
			"faces": {
				"north": {"uv": [10.5, 11.5, 10.625, 11.625], "texture": "#2"},
				"east": {"uv": [3.5, 9, 3.71875, 9.125], "texture": "#2"},
				"south": {"uv": [10.75, 11.5, 10.875, 11.625], "texture": "#2"},
				"west": {"uv": [9, 8, 9.21875, 8.125], "texture": "#2"},
				"up": {"uv": [9.125, 8.46875, 9, 8.25], "texture": "#2"},
				"down": {"uv": [5.125, 9.25, 5, 9.46875], "texture": "#2"}
			}
		},
		{
			"from": [7.66085, 5.23416, -0.00394],
			"to": [8.33915, 5.91246, 1.217],
			"rotation": {"angle": 0, "axis": "y", "origin": [-2.8528, 0.01125, -2.8528]},
			"faces": {
				"north": {"uv": [11, 11.5, 11.125, 11.625], "texture": "#2"},
				"east": {"uv": [9, 9.25, 9.21875, 9.375], "texture": "#2"},
				"south": {"uv": [11.25, 11.5, 11.375, 11.625], "texture": "#2"},
				"west": {"uv": [6.5, 9.5, 6.71875, 9.625], "texture": "#2"},
				"up": {"uv": [6.625, 9.96875, 6.5, 9.75], "texture": "#2"},
				"down": {"uv": [6.625, 10, 6.5, 10.21875], "texture": "#2"}
			}
		},
		{
			"from": [6.30425, 5.23416, -0.00394],
			"to": [6.98255, 5.91246, 1.217],
			"rotation": {"angle": 0, "axis": "y", "origin": [-2.8528, 0.01125, -2.8528]},
			"faces": {
				"north": {"uv": [11.5, 11.5, 11.625, 11.625], "texture": "#2"},
				"east": {"uv": [6.5, 10.25, 6.71875, 10.375], "texture": "#2"},
				"south": {"uv": [0, 11.75, 0.125, 11.875], "texture": "#2"},
				"west": {"uv": [6.5, 10.5, 6.71875, 10.625], "texture": "#2"},
				"up": {"uv": [8.875, 10.96875, 8.75, 10.75], "texture": "#2"},
				"down": {"uv": [11.625, 9, 11.5, 9.21875], "texture": "#2"}
			}
		},
		{
			"from": [4.94765, 5.23416, -0.00394],
			"to": [5.62595, 5.91246, 1.217],
			"rotation": {"angle": 0, "axis": "y", "origin": [-2.8528, 0.01125, -2.8528]},
			"faces": {
				"north": {"uv": [0.25, 11.75, 0.375, 11.875], "texture": "#2"},
				"east": {"uv": [11.5, 9.25, 11.71875, 9.375], "texture": "#2"},
				"south": {"uv": [0.5, 11.75, 0.625, 11.875], "texture": "#2"},
				"west": {"uv": [11.5, 9.5, 11.71875, 9.625], "texture": "#2"},
				"up": {"uv": [9.875, 11.71875, 9.75, 11.5], "texture": "#2"},
				"down": {"uv": [11.625, 9.75, 11.5, 9.96875], "texture": "#2"}
			}
		},
		{
			"from": [8.81396, 6.11595, 4.74416],
			"to": [15.59696, 11.54235, 11.25584],
			"rotation": {"angle": 45, "axis": "z", "origin": [14.783, 6.79425, 8]},
			"faces": {
				"north": {"uv": [7.5, 1, 8.75, 2], "texture": "#2"},
				"east": {"uv": [7.5, 2, 8.6875, 3], "texture": "#2"},
				"south": {"uv": [7.5, 0, 8.75, 1], "texture": "#2"},
				"west": {"uv": [2.5, 7.5, 3.6875, 8.5], "texture": "#2"},
				"up": {"uv": [1.1875, 8.25, 0, 7], "rotation": 90, "texture": "#2"},
				"down": {"uv": [2.4375, 7, 1.25, 8.25], "rotation": 270, "texture": "#2"}
			}
		},
		{
			"from": [9.05519, 2.82038, 4.67633],
			"to": [15.83819, 6.89018, 11.32367],
			"rotation": {"angle": 0, "axis": "y", "origin": [15.02423, 2.14208, 8]},
			"faces": {
				"north": {"uv": [6.75, 8.5, 8, 9.25], "texture": "#2"},
				"east": {"uv": [8.5, 7.25, 9.71875, 8], "texture": "#2"},
				"south": {"uv": [1.5, 8.5, 2.75, 9.25], "texture": "#2"},
				"west": {"uv": [8, 8.5, 9.21875, 9.25], "texture": "#2"},
				"up": {"uv": [6.71875, 7.75, 5.5, 6.5], "rotation": 90, "texture": "#2"},
				"down": {"uv": [7.96875, 6.5, 6.75, 7.75], "rotation": 270, "texture": "#2"}
			}
		},
		{
			"from": [14.783, 5.23416, 10.37405],
			"to": [16.00394, 5.91246, 11.05235],
			"rotation": {"angle": 0, "axis": "y", "origin": [18.8528, 0.01125, -2.8528]},
			"faces": {
				"north": {"uv": [2.25, 8.25, 2.46875, 8.375], "texture": "#2"},
				"east": {"uv": [10, 11.5, 10.125, 11.625], "texture": "#2"},
				"south": {"uv": [5.25, 7.5, 5.46875, 7.625], "texture": "#2"},
				"west": {"uv": [10.25, 11.5, 10.375, 11.625], "texture": "#2"},
				"up": {"uv": [3.625, 8.71875, 3.5, 8.5], "rotation": 90, "texture": "#2"},
				"down": {"uv": [3.625, 8.75, 3.5, 8.96875], "rotation": 270, "texture": "#2"}
			}
		},
		{
			"from": [14.783, 5.23416, 9.01745],
			"to": [16.00394, 5.91246, 9.69575],
			"rotation": {"angle": 0, "axis": "y", "origin": [18.8528, 0.01125, -2.8528]},
			"faces": {
				"north": {"uv": [9, 8, 9.21875, 8.125], "texture": "#2"},
				"east": {"uv": [10.5, 11.5, 10.625, 11.625], "texture": "#2"},
				"south": {"uv": [3.5, 9, 3.71875, 9.125], "texture": "#2"},
				"west": {"uv": [10.75, 11.5, 10.875, 11.625], "texture": "#2"},
				"up": {"uv": [9.125, 8.46875, 9, 8.25], "rotation": 90, "texture": "#2"},
				"down": {"uv": [5.125, 9.25, 5, 9.46875], "rotation": 270, "texture": "#2"}
			}
		},
		{
			"from": [14.783, 5.23416, 7.66085],
			"to": [16.00394, 5.91246, 8.33915],
			"rotation": {"angle": 0, "axis": "y", "origin": [18.8528, 0.01125, -2.8528]},
			"faces": {
				"north": {"uv": [6.5, 9.5, 6.71875, 9.625], "texture": "#2"},
				"east": {"uv": [11, 11.5, 11.125, 11.625], "texture": "#2"},
				"south": {"uv": [9, 9.25, 9.21875, 9.375], "texture": "#2"},
				"west": {"uv": [11.25, 11.5, 11.375, 11.625], "texture": "#2"},
				"up": {"uv": [6.625, 9.96875, 6.5, 9.75], "rotation": 90, "texture": "#2"},
				"down": {"uv": [6.625, 10, 6.5, 10.21875], "rotation": 270, "texture": "#2"}
			}
		},
		{
			"from": [14.783, 5.23416, 6.30425],
			"to": [16.00394, 5.91246, 6.98255],
			"rotation": {"angle": 0, "axis": "y", "origin": [18.8528, 0.01125, -2.8528]},
			"faces": {
				"north": {"uv": [6.5, 10.5, 6.71875, 10.625], "texture": "#2"},
				"east": {"uv": [11.5, 11.5, 11.625, 11.625], "texture": "#2"},
				"south": {"uv": [6.5, 10.25, 6.71875, 10.375], "texture": "#2"},
				"west": {"uv": [0, 11.75, 0.125, 11.875], "texture": "#2"},
				"up": {"uv": [8.875, 10.96875, 8.75, 10.75], "rotation": 90, "texture": "#2"},
				"down": {"uv": [11.625, 9, 11.5, 9.21875], "rotation": 270, "texture": "#2"}
			}
		},
		{
			"from": [14.783, 5.23416, 4.94765],
			"to": [16.00394, 5.91246, 5.62595],
			"rotation": {"angle": 0, "axis": "y", "origin": [18.8528, 0.01125, -2.8528]},
			"faces": {
				"north": {"uv": [11.5, 9.5, 11.71875, 9.625], "texture": "#2"},
				"east": {"uv": [0.25, 11.75, 0.375, 11.875], "texture": "#2"},
				"south": {"uv": [11.5, 9.25, 11.71875, 9.375], "texture": "#2"},
				"west": {"uv": [0.5, 11.75, 0.625, 11.875], "texture": "#2"},
				"up": {"uv": [9.875, 11.71875, 9.75, 11.5], "rotation": 90, "texture": "#2"},
				"down": {"uv": [11.625, 9.75, 11.5, 9.96875], "rotation": 270, "texture": "#2"}
			}
		},
		{
			"from": [4.74416, 6.11595, 8.81396],
			"to": [11.25584, 11.54235, 15.59696],
			"rotation": {"angle": -45, "axis": "x", "origin": [8, 6.79425, 14.783]},
			"faces": {
				"north": {"uv": [2.5, 7.5, 3.6875, 8.5], "texture": "#2"},
				"east": {"uv": [7.5, 1, 8.75, 2], "texture": "#2"},
				"south": {"uv": [7.5, 2, 8.6875, 3], "texture": "#2"},
				"west": {"uv": [7.5, 0, 8.75, 1], "texture": "#2"},
				"up": {"uv": [1.1875, 8.25, 0, 7], "rotation": 180, "texture": "#2"},
				"down": {"uv": [2.4375, 7, 1.25, 8.25], "rotation": 180, "texture": "#2"}
			}
		},
		{
			"from": [4.67633, 2.82038, 9.05519],
			"to": [11.32367, 6.89018, 15.83819],
			"rotation": {"angle": 0, "axis": "y", "origin": [8, 2.14208, 15.02423]},
			"faces": {
				"north": {"uv": [8, 8.5, 9.21875, 9.25], "texture": "#2"},
				"east": {"uv": [6.75, 8.5, 8, 9.25], "texture": "#2"},
				"south": {"uv": [8.5, 7.25, 9.71875, 8], "texture": "#2"},
				"west": {"uv": [1.5, 8.5, 2.75, 9.25], "texture": "#2"},
				"up": {"uv": [6.71875, 7.75, 5.5, 6.5], "rotation": 180, "texture": "#2"},
				"down": {"uv": [7.96875, 6.5, 6.75, 7.75], "rotation": 180, "texture": "#2"}
			}
		},
		{
			"from": [4.94765, 5.23416, 14.783],
			"to": [5.62595, 5.91246, 16.00394],
			"rotation": {"angle": 0, "axis": "y", "origin": [18.8528, 0.01125, 18.8528]},
			"faces": {
				"north": {"uv": [10.25, 11.5, 10.375, 11.625], "texture": "#2"},
				"east": {"uv": [2.25, 8.25, 2.46875, 8.375], "texture": "#2"},
				"south": {"uv": [10, 11.5, 10.125, 11.625], "texture": "#2"},
				"west": {"uv": [5.25, 7.5, 5.46875, 7.625], "texture": "#2"},
				"up": {"uv": [3.625, 8.71875, 3.5, 8.5], "rotation": 180, "texture": "#2"},
				"down": {"uv": [3.625, 8.75, 3.5, 8.96875], "rotation": 180, "texture": "#2"}
			}
		},
		{
			"from": [6.30425, 5.23416, 14.783],
			"to": [6.98255, 5.91246, 16.00394],
			"rotation": {"angle": 0, "axis": "y", "origin": [18.8528, 0.01125, 18.8528]},
			"faces": {
				"north": {"uv": [10.75, 11.5, 10.875, 11.625], "texture": "#2"},
				"east": {"uv": [9, 8, 9.21875, 8.125], "texture": "#2"},
				"south": {"uv": [10.5, 11.5, 10.625, 11.625], "texture": "#2"},
				"west": {"uv": [3.5, 9, 3.71875, 9.125], "texture": "#2"},
				"up": {"uv": [9.125, 8.46875, 9, 8.25], "rotation": 180, "texture": "#2"},
				"down": {"uv": [5.125, 9.25, 5, 9.46875], "rotation": 180, "texture": "#2"}
			}
		},
		{
			"from": [7.66085, 5.23416, 14.783],
			"to": [8.33915, 5.91246, 16.00394],
			"rotation": {"angle": 0, "axis": "y", "origin": [18.8528, 0.01125, 18.8528]},
			"faces": {
				"north": {"uv": [11.25, 11.5, 11.375, 11.625], "texture": "#2"},
				"east": {"uv": [6.5, 9.5, 6.71875, 9.625], "texture": "#2"},
				"south": {"uv": [11, 11.5, 11.125, 11.625], "texture": "#2"},
				"west": {"uv": [9, 9.25, 9.21875, 9.375], "texture": "#2"},
				"up": {"uv": [6.625, 9.96875, 6.5, 9.75], "rotation": 180, "texture": "#2"},
				"down": {"uv": [6.625, 10, 6.5, 10.21875], "rotation": 180, "texture": "#2"}
			}
		},
		{
			"from": [9.01745, 5.23416, 14.783],
			"to": [9.69575, 5.91246, 16.00394],
			"rotation": {"angle": 0, "axis": "y", "origin": [18.8528, 0.01125, 18.8528]},
			"faces": {
				"north": {"uv": [0, 11.75, 0.125, 11.875], "texture": "#2"},
				"east": {"uv": [6.5, 10.5, 6.71875, 10.625], "texture": "#2"},
				"south": {"uv": [11.5, 11.5, 11.625, 11.625], "texture": "#2"},
				"west": {"uv": [6.5, 10.25, 6.71875, 10.375], "texture": "#2"},
				"up": {"uv": [8.875, 10.96875, 8.75, 10.75], "rotation": 180, "texture": "#2"},
				"down": {"uv": [11.625, 9, 11.5, 9.21875], "rotation": 180, "texture": "#2"}
			}
		},
		{
			"from": [10.37405, 5.23416, 14.783],
			"to": [11.05235, 5.91246, 16.00394],
			"rotation": {"angle": 0, "axis": "y", "origin": [18.8528, 0.01125, 18.8528]},
			"faces": {
				"north": {"uv": [0.5, 11.75, 0.625, 11.875], "texture": "#2"},
				"east": {"uv": [11.5, 9.5, 11.71875, 9.625], "texture": "#2"},
				"south": {"uv": [0.25, 11.75, 0.375, 11.875], "texture": "#2"},
				"west": {"uv": [11.5, 9.25, 11.71875, 9.375], "texture": "#2"},
				"up": {"uv": [9.875, 11.71875, 9.75, 11.5], "rotation": 180, "texture": "#2"},
				"down": {"uv": [11.625, 9.75, 11.5, 9.96875], "rotation": 180, "texture": "#2"}
			}
		},
		{
			"from": [0.40304, 6.11595, 4.74416],
			"to": [7.18604, 11.54235, 11.25584],
			"rotation": {"angle": -45, "axis": "z", "origin": [1.217, 6.79425, 8]},
			"faces": {
				"north": {"uv": [7.5, 0, 8.75, 1], "texture": "#2"},
				"east": {"uv": [2.5, 7.5, 3.6875, 8.5], "texture": "#2"},
				"south": {"uv": [7.5, 1, 8.75, 2], "texture": "#2"},
				"west": {"uv": [7.5, 2, 8.6875, 3], "texture": "#2"},
				"up": {"uv": [1.1875, 8.25, 0, 7], "rotation": 270, "texture": "#2"},
				"down": {"uv": [2.4375, 7, 1.25, 8.25], "rotation": 90, "texture": "#2"}
			}
		},
		{
			"from": [0.16181, 2.82038, 4.67633],
			"to": [6.94481, 6.89018, 11.32367],
			"rotation": {"angle": 0, "axis": "y", "origin": [0.97577, 2.14208, 8]},
			"faces": {
				"north": {"uv": [1.5, 8.5, 2.75, 9.25], "texture": "#2"},
				"east": {"uv": [8, 8.5, 9.21875, 9.25], "texture": "#2"},
				"south": {"uv": [6.75, 8.5, 8, 9.25], "texture": "#2"},
				"west": {"uv": [8.5, 7.25, 9.71875, 8], "texture": "#2"},
				"up": {"uv": [6.71875, 7.75, 5.5, 6.5], "rotation": 270, "texture": "#2"},
				"down": {"uv": [7.96875, 6.5, 6.75, 7.75], "rotation": 90, "texture": "#2"}
			}
		},
		{
			"from": [-0.00394, 5.23416, 4.94765],
			"to": [1.217, 5.91246, 5.62595],
			"rotation": {"angle": 0, "axis": "y", "origin": [-2.8528, 0.01125, 18.8528]},
			"faces": {
				"north": {"uv": [5.25, 7.5, 5.46875, 7.625], "texture": "#2"},
				"east": {"uv": [10.25, 11.5, 10.375, 11.625], "texture": "#2"},
				"south": {"uv": [2.25, 8.25, 2.46875, 8.375], "texture": "#2"},
				"west": {"uv": [10, 11.5, 10.125, 11.625], "texture": "#2"},
				"up": {"uv": [3.625, 8.71875, 3.5, 8.5], "rotation": 270, "texture": "#2"},
				"down": {"uv": [3.625, 8.75, 3.5, 8.96875], "rotation": 90, "texture": "#2"}
			}
		},
		{
			"from": [-0.00394, 5.23416, 6.30425],
			"to": [1.217, 5.91246, 6.98255],
			"rotation": {"angle": 0, "axis": "y", "origin": [-2.8528, 0.01125, 18.8528]},
			"faces": {
				"north": {"uv": [3.5, 9, 3.71875, 9.125], "texture": "#2"},
				"east": {"uv": [10.75, 11.5, 10.875, 11.625], "texture": "#2"},
				"south": {"uv": [9, 8, 9.21875, 8.125], "texture": "#2"},
				"west": {"uv": [10.5, 11.5, 10.625, 11.625], "texture": "#2"},
				"up": {"uv": [9.125, 8.46875, 9, 8.25], "rotation": 270, "texture": "#2"},
				"down": {"uv": [5.125, 9.25, 5, 9.46875], "rotation": 90, "texture": "#2"}
			}
		},
		{
			"from": [-0.00394, 5.23416, 7.66085],
			"to": [1.217, 5.91246, 8.33915],
			"rotation": {"angle": 0, "axis": "y", "origin": [-2.8528, 0.01125, 18.8528]},
			"faces": {
				"north": {"uv": [9, 9.25, 9.21875, 9.375], "texture": "#2"},
				"east": {"uv": [11.25, 11.5, 11.375, 11.625], "texture": "#2"},
				"south": {"uv": [6.5, 9.5, 6.71875, 9.625], "texture": "#2"},
				"west": {"uv": [11, 11.5, 11.125, 11.625], "texture": "#2"},
				"up": {"uv": [6.625, 9.96875, 6.5, 9.75], "rotation": 270, "texture": "#2"},
				"down": {"uv": [6.625, 10, 6.5, 10.21875], "rotation": 90, "texture": "#2"}
			}
		},
		{
			"from": [-0.00394, 5.23416, 9.01745],
			"to": [1.217, 5.91246, 9.69575],
			"rotation": {"angle": 0, "axis": "y", "origin": [-2.8528, 0.01125, 18.8528]},
			"faces": {
				"north": {"uv": [6.5, 10.25, 6.71875, 10.375], "texture": "#2"},
				"east": {"uv": [0, 11.75, 0.125, 11.875], "texture": "#2"},
				"south": {"uv": [6.5, 10.5, 6.71875, 10.625], "texture": "#2"},
				"west": {"uv": [11.5, 11.5, 11.625, 11.625], "texture": "#2"},
				"up": {"uv": [8.875, 10.96875, 8.75, 10.75], "rotation": 270, "texture": "#2"},
				"down": {"uv": [11.625, 9, 11.5, 9.21875], "rotation": 90, "texture": "#2"}
			}
		},
		{
			"from": [-0.00394, 5.23416, 10.37405],
			"to": [1.217, 5.91246, 11.05235],
			"rotation": {"angle": 0, "axis": "y", "origin": [-2.8528, 0.01125, 18.8528]},
			"faces": {
				"north": {"uv": [11.5, 9.25, 11.71875, 9.375], "texture": "#2"},
				"east": {"uv": [0.5, 11.75, 0.625, 11.875], "texture": "#2"},
				"south": {"uv": [11.5, 9.5, 11.71875, 9.625], "texture": "#2"},
				"west": {"uv": [0.25, 11.75, 0.375, 11.875], "texture": "#2"},
				"up": {"uv": [9.875, 11.71875, 9.75, 11.5], "rotation": 270, "texture": "#2"},
				"down": {"uv": [11.625, 9.75, 11.5, 9.96875], "rotation": 90, "texture": "#2"}
			}
		}
	],
	"gui_light": "front",
	"display": {
		"thirdperson_righthand": {
			"rotation": [75, 45, 0],
			"translation": [0, 2.5, 0],
			"scale": [0.375, 0.375, 0.375]
		},
		"thirdperson_lefthand": {
			"rotation": [75, 45, 0],
			"translation": [0, 2.5, 0],
			"scale": [0.375, 0.375, 0.375]
		},
		"firstperson_righthand": {
			"rotation": [0, 45, 0],
			"scale": [0.4, 0.4, 0.4]
		},
		"firstperson_lefthand": {
			"rotation": [0, 225, 0],
			"scale": [0.4, 0.4, 0.4]
		},
		"ground": {
			"translation": [0, 2, 0],
			"scale": [0.5, 0.5, 0.5]
		},
		"gui": {
			"rotation": [30, 171, 0],
			"scale": [0.55, 0.55, 0.55]
		},
		"head": {
			"translation": [0, 13.5, 0]
		},
		"fixed": {
			"scale": [0.5, 0.5, 0.5]
		}
	}
}