{"textures":{"0":"item/mobs/scorpion/scorpion_king"},"elements":[{"from":[4.522809,5.714286,-3.0920544],"to":[10.808524,10.285714,8.336516],"rotation":{"angle":0.0,"axis":"y","origin":[23.860355,16.266434,14.038855]},"faces":{"east":{"uv":[6.8125,0.5625,8.0625,1.0625],"rotation":0,"texture":"#0","tintindex":0},"south":{"uv":[11.9375,2.5625,12.625,3.0625],"rotation":0,"texture":"#0","tintindex":0},"north":{"uv":[8.4375,0.0,9.125,0.5],"rotation":0,"texture":"#0","tintindex":0},"west":{"uv":[7.875,3.625,9.125,4.125],"rotation":0,"texture":"#0","tintindex":0},"up":{"uv":[6.0625,1.25,5.375,0.0],"rotation":0,"texture":"#0","tintindex":0},"down":{"uv":[6.0625,2.4375,5.375,3.6875],"rotation":0,"texture":"#0","tintindex":0}}}],"display":{"head":{"translation":[0.0,-6.4,0.0],"scale":[4.0,4.0,4.0]}}}