{"textures":{"0":"item/mobs/scorpion/scorpion_king"},"elements":[{"from":[4.285714,16.67629,5.792042],"to":[11.714286,28.104862,11.506328],"rotation":{"angle":22.5,"axis":"x","origin":[8.0,12.958846,-14.755177]},"faces":{"east":{"uv":[6.125,0.0,6.75,1.25],"rotation":0,"texture":"#0","tintindex":0},"south":{"uv":[1.3125,4.5,2.125,5.75],"rotation":0,"texture":"#0","tintindex":0},"north":{"uv":[4.5,0.0,5.3125,1.25],"rotation":0,"texture":"#0","tintindex":0},"west":{"uv":[6.125,2.125,6.75,3.375],"rotation":0,"texture":"#0","tintindex":0},"up":{"uv":[10.875,7.125,10.0625,6.5],"rotation":0,"texture":"#0","tintindex":0},"down":{"uv":[6.375,10.1875,5.5625,10.8125],"rotation":0,"texture":"#0","tintindex":0}}},{"from":[8.0,16.67629,0.07775593],"to":[8.0,28.104862,5.792042],"rotation":{"angle":22.5,"axis":"x","origin":[8.0,12.958846,-14.755177]},"faces":{"east":{"uv":[7.125,4.0,6.5,5.25],"rotation":0,"texture":"#0","tintindex":0},"south":{"uv":[1.5,13.75,1.5,15.0],"rotation":0,"texture":"#0","tintindex":0},"north":{"uv":[1.4375,13.75,1.4375,15.0],"rotation":0,"texture":"#0","tintindex":0},"west":{"uv":[6.5,4.0,7.125,5.25],"rotation":0,"texture":"#0","tintindex":0},"up":{"uv":[1.5625,14.375,1.5625,13.75],"rotation":0,"texture":"#0","tintindex":0},"down":{"uv":[10.5,13.75,10.5,14.375],"rotation":0,"texture":"#0","tintindex":0}}}],"display":{"head":{"translation":[0.0,-6.4,0.0],"scale":[4.0,4.0,4.0]}}}