{
	"credit": "Made by FeignedMars4438 (Aidennn#0682 on discord)",
	"texture_size": [32, 32],
	"textures": {
		"0": "item/furniture/camera/top",
		"particle": "item/furniture/camera/top"
	},
	"elements": [
		{
			"from": [6.5, 9, 3.725],
			"to": [9.5, 12, 13.725],
			"rotation": {"angle": 0, "axis": "y", "origin": [0, 9, -4.275]},
			"faces": {
				"north": {"uv": [7, 7, 8.5, 8.5], "texture": "#0"},
				"east": {"uv": [4, 0, 9, 1.5], "texture": "#0"},
				"south": {"uv": [3, 8, 4.5, 9.5], "texture": "#0"},
				"west": {"uv": [4, 1.5, 9, 3], "texture": "#0"},
				"up": {"uv": [5.5, 8, 4, 3], "texture": "#0"},
				"down": {"uv": [7, 3, 5.5, 8], "texture": "#0"}
			}
		},
		{
			"from": [7, 9.5, 6.775],
			"to": [9, 11.5, 7],
			"rotation": {"angle": 0, "axis": "y", "origin": [0, 9, -1]},
			"faces": {
				"north": {"uv": [3, 6.5, 4, 7.5], "texture": "#0"},
				"east": {"uv": [11.5, 0, 11.75, 1], "texture": "#0"},
				"south": {"uv": [9, 0, 10, 1], "texture": "#0"},
				"west": {"uv": [1, 11.5, 1.25, 12.5], "texture": "#0"},
				"up": {"uv": [4, 7.75, 3, 7.5], "texture": "#0"},
				"down": {"uv": [12.5, 1, 11.5, 1.25], "texture": "#0"}
			}
		},
		{
			"from": [6.25, 10.25, 3.725],
			"to": [6.5, 12, 13.725],
			"rotation": {"angle": 0, "axis": "y", "origin": [0, 9, -4.275]},
			"faces": {
				"north": {"uv": [1.5, 11.5, 1.75, 12.5], "texture": "#0"},
				"east": {"uv": [7, 3, 12, 4], "texture": "#0"},
				"south": {"uv": [11.5, 1.5, 11.75, 2.5], "texture": "#0"},
				"west": {"uv": [7, 4, 12, 5], "texture": "#0"},
				"up": {"uv": [4.75, 14, 4.5, 9], "texture": "#0"},
				"down": {"uv": [5.25, 9, 5, 14], "texture": "#0"}
			}
		},
		{
			"from": [9.5, 10.25, 3.725],
			"to": [9.75, 12, 13.725],
			"rotation": {"angle": 0, "axis": "y", "origin": [3.25, 9, -4.275]},
			"faces": {
				"north": {"uv": [2, 11.5, 2.25, 12.5], "texture": "#0"},
				"east": {"uv": [7, 5, 12, 6], "texture": "#0"},
				"south": {"uv": [3, 11.5, 3.25, 12.5], "texture": "#0"},
				"west": {"uv": [7, 6, 12, 7], "texture": "#0"},
				"up": {"uv": [5.75, 14, 5.5, 9], "texture": "#0"},
				"down": {"uv": [6.25, 9, 6, 14], "texture": "#0"}
			}
		},
		{
			"from": [6.25, 12, 3.725],
			"to": [9.75, 12.25, 16.725],
			"rotation": {"angle": 0, "axis": "y", "origin": [9.25, 5.75, -4.275]},
			"faces": {
				"north": {"uv": [9, 2.5, 10.75, 2.75], "texture": "#0"},
				"east": {"uv": [4.5, 8.5, 11, 8.75], "texture": "#0"},
				"south": {"uv": [8.5, 9, 10.25, 9.25], "texture": "#0"},
				"west": {"uv": [8.5, 7, 15, 7.25], "texture": "#0"},
				"up": {"uv": [1.75, 6.5, 0, 0], "texture": "#0"},
				"down": {"uv": [3.75, 0, 2, 6.5], "texture": "#0"}
			}
		},
		{
			"from": [9.5, 11.58903, 12.40892],
			"to": [9.725, 11.83903, 16.40892],
			"rotation": {"angle": -22.5, "axis": "x", "origin": [6.375, 12.58903, 15.53392]},
			"faces": {
				"north": {"uv": [10.5, 11.5, 10.75, 11.75], "texture": "#0"},
				"east": {"uv": [4.5, 8, 6.5, 8.25], "texture": "#0"},
				"south": {"uv": [11.5, 10.5, 11.75, 10.75], "texture": "#0"},
				"west": {"uv": [9, 1, 11, 1.25], "texture": "#0"},
				"up": {"uv": [6.75, 11, 6.5, 9], "texture": "#0"},
				"down": {"uv": [7.25, 9, 7, 11], "texture": "#0"}
			}
		},
		{
			"from": [9.5, 11.81403, 13.68392],
			"to": [9.725, 12.06403, 16.10892],
			"rotation": {"angle": 0, "axis": "y", "origin": [6.375, 12.58903, 15.53392]},
			"faces": {
				"north": {"uv": [11, 11.5, 11.25, 11.75], "texture": "#0"},
				"east": {"uv": [3, 9.5, 4.25, 9.75], "texture": "#0"},
				"south": {"uv": [11.5, 11.5, 11.75, 11.75], "texture": "#0"},
				"west": {"uv": [8.5, 9.5, 9.75, 9.75], "texture": "#0"},
				"up": {"uv": [3.25, 11.25, 3, 10], "texture": "#0"},
				"down": {"uv": [3.75, 10, 3.5, 11.25], "texture": "#0"}
			}
		},
		{
			"from": [9.5, 11.56403, 13.18392],
			"to": [9.725, 11.81403, 15.60892],
			"rotation": {"angle": 0, "axis": "y", "origin": [6.375, 12.58903, 15.53392]},
			"faces": {
				"north": {"uv": [12, 0, 12.25, 0.25], "texture": "#0"},
				"east": {"uv": [10, 0, 11.25, 0.25], "texture": "#0"},
				"south": {"uv": [12, 0.5, 12.25, 0.75], "texture": "#0"},
				"west": {"uv": [10, 0.5, 11.25, 0.75], "texture": "#0"},
				"up": {"uv": [4.25, 11.25, 4, 10], "texture": "#0"},
				"down": {"uv": [8.75, 10, 8.5, 11.25], "texture": "#0"}
			}
		},
		{
			"from": [9.5, 11.31403, 12.58392],
			"to": [9.725, 11.56403, 15.00892],
			"rotation": {"angle": 0, "axis": "y", "origin": [6.375, 12.58903, 15.53392]},
			"faces": {
				"north": {"uv": [12, 1.5, 12.25, 1.75], "texture": "#0"},
				"east": {"uv": [9, 10, 10.25, 10.25], "texture": "#0"},
				"south": {"uv": [12, 2, 12.25, 2.25], "texture": "#0"},
				"west": {"uv": [10, 9.5, 11.25, 9.75], "texture": "#0"},
				"up": {"uv": [9.25, 11.75, 9, 10.5], "texture": "#0"},
				"down": {"uv": [9.75, 10.5, 9.5, 11.75], "texture": "#0"}
			}
		},
		{
			"from": [9.5, 11.06403, 13.63392],
			"to": [9.725, 11.33903, 14.43392],
			"rotation": {"angle": 0, "axis": "y", "origin": [6.375, 12.58903, 15.53392]},
			"faces": {
				"north": {"uv": [12, 3, 12.25, 3.25], "texture": "#0"},
				"east": {"uv": [6.5, 8, 7, 8.25], "texture": "#0"},
				"south": {"uv": [3.5, 12, 3.75, 12.25], "texture": "#0"},
				"west": {"uv": [3.5, 11.5, 4, 11.75], "texture": "#0"},
				"up": {"uv": [4.25, 12, 4, 11.5], "texture": "#0"},
				"down": {"uv": [6.75, 11.5, 6.5, 12], "texture": "#0"}
			}
		},
		{
			"from": [9.5, 10.88903, 13.63392],
			"to": [9.725, 11.06403, 13.95892],
			"rotation": {"angle": 0, "axis": "y", "origin": [6.375, 12.58903, 15.53392]},
			"faces": {
				"north": {"uv": [12, 3.5, 12.25, 3.75], "texture": "#0"},
				"east": {"uv": [4, 12, 4.25, 12.25], "texture": "#0"},
				"south": {"uv": [12, 4, 12.25, 4.25], "texture": "#0"},
				"west": {"uv": [12, 4.5, 12.25, 4.75], "texture": "#0"},
				"up": {"uv": [12.25, 5.25, 12, 5], "texture": "#0"},
				"down": {"uv": [12.25, 5.5, 12, 5.75], "texture": "#0"}
			}
		},
		{
			"from": [6.275, 10.88903, 13.63392],
			"to": [6.5, 11.06403, 13.95892],
			"rotation": {"angle": 0, "axis": "y", "origin": [3.125, 12.58903, 15.53392]},
			"faces": {
				"north": {"uv": [12, 6, 12.25, 6.25], "texture": "#0"},
				"east": {"uv": [6.5, 12, 6.75, 12.25], "texture": "#0"},
				"south": {"uv": [12, 6.5, 12.25, 6.75], "texture": "#0"},
				"west": {"uv": [7, 12, 7.25, 12.25], "texture": "#0"},
				"up": {"uv": [7.75, 12.25, 7.5, 12], "texture": "#0"},
				"down": {"uv": [8.75, 12, 8.5, 12.25], "texture": "#0"}
			}
		},
		{
			"from": [6.275, 11.06403, 13.63392],
			"to": [6.5, 11.33903, 14.43392],
			"rotation": {"angle": 0, "axis": "y", "origin": [3.125, 12.58903, 15.53392]},
			"faces": {
				"north": {"uv": [9, 12, 9.25, 12.25], "texture": "#0"},
				"east": {"uv": [7, 11.5, 7.5, 11.75], "texture": "#0"},
				"south": {"uv": [12, 9, 12.25, 9.25], "texture": "#0"},
				"west": {"uv": [7.5, 11.5, 8, 11.75], "texture": "#0"},
				"up": {"uv": [8.75, 12, 8.5, 11.5], "texture": "#0"},
				"down": {"uv": [11.75, 9.5, 11.5, 10], "texture": "#0"}
			}
		},
		{
			"from": [6.275, 11.31403, 12.58392],
			"to": [6.5, 11.56403, 15.00892],
			"rotation": {"angle": 0, "axis": "y", "origin": [3.125, 12.58903, 15.53392]},
			"faces": {
				"north": {"uv": [9.5, 12, 9.75, 12.25], "texture": "#0"},
				"east": {"uv": [10.5, 9, 11.75, 9.25], "texture": "#0"},
				"south": {"uv": [12, 9.5, 12.25, 9.75], "texture": "#0"},
				"west": {"uv": [10, 10.5, 11.25, 10.75], "texture": "#0"},
				"up": {"uv": [0.25, 12.25, 0, 11], "texture": "#0"},
				"down": {"uv": [0.75, 11, 0.5, 12.25], "texture": "#0"}
			}
		},
		{
			"from": [6.275, 11.56403, 13.18392],
			"to": [6.5, 11.81403, 15.60892],
			"rotation": {"angle": 0, "axis": "y", "origin": [3.125, 12.58903, 15.53392]},
			"faces": {
				"north": {"uv": [12, 10, 12.25, 10.25], "texture": "#0"},
				"east": {"uv": [10.5, 10, 11.75, 10.25], "texture": "#0"},
				"south": {"uv": [10.5, 12, 10.75, 12.25], "texture": "#0"},
				"west": {"uv": [1, 11, 2.25, 11.25], "texture": "#0"},
				"up": {"uv": [11.25, 2.25, 11, 1], "texture": "#0"},
				"down": {"uv": [2.75, 11, 2.5, 12.25], "texture": "#0"}
			}
		},
		{
			"from": [6.275, 11.81403, 13.68392],
			"to": [6.5, 12.06403, 16.10892],
			"rotation": {"angle": 0, "axis": "y", "origin": [3.125, 12.58903, 15.53392]},
			"faces": {
				"north": {"uv": [12, 10.5, 12.25, 10.75], "texture": "#0"},
				"east": {"uv": [11, 2.5, 12.25, 2.75], "texture": "#0"},
				"south": {"uv": [11, 12, 11.25, 12.25], "texture": "#0"},
				"west": {"uv": [6.5, 11, 7.75, 11.25], "texture": "#0"},
				"up": {"uv": [8.25, 12.25, 8, 11], "texture": "#0"},
				"down": {"uv": [10.25, 11, 10, 12.25], "texture": "#0"}
			}
		},
		{
			"from": [6.275, 11.58903, 12.40892],
			"to": [6.5, 11.83903, 16.40892],
			"rotation": {"angle": -22.5, "axis": "x", "origin": [3.125, 12.58903, 15.53392]},
			"faces": {
				"north": {"uv": [12, 11, 12.25, 11.25], "texture": "#0"},
				"east": {"uv": [9, 1.5, 11, 1.75], "texture": "#0"},
				"south": {"uv": [11.5, 12, 11.75, 12.25], "texture": "#0"},
				"west": {"uv": [9, 2, 11, 2.25], "texture": "#0"},
				"up": {"uv": [7.75, 11, 7.5, 9], "texture": "#0"},
				"down": {"uv": [8.25, 9, 8, 11], "texture": "#0"}
			}
		},
		{
			"from": [6.75, 12.1, 5.725],
			"to": [9.25, 12.425, 14.725],
			"rotation": {"angle": 0, "axis": "y", "origin": [9.25, 5.75, -4.275]},
			"faces": {
				"north": {"uv": [11, 8.5, 12.25, 8.75], "texture": "#0"},
				"east": {"uv": [8.5, 7.5, 13, 7.75], "texture": "#0"},
				"south": {"uv": [10.5, 11, 11.75, 11.25], "texture": "#0"},
				"west": {"uv": [8.5, 8, 13, 8.25], "texture": "#0"},
				"up": {"uv": [1.25, 11, 0, 6.5], "texture": "#0"},
				"down": {"uv": [2.75, 6.5, 1.5, 11], "texture": "#0"}
			}
		},
		{
			"from": [7, 9.75, 3.5],
			"to": [9, 11.75, 4.25],
			"rotation": {"angle": 0, "axis": "y", "origin": [0, 0, -9]},
			"faces": {
				"north": {"uv": [4.5, 1.75, 5.5, 2.5], "texture": "#0"},
				"east": {"uv": [4.5, 1.75, 4.875, 2.5], "texture": "#0"},
				"south": {"uv": [4.5, 1.75, 5.5, 2.5], "texture": "#0"},
				"west": {"uv": [4.5, 1.75, 4.875, 2.5], "texture": "#0"},
				"up": {"uv": [4.5, 1.75, 5.5, 1.875], "texture": "#0"},
				"down": {"uv": [4.5, 1.75, 5.5, 1.875], "texture": "#0"}
			}
		}
	],
	"display": {
		"thirdperson_righthand": {
			"rotation": [0, 180, 0],
			"translation": [0, -2.75, 2]
		},
		"thirdperson_lefthand": {
			"rotation": [0, 180, 0],
			"translation": [0, -2.75, 2]
		},
		"firstperson_righthand": {
			"rotation": [0, -169, 0],
			"translation": [0, 0, 2]
		},
		"firstperson_lefthand": {
			"rotation": [0, -169, 0],
			"translation": [0, 0, 2]
		},
		"head": {
			"rotation": [0, 180, 0],
			"translation": [0, -4.5, -5.75],
			"scale": [2.28, 2.28, 2.28]
		}
	}
}