{
	"credit": "Made by FeignedMars4438 (Aidennn#0682 on discord)",
	"texture_size": [128, 128],
	"textures": {
		"0": "block/machines/fabricator/3dprint",
		"particle": "block/machines/fabricator/3dprint"
	},
	"elements": [
		{
			"from": [-0.27993, 0.0468, -1.75088],
			"to": [16.27993, 0.94193, 17.04681],
			"rotation": {"angle": 0, "axis": "y", "origin": [8, 12.78, 8]},
			"faces": {
				"north": {"uv": [4.75, 0.625, 7.0625, 0.75], "texture": "#0"},
				"east": {"uv": [4.5, 3.75, 7.125, 3.875], "texture": "#0"},
				"south": {"uv": [4.75, 0.5, 7.0625, 0.625], "texture": "#0"},
				"west": {"uv": [4.5, 3.625, 7.125, 3.75], "texture": "#0"},
				"up": {"uv": [2.3125, 2.625, 0, 0], "rotation": 180, "texture": "#0"},
				"down": {"uv": [4.6875, 0, 2.375, 2.625], "rotation": 180, "texture": "#0"}
			}
		},
		{
			"from": [0.83898, 0.94193, -1.75088],
			"to": [15.16102, 1.83706, -0.85575],
			"rotation": {"angle": 0, "axis": "y", "origin": [8, 12.78, 8]},
			"faces": {
				"north": {"uv": [4.75, 0.875, 6.75, 1], "texture": "#0"},
				"east": {"uv": [6.875, 7.75, 7, 7.875], "texture": "#0"},
				"south": {"uv": [4.75, 0.75, 6.75, 0.875], "texture": "#0"},
				"west": {"uv": [5.75, 7.75, 5.875, 7.875], "texture": "#0"},
				"up": {"uv": [6.75, 1.125, 4.75, 1], "rotation": 180, "texture": "#0"},
				"down": {"uv": [6.75, 1.125, 4.75, 1.25], "rotation": 180, "texture": "#0"}
			}
		},
		{
			"from": [2.62923, 1.83706, -1.75088],
			"to": [13.37077, 2.73219, -0.85575],
			"rotation": {"angle": 0, "axis": "y", "origin": [8, 12.78, 8]},
			"faces": {
				"north": {"uv": [4.75, 1.875, 6.25, 2], "texture": "#0"},
				"east": {"uv": [7.875, 0.875, 8, 1], "texture": "#0"},
				"south": {"uv": [4.75, 1.75, 6.25, 1.875], "texture": "#0"},
				"west": {"uv": [7.875, 0.75, 8, 0.875], "texture": "#0"},
				"up": {"uv": [6.25, 2.125, 4.75, 2], "rotation": 180, "texture": "#0"},
				"down": {"uv": [6.25, 2.125, 4.75, 2.25], "rotation": 180, "texture": "#0"}
			}
		},
		{
			"from": [2.62923, 1.83706, 16.15168],
			"to": [13.37077, 2.73219, 17.04681],
			"rotation": {"angle": 0, "axis": "y", "origin": [8, 12.78, 8]},
			"faces": {
				"north": {"uv": [4.75, 2.375, 6.25, 2.5], "texture": "#0"},
				"east": {"uv": [7.875, 1.125, 8, 1.25], "texture": "#0"},
				"south": {"uv": [4.75, 2.25, 6.25, 2.375], "texture": "#0"},
				"west": {"uv": [7.875, 1, 8, 1.125], "texture": "#0"},
				"up": {"uv": [6.25, 2.625, 4.75, 2.5], "rotation": 180, "texture": "#0"},
				"down": {"uv": [3.5, 4.875, 2, 5], "rotation": 180, "texture": "#0"}
			}
		},
		{
			"from": [0.83898, 0.94193, 16.15168],
			"to": [15.16102, 1.83706, 17.04681],
			"rotation": {"angle": 0, "axis": "y", "origin": [8, 12.78, 8]},
			"faces": {
				"north": {"uv": [4.75, 1.375, 6.75, 1.5], "texture": "#0"},
				"east": {"uv": [7.875, 1.375, 8, 1.5], "texture": "#0"},
				"south": {"uv": [4.75, 1.25, 6.75, 1.375], "texture": "#0"},
				"west": {"uv": [7.875, 1.25, 8, 1.375], "texture": "#0"},
				"up": {"uv": [6.75, 1.625, 4.75, 1.5], "rotation": 180, "texture": "#0"},
				"down": {"uv": [6.75, 1.625, 4.75, 1.75], "rotation": 180, "texture": "#0"}
			}
		},
		{
			"from": [1.7341, 0.0468, 16.15168],
			"to": [14.2659, 1.3895, 17.49438],
			"rotation": {"angle": 0, "axis": "y", "origin": [8, 12.78, 8]},
			"faces": {
				"north": {"uv": [4.75, 1.375, 6.75, 1.5], "texture": "#0"},
				"east": {"uv": [7.875, 1.375, 8, 1.5], "texture": "#0"},
				"south": {"uv": [4.75, 1.25, 6.75, 1.375], "texture": "#0"},
				"west": {"uv": [7.875, 1.25, 8, 1.375], "texture": "#0"},
				"up": {"uv": [6.75, 1.625, 4.75, 1.5], "rotation": 180, "texture": "#0"},
				"down": {"uv": [6.75, 1.625, 4.75, 1.75], "rotation": 180, "texture": "#0"}
			}
		},
		{
			"from": [1.7341, 0.0468, -2.19844],
			"to": [14.2659, 1.3895, -0.85575],
			"rotation": {"angle": 0, "axis": "y", "origin": [8, 12.78, 8]},
			"faces": {
				"north": {"uv": [4.75, 1.375, 6.75, 1.5], "texture": "#0"},
				"east": {"uv": [7.875, 1.375, 8, 1.5], "texture": "#0"},
				"south": {"uv": [4.75, 1.25, 6.75, 1.375], "texture": "#0"},
				"west": {"uv": [7.875, 1.25, 8, 1.375], "texture": "#0"},
				"up": {"uv": [6.75, 1.625, 4.75, 1.5], "rotation": 180, "texture": "#0"},
				"down": {"uv": [6.75, 1.625, 4.75, 1.75], "rotation": 180, "texture": "#0"}
			}
		},
		{
			"from": [0.39141, 0.94193, -0.85575],
			"to": [1.7341, 1.83706, 16.15168],
			"rotation": {"angle": 0, "axis": "y", "origin": [8, 12.78, 8]},
			"faces": {
				"north": {"uv": [7.625, 3.25, 7.8125, 3.375], "texture": "#0"},
				"east": {"uv": [4.75, 0.125, 7.125, 0.25], "texture": "#0"},
				"south": {"uv": [3.25, 4.75, 3.4375, 4.875], "texture": "#0"},
				"west": {"uv": [4.75, 0, 7.125, 0.125], "texture": "#0"},
				"up": {"uv": [1.1875, 6.75, 1, 4.375], "rotation": 180, "texture": "#0"},
				"down": {"uv": [1.4375, 4.375, 1.25, 6.75], "rotation": 180, "texture": "#0"}
			}
		},
		{
			"from": [14.2659, 0.94193, -0.85575],
			"to": [15.60859, 1.83706, 16.15168],
			"rotation": {"angle": 0, "axis": "y", "origin": [8, 12.78, 8]},
			"faces": {
				"north": {"uv": [3.375, 7.75, 3.5625, 7.875], "texture": "#0"},
				"east": {"uv": [4.75, 0.375, 7.125, 0.5], "texture": "#0"},
				"south": {"uv": [3.125, 7.75, 3.3125, 7.875], "texture": "#0"},
				"west": {"uv": [4.75, 0.25, 7.125, 0.375], "texture": "#0"},
				"up": {"uv": [1.6875, 6.75, 1.5, 4.375], "rotation": 180, "texture": "#0"},
				"down": {"uv": [1.9375, 4.375, 1.75, 6.75], "rotation": 180, "texture": "#0"}
			}
		},
		{
			"from": [14.4673, 0.94193, 5.18637],
			"to": [16.16804, 21.30609, 6.52906],
			"rotation": {"angle": 0, "axis": "y", "origin": [8, 12.78, 8]},
			"faces": {
				"north": {"uv": [3.75, 3.625, 4, 6.5], "texture": "#0"},
				"east": {"uv": [0.25, 4.375, 0.4375, 7.25], "texture": "#0"},
				"south": {"uv": [3.5, 3.625, 3.75, 6.5], "texture": "#0"},
				"west": {"uv": [0, 4.375, 0.1875, 7.25], "texture": "#0"},
				"up": {"uv": [6.5, 4.8125, 6.25, 4.625], "rotation": 180, "texture": "#0"},
				"down": {"uv": [7.625, 0.75, 7.375, 0.9375], "rotation": 180, "texture": "#0"}
			}
		},
		{
			"from": [14.4673, 9.89321, 6.75284],
			"to": [16.16804, 12.35481, 8.76688],
			"rotation": {"angle": 0, "axis": "y", "origin": [8, 12.78, 8]},
			"faces": {
				"north": {"uv": [6.25, 6, 6.5, 6.375], "texture": "#0"},
				"east": {"uv": [5.5, 6.125, 5.8125, 6.5], "texture": "#0"},
				"south": {"uv": [3.25, 4.375, 3.5, 4.75], "texture": "#0"},
				"west": {"uv": [5.875, 6, 6.1875, 6.375], "texture": "#0"},
				"up": {"uv": [4.375, 7.3125, 4.125, 7], "rotation": 180, "texture": "#0"},
				"down": {"uv": [5.75, 7, 5.5, 7.3125], "rotation": 180, "texture": "#0"}
			}
		},
		{
			"from": [7.30628, 10.11699, 6.75284],
			"to": [9.00702, 12.13103, 8.76688],
			"rotation": {"angle": 0, "axis": "y", "origin": [8, 12.78, 8]},
			"faces": {
				"north": {"uv": [7.125, 0, 7.375, 0.3125], "texture": "#0"},
				"east": {"uv": [6.25, 4.25, 6.5625, 4.5625], "texture": "#0"},
				"south": {"uv": [7, 6.875, 7.25, 7.1875], "texture": "#0"},
				"west": {"uv": [6.25, 3.875, 6.5625, 4.1875], "texture": "#0"},
				"up": {"uv": [7.375, 0.6875, 7.125, 0.375], "rotation": 180, "texture": "#0"},
				"down": {"uv": [7.375, 0.75, 7.125, 1.0625], "rotation": 180, "texture": "#0"}
			}
		},
		{
			"from": [7.53006, 9.89321, 6.97662],
			"to": [8.78324, 12.13103, 8.5431],
			"rotation": {"angle": 0, "axis": "y", "origin": [8, 12.78, 8]},
			"faces": {
				"north": {"uv": [7.375, 0, 7.5625, 0.3125], "texture": "#0"},
				"east": {"uv": [7.125, 3.125, 7.375, 3.4375], "texture": "#0"},
				"south": {"uv": [7, 7.25, 7.1875, 7.5625], "texture": "#0"},
				"west": {"uv": [7.125, 1.125, 7.375, 1.4375], "texture": "#0"},
				"up": {"uv": [7.5625, 2.5, 7.375, 2.25], "rotation": 180, "texture": "#0"},
				"down": {"uv": [7.5625, 3.125, 7.375, 3.375], "rotation": 180, "texture": "#0"}
			}
		},
		{
			"from": [7.75384, 9.66943, 7.2004],
			"to": [8.55946, 12.13103, 8.31931],
			"rotation": {"angle": 0, "axis": "y", "origin": [8, 12.78, 8]},
			"faces": {
				"north": {"uv": [4.125, 7.375, 4.25, 7.75], "texture": "#0"},
				"east": {"uv": [0.25, 7.25, 0.4375, 7.625], "texture": "#0"},
				"south": {"uv": [6.5, 6, 6.625, 6.375], "texture": "#0"},
				"west": {"uv": [0, 7.25, 0.1875, 7.625], "texture": "#0"},
				"up": {"uv": [7.625, 1.6875, 7.5, 1.5], "rotation": 180, "texture": "#0"},
				"down": {"uv": [4.25, 7.75, 4.125, 7.9375], "rotation": 180, "texture": "#0"}
			}
		},
		{
			"from": [7.97762, 7.20783, 7.58083],
			"to": [8.33567, 10.11699, 7.93888],
			"rotation": {"angle": 0, "axis": "y", "origin": [8, 12.78, 8]},
			"faces": {
				"north": {"uv": [7.75, 0.75, 7.8125, 1.1875], "texture": "#0"},
				"east": {"uv": [7.75, 1.25, 7.8125, 1.6875], "texture": "#0"},
				"south": {"uv": [0.5, 7.75, 0.5625, 8.1875], "texture": "#0"},
				"west": {"uv": [0.625, 7.75, 0.6875, 8.1875], "texture": "#0"},
				"up": {"uv": [2.9375, 8.3125, 2.875, 8.25], "rotation": 180, "texture": "#0"},
				"down": {"uv": [3.0625, 8.25, 3, 8.3125], "rotation": 180, "texture": "#0"}
			}
		},
		{
			"from": [1.48794, 21.52988, 7.13327],
			"to": [1.846, 24.88661, 7.49132],
			"rotation": {"angle": 0, "axis": "y", "origin": [8, 12.78, 8]},
			"faces": {
				"north": {"uv": [7.375, 7.625, 7.4375, 8.125], "texture": "#0"},
				"east": {"uv": [7.625, 7.625, 7.6875, 8.125], "texture": "#0"},
				"south": {"uv": [7.625, 4.375, 7.6875, 4.875], "texture": "#0"},
				"west": {"uv": [7.625, 6, 7.6875, 6.5], "texture": "#0"},
				"up": {"uv": [8.3125, 3.1875, 8.25, 3.125], "rotation": 180, "texture": "#0"},
				"down": {"uv": [3.3125, 8.25, 3.25, 8.3125], "rotation": 180, "texture": "#0"}
			}
		},
		{
			"from": [1.48794, 24.88661, 7.13327],
			"to": [4.84467, 25.24466, 7.49132],
			"rotation": {"angle": 0, "axis": "z", "origin": [8, 12.78, 8]},
			"faces": {
				"north": {"uv": [7.625, 2.375, 8.125, 2.4375], "texture": "#0"},
				"east": {"uv": [5.125, 8.25, 5.1875, 8.3125], "texture": "#0"},
				"south": {"uv": [7.625, 2.25, 8.125, 2.3125], "texture": "#0"},
				"west": {"uv": [8.25, 5, 8.3125, 5.0625], "texture": "#0"},
				"up": {"uv": [8.125, 2.5625, 7.625, 2.5], "rotation": 180, "texture": "#0"},
				"down": {"uv": [8.125, 3.125, 7.625, 3.1875], "rotation": 180, "texture": "#0"}
			}
		},
		{
			"from": [3.2782, 16.94711, -0.98861],
			"to": [3.63625, 19.85628, -0.63056],
			"rotation": {"angle": 45, "axis": "x", "origin": [8, 12.78, 8]},
			"faces": {
				"north": {"uv": [7.75, 1.75, 7.8125, 2.1875], "texture": "#0"},
				"east": {"uv": [3, 7.75, 3.0625, 8.1875], "texture": "#0"},
				"south": {"uv": [1.5, 7.75, 1.5625, 8.1875], "texture": "#0"},
				"west": {"uv": [1.625, 7.75, 1.6875, 8.1875], "texture": "#0"},
				"up": {"uv": [8.3125, 3.3125, 8.25, 3.25], "rotation": 180, "texture": "#0"},
				"down": {"uv": [3.4375, 8.25, 3.375, 8.3125], "rotation": 180, "texture": "#0"}
			}
		},
		{
			"from": [3.2782, 12.90744, 4.59069],
			"to": [3.63625, 22.0825, 4.94874],
			"rotation": {"angle": 0, "axis": "x", "origin": [8, 12.78, 8]},
			"faces": {
				"north": {"uv": [3.875, 7, 3.9375, 8.3125], "texture": "#0"},
				"east": {"uv": [4, 7, 4.0625, 8.3125], "texture": "#0"},
				"south": {"uv": [3.625, 7, 3.6875, 8.3125], "texture": "#0"},
				"west": {"uv": [3.75, 7, 3.8125, 8.3125], "texture": "#0"},
				"up": {"uv": [8.3125, 3.6875, 8.25, 3.625], "rotation": 180, "texture": "#0"},
				"down": {"uv": [8.3125, 3.75, 8.25, 3.8125], "rotation": 180, "texture": "#0"}
			}
		},
		{
			"from": [3.6864, 13.80957, 4.59069],
			"to": [4.04445, 14.7047, 4.94874],
			"rotation": {"angle": 22.5, "axis": "z", "origin": [8, 12.78, 8]},
			"faces": {
				"north": {"uv": [7.875, 8.125, 7.9375, 8.25], "texture": "#0"},
				"east": {"uv": [8.125, 7.875, 8.1875, 8], "texture": "#0"},
				"south": {"uv": [8.125, 7.625, 8.1875, 7.75], "texture": "#0"},
				"west": {"uv": [8.125, 7.75, 8.1875, 7.875], "texture": "#0"},
				"up": {"uv": [4.1875, 8.3125, 4.125, 8.25], "rotation": 180, "texture": "#0"},
				"down": {"uv": [8.3125, 4.125, 8.25, 4.1875], "rotation": 180, "texture": "#0"}
			}
		},
		{
			"from": [4.40875, 13.59169, 4.59069],
			"to": [4.7668, 15.38194, 4.94874],
			"rotation": {"angle": 45, "axis": "z", "origin": [8, 12.78, 8]},
			"faces": {
				"north": {"uv": [7.875, 2, 7.9375, 2.25], "texture": "#0"},
				"east": {"uv": [3.125, 7.875, 3.1875, 8.125], "texture": "#0"},
				"south": {"uv": [7.875, 1.5, 7.9375, 1.75], "texture": "#0"},
				"west": {"uv": [7.875, 1.75, 7.9375, 2], "texture": "#0"},
				"up": {"uv": [8.3125, 4.3125, 8.25, 4.25], "rotation": 180, "texture": "#0"},
				"down": {"uv": [4.4375, 8.25, 4.375, 8.3125], "rotation": 180, "texture": "#0"}
			}
		},
		{
			"from": [5.87579, 9.77273, 4.59069],
			"to": [7.66604, 10.13079, 4.94874],
			"rotation": {"angle": -22.5, "axis": "z", "origin": [8, 12.78, 8]},
			"faces": {
				"north": {"uv": [7.875, 3.25, 8.125, 3.3125], "texture": "#0"},
				"east": {"uv": [8.25, 4.5, 8.3125, 4.5625], "texture": "#0"},
				"south": {"uv": [3.25, 7.875, 3.5, 7.9375], "texture": "#0"},
				"west": {"uv": [4.5, 8.25, 4.5625, 8.3125], "texture": "#0"},
				"up": {"uv": [8.125, 3.4375, 7.875, 3.375], "rotation": 180, "texture": "#0"},
				"down": {"uv": [8.125, 5.75, 7.875, 5.8125], "rotation": 180, "texture": "#0"}
			}
		},
		{
			"from": [5.34703, 10.12945, 5.40868],
			"to": [7.13729, 10.4875, 5.76673],
			"rotation": {"angle": -22.5, "axis": "y", "origin": [8, 12.78, 8]},
			"faces": {
				"north": {"uv": [7.75, 7.875, 8, 7.9375], "texture": "#0"},
				"east": {"uv": [8.25, 4.625, 8.3125, 4.6875], "texture": "#0"},
				"south": {"uv": [7.875, 5.875, 8.125, 5.9375], "texture": "#0"},
				"west": {"uv": [4.625, 8.25, 4.6875, 8.3125], "texture": "#0"},
				"up": {"uv": [8.25, 0.8125, 8, 0.75], "rotation": 180, "texture": "#0"},
				"down": {"uv": [8.25, 0.875, 8, 0.9375], "rotation": 180, "texture": "#0"}
			}
		},
		{
			"from": [6.2113, 10.12945, 5.93608],
			"to": [7.10643, 10.4875, 6.29413],
			"rotation": {"angle": -45, "axis": "y", "origin": [8, 12.78, 8]},
			"faces": {
				"north": {"uv": [8.125, 8, 8.25, 8.0625], "texture": "#0"},
				"east": {"uv": [4.875, 8.25, 4.9375, 8.3125], "texture": "#0"},
				"south": {"uv": [8, 8.125, 8.125, 8.1875], "texture": "#0"},
				"west": {"uv": [8.25, 4.75, 8.3125, 4.8125], "texture": "#0"},
				"up": {"uv": [8.25, 8.1875, 8.125, 8.125], "rotation": 180, "texture": "#0"},
				"down": {"uv": [0.625, 8.25, 0.5, 8.3125], "rotation": 180, "texture": "#0"}
			}
		},
		{
			"from": [9.20681, 10.12945, 6.38462],
			"to": [9.56486, 10.4875, 7.27975],
			"rotation": {"angle": 22.5, "axis": "y", "origin": [8, 12.78, 8]},
			"faces": {
				"north": {"uv": [5, 8.25, 5.0625, 8.3125], "texture": "#0"},
				"east": {"uv": [0.75, 8.25, 0.875, 8.3125], "texture": "#0"},
				"south": {"uv": [8.25, 4.875, 8.3125, 4.9375], "texture": "#0"},
				"west": {"uv": [0.625, 8.25, 0.75, 8.3125], "texture": "#0"},
				"up": {"uv": [8.3125, 0.875, 8.25, 0.75], "rotation": 180, "texture": "#0"},
				"down": {"uv": [0.9375, 8.25, 0.875, 8.375], "rotation": 180, "texture": "#0"}
			}
		},
		{
			"from": [8.23918, 10.12945, 6.38418],
			"to": [8.59723, 10.4875, 7.27931],
			"rotation": {"angle": -22.5, "axis": "y", "origin": [8, 12.78, 8]},
			"faces": {
				"north": {"uv": [5.25, 8.25, 5.3125, 8.3125], "texture": "#0"},
				"east": {"uv": [1, 8.25, 1.125, 8.3125], "texture": "#0"},
				"south": {"uv": [8.25, 5.125, 8.3125, 5.1875], "texture": "#0"},
				"west": {"uv": [8.25, 0.875, 8.375, 0.9375], "texture": "#0"},
				"up": {"uv": [8.3125, 1.125, 8.25, 1], "rotation": 180, "texture": "#0"},
				"down": {"uv": [1.1875, 8.25, 1.125, 8.375], "rotation": 180, "texture": "#0"}
			}
		},
		{
			"from": [-0.16804, 9.89321, 6.75284],
			"to": [1.5327, 12.35481, 8.76688],
			"rotation": {"angle": 0, "axis": "y", "origin": [8, 12.78, 8]},
			"faces": {
				"north": {"uv": [6.125, 6.375, 6.375, 6.75], "texture": "#0"},
				"east": {"uv": [6.25, 2.125, 6.5625, 2.5], "texture": "#0"},
				"south": {"uv": [5.875, 6.375, 6.125, 6.75], "texture": "#0"},
				"west": {"uv": [6.25, 1.75, 6.5625, 2.125], "texture": "#0"},
				"up": {"uv": [7.25, 6.8125, 7, 6.5], "rotation": 180, "texture": "#0"},
				"down": {"uv": [6.875, 7, 6.625, 7.3125], "rotation": 180, "texture": "#0"}
			}
		},
		{
			"from": [13.57217, 21.30609, 5.18637],
			"to": [16.25756, 21.75366, 8.76688],
			"rotation": {"angle": 0, "axis": "y", "origin": [8, 12.78, 8]},
			"faces": {
				"north": {"uv": [7.75, 3.625, 8.125, 3.6875], "texture": "#0"},
				"east": {"uv": [7.625, 0, 8.125, 0.0625], "texture": "#0"},
				"south": {"uv": [7.75, 3.5, 8.125, 3.5625], "texture": "#0"},
				"west": {"uv": [7.375, 3.375, 7.875, 3.4375], "texture": "#0"},
				"up": {"uv": [3.25, 4.875, 2.875, 4.375], "rotation": 180, "texture": "#0"},
				"down": {"uv": [4.875, 4.875, 4.5, 5.375], "rotation": 180, "texture": "#0"}
			}
		},
		{
			"from": [-0.16804, 21.30609, 5.18637],
			"to": [14.06449, 21.75366, 8.76688],
			"rotation": {"angle": 0, "axis": "y", "origin": [8, 12.78, 8]},
			"faces": {
				"north": {"uv": [5.875, 5.875, 7.875, 5.9375], "texture": "#0"},
				"east": {"uv": [7.625, 0.25, 8.125, 0.3125], "texture": "#0"},
				"south": {"uv": [5.875, 5.75, 7.875, 5.8125], "texture": "#0"},
				"west": {"uv": [7.625, 0.125, 8.125, 0.1875], "texture": "#0"},
				"up": {"uv": [5.5, 3.125, 3.5, 2.625], "rotation": 180, "texture": "#0"},
				"down": {"uv": [5.5, 3.125, 3.5, 3.625], "rotation": 180, "texture": "#0"}
			}
		},
		{
			"from": [13.57217, 1.61328, 6.4843],
			"to": [16.16804, 2.06084, 9.16969],
			"rotation": {"angle": 0, "axis": "y", "origin": [8, 12.78, 8]},
			"faces": {
				"north": {"uv": [7.75, 4.5, 8.125, 4.5625], "texture": "#0"},
				"east": {"uv": [7.75, 4.625, 8.125, 4.6875], "texture": "#0"},
				"south": {"uv": [7.75, 4.25, 8.125, 4.3125], "texture": "#0"},
				"west": {"uv": [7.75, 4.375, 8.125, 4.4375], "texture": "#0"},
				"up": {"uv": [5.875, 6.125, 5.5, 5.75], "rotation": 180, "texture": "#0"},
				"down": {"uv": [6.25, 3.125, 5.875, 3.5], "rotation": 180, "texture": "#0"}
			}
		},
		{
			"from": [-0.16804, 1.61328, 6.4843],
			"to": [2.42783, 2.06084, 9.16969],
			"rotation": {"angle": 0, "axis": "y", "origin": [8, 12.78, 8]},
			"faces": {
				"north": {"uv": [7.75, 4, 8.125, 4.0625], "texture": "#0"},
				"east": {"uv": [7.75, 4.125, 8.125, 4.1875], "texture": "#0"},
				"south": {"uv": [7.75, 3.75, 8.125, 3.8125], "texture": "#0"},
				"west": {"uv": [7.75, 3.875, 8.125, 3.9375], "texture": "#0"},
				"up": {"uv": [5.875, 3.5, 5.5, 3.125], "rotation": 180, "texture": "#0"},
				"down": {"uv": [5.875, 5.375, 5.5, 5.75], "rotation": 180, "texture": "#0"}
			}
		},
		{
			"from": [-0.16804, 0.94193, 5.18637],
			"to": [1.5327, 21.30609, 6.52906],
			"rotation": {"angle": 0, "axis": "y", "origin": [8, 12.78, 8]},
			"faces": {
				"north": {"uv": [4.25, 3.625, 4.5, 6.5], "texture": "#0"},
				"east": {"uv": [0.75, 4.375, 0.9375, 7.25], "texture": "#0"},
				"south": {"uv": [4, 3.625, 4.25, 6.5], "texture": "#0"},
				"west": {"uv": [0.5, 4.375, 0.6875, 7.25], "texture": "#0"},
				"up": {"uv": [7.625, 1.1875, 7.375, 1], "rotation": 180, "texture": "#0"},
				"down": {"uv": [7.625, 1.25, 7.375, 1.4375], "rotation": 180, "texture": "#0"}
			}
		},
		{
			"from": [3.7929, 2.1056, -0.85575],
			"to": [4.15095, 2.46365, 16.37547],
			"rotation": {"angle": 0, "axis": "y", "origin": [8, 12.78, 8]},
			"faces": {
				"north": {"uv": [1.25, 8.25, 1.3125, 8.3125], "texture": "#0"},
				"east": {"uv": [5.5, 2.75, 7.9375, 2.8125], "texture": "#0"},
				"south": {"uv": [8.25, 1.125, 8.3125, 1.1875], "texture": "#0"},
				"west": {"uv": [5.5, 2.625, 7.9375, 2.6875], "texture": "#0"},
				"up": {"uv": [2.5625, 7.9375, 2.5, 5.5], "rotation": 180, "texture": "#0"},
				"down": {"uv": [2.6875, 5.5, 2.625, 7.9375], "rotation": 180, "texture": "#0"}
			}
		},
		{
			"from": [3.72576, 2.1056, 11.94458],
			"to": [4.21808, 3.35878, 12.52642],
			"rotation": {"angle": 0, "axis": "y", "origin": [8, 12.78, 8]},
			"faces": {
				"north": {"uv": [2.5, 8, 2.5625, 8.1875], "texture": "#0"},
				"east": {"uv": [2.625, 8, 2.6875, 8.1875], "texture": "#0"},
				"south": {"uv": [8, 1.75, 8.0625, 1.9375], "texture": "#0"},
				"west": {"uv": [8, 2, 8.0625, 2.1875], "texture": "#0"},
				"up": {"uv": [8.3125, 1.3125, 8.25, 1.25], "rotation": 180, "texture": "#0"},
				"down": {"uv": [1.4375, 8.25, 1.375, 8.3125], "rotation": 180, "texture": "#0"}
			}
		},
		{
			"from": [11.78192, 2.1056, 11.94458],
			"to": [12.27424, 3.35878, 12.52642],
			"rotation": {"angle": 0, "axis": "y", "origin": [8, 12.78, 8]},
			"faces": {
				"north": {"uv": [2.875, 8, 2.9375, 8.1875], "texture": "#0"},
				"east": {"uv": [8, 2.875, 8.0625, 3.0625], "texture": "#0"},
				"south": {"uv": [8, 2.625, 8.0625, 2.8125], "texture": "#0"},
				"west": {"uv": [2.75, 8, 2.8125, 8.1875], "texture": "#0"},
				"up": {"uv": [8.3125, 1.4375, 8.25, 1.375], "rotation": 180, "texture": "#0"},
				"down": {"uv": [1.5625, 8.25, 1.5, 8.3125], "rotation": 180, "texture": "#0"}
			}
		},
		{
			"from": [3.72576, 2.1056, 2.09817],
			"to": [4.21808, 3.35878, 2.68001],
			"rotation": {"angle": 0, "axis": "y", "origin": [8, 12.78, 8]},
			"faces": {
				"north": {"uv": [8, 6.75, 8.0625, 6.9375], "texture": "#0"},
				"east": {"uv": [8, 7, 8.0625, 7.1875], "texture": "#0"},
				"south": {"uv": [8, 6.25, 8.0625, 6.4375], "texture": "#0"},
				"west": {"uv": [8, 6.5, 8.0625, 6.6875], "texture": "#0"},
				"up": {"uv": [1.9375, 8.3125, 1.875, 8.25], "rotation": 180, "texture": "#0"},
				"down": {"uv": [8.3125, 1.875, 8.25, 1.9375], "rotation": 180, "texture": "#0"}
			}
		},
		{
			"from": [11.78192, 2.1056, 2.09817],
			"to": [12.27424, 3.35878, 2.68001],
			"rotation": {"angle": 0, "axis": "y", "origin": [8, 12.78, 8]},
			"faces": {
				"north": {"uv": [4.125, 8, 4.1875, 8.1875], "texture": "#0"},
				"east": {"uv": [8, 6, 8.0625, 6.1875], "texture": "#0"},
				"south": {"uv": [3.25, 8, 3.3125, 8.1875], "texture": "#0"},
				"west": {"uv": [3.375, 8, 3.4375, 8.1875], "texture": "#0"},
				"up": {"uv": [1.8125, 8.3125, 1.75, 8.25], "rotation": 180, "texture": "#0"},
				"down": {"uv": [8.3125, 1.75, 8.25, 1.8125], "rotation": 180, "texture": "#0"}
			}
		},
		{
			"from": [11.84905, 2.1056, -0.85575],
			"to": [12.2071, 2.46365, 16.37547],
			"rotation": {"angle": 0, "axis": "y", "origin": [8, 12.78, 8]},
			"faces": {
				"north": {"uv": [8.25, 1.625, 8.3125, 1.6875], "texture": "#0"},
				"east": {"uv": [5.5, 3, 7.9375, 3.0625], "texture": "#0"},
				"south": {"uv": [1.625, 8.25, 1.6875, 8.3125], "texture": "#0"},
				"west": {"uv": [5.5, 2.875, 7.9375, 2.9375], "texture": "#0"},
				"up": {"uv": [2.8125, 7.9375, 2.75, 5.5], "rotation": 180, "texture": "#0"},
				"down": {"uv": [2.9375, 5.5, 2.875, 7.9375], "rotation": 180, "texture": "#0"}
			}
		},
		{
			"from": [15.20578, 1.83706, 7.02138],
			"to": [15.56383, 21.30609, 7.37943],
			"rotation": {"angle": 0, "axis": "x", "origin": [8, 12.78, 8]},
			"faces": {
				"north": {"uv": [3.25, 5, 3.3125, 7.75], "texture": "#0"},
				"east": {"uv": [3.375, 5, 3.4375, 7.75], "texture": "#0"},
				"south": {"uv": [3, 5, 3.0625, 7.75], "texture": "#0"},
				"west": {"uv": [3.125, 5, 3.1875, 7.75], "texture": "#0"},
				"up": {"uv": [2.0625, 8.3125, 2, 8.25], "rotation": 180, "texture": "#0"},
				"down": {"uv": [8.3125, 2, 8.25, 2.0625], "rotation": 180, "texture": "#0"}
			}
		},
		{
			"from": [0.43617, 1.83706, 7.02138],
			"to": [0.79422, 21.30609, 7.37943],
			"rotation": {"angle": 0, "axis": "x", "origin": [8, 12.78, 8]},
			"faces": {
				"north": {"uv": [4.75, 5.375, 4.8125, 8.125], "texture": "#0"},
				"east": {"uv": [4.875, 5.375, 4.9375, 8.125], "texture": "#0"},
				"south": {"uv": [4.5, 5.375, 4.5625, 8.125], "texture": "#0"},
				"west": {"uv": [4.625, 5.375, 4.6875, 8.125], "texture": "#0"},
				"up": {"uv": [2.1875, 8.3125, 2.125, 8.25], "rotation": 180, "texture": "#0"},
				"down": {"uv": [2.3125, 8.25, 2.25, 8.3125], "rotation": 180, "texture": "#0"}
			}
		},
		{
			"from": [0.43617, 1.83706, 8.14029],
			"to": [0.79422, 21.30609, 8.49834],
			"rotation": {"angle": 0, "axis": "x", "origin": [8, 12.78, 8]},
			"faces": {
				"north": {"uv": [2.25, 5.5, 2.3125, 8.25], "texture": "#0"},
				"east": {"uv": [2.375, 5.5, 2.4375, 8.25], "texture": "#0"},
				"south": {"uv": [2, 5.5, 2.0625, 8.25], "texture": "#0"},
				"west": {"uv": [2.125, 5.5, 2.1875, 8.25], "texture": "#0"},
				"up": {"uv": [2.5625, 8.3125, 2.5, 8.25], "rotation": 180, "texture": "#0"},
				"down": {"uv": [8.3125, 2.5, 8.25, 2.5625], "rotation": 180, "texture": "#0"}
			}
		},
		{
			"from": [0.16763, 11.05688, 8.14029],
			"to": [15.60859, 11.41493, 8.49834],
			"rotation": {"angle": 0, "axis": "z", "origin": [8, 12.78, 8]},
			"faces": {
				"north": {"uv": [5.875, 5.375, 8.0625, 5.4375], "texture": "#0"},
				"east": {"uv": [8.25, 2.75, 8.3125, 2.8125], "texture": "#0"},
				"south": {"uv": [5.875, 5.25, 8.0625, 5.3125], "texture": "#0"},
				"west": {"uv": [2.75, 8.25, 2.8125, 8.3125], "texture": "#0"},
				"up": {"uv": [8.0625, 5.5625, 5.875, 5.5], "rotation": 180, "texture": "#0"},
				"down": {"uv": [8.0625, 5.625, 5.875, 5.6875], "rotation": 180, "texture": "#0"}
			}
		},
		{
			"from": [0.16763, 11.05688, 7.02138],
			"to": [15.60859, 11.41493, 7.37943],
			"rotation": {"angle": 0, "axis": "z", "origin": [8, 12.78, 8]},
			"faces": {
				"north": {"uv": [5.875, 4.875, 8.0625, 4.9375], "texture": "#0"},
				"east": {"uv": [8.25, 2.625, 8.3125, 2.6875], "texture": "#0"},
				"south": {"uv": [5.5, 3.5, 7.6875, 3.5625], "texture": "#0"},
				"west": {"uv": [2.625, 8.25, 2.6875, 8.3125], "texture": "#0"},
				"up": {"uv": [8.0625, 5.0625, 5.875, 5], "rotation": 180, "texture": "#0"},
				"down": {"uv": [8.0625, 5.125, 5.875, 5.1875], "rotation": 180, "texture": "#0"}
			}
		},
		{
			"from": [15.20578, 1.83706, 8.14029],
			"to": [15.56383, 21.30609, 8.49834],
			"rotation": {"angle": 0, "axis": "x", "origin": [8, 12.78, 8]},
			"faces": {
				"north": {"uv": [5.25, 5.375, 5.3125, 8.125], "texture": "#0"},
				"east": {"uv": [5.375, 5.375, 5.4375, 8.125], "texture": "#0"},
				"south": {"uv": [5, 5.375, 5.0625, 8.125], "texture": "#0"},
				"west": {"uv": [5.125, 5.375, 5.1875, 8.125], "texture": "#0"},
				"up": {"uv": [2.4375, 8.3125, 2.375, 8.25], "rotation": 180, "texture": "#0"},
				"down": {"uv": [8.3125, 2.375, 8.25, 2.4375], "rotation": 180, "texture": "#0"}
			}
		},
		{
			"from": [1.7341, 2.79932, 0.93451],
			"to": [14.2659, 4.00775, 13.4663],
			"rotation": {"angle": 0, "axis": "y", "origin": [8, 12.78, 8]},
			"faces": {
				"north": {"uv": [4.5, 4.375, 6.25, 4.5625], "texture": "#0"},
				"east": {"uv": [4.5, 4.625, 6.25, 4.8125], "texture": "#0"},
				"south": {"uv": [4.5, 3.875, 6.25, 4.0625], "texture": "#0"},
				"west": {"uv": [4.5, 4.125, 6.25, 4.3125], "texture": "#0"},
				"up": {"uv": [1.75, 4.375, 0, 2.625], "rotation": 180, "texture": "#0"},
				"down": {"uv": [3.5, 2.625, 1.75, 4.375], "rotation": 180, "texture": "#0"}
			}
		},
		{
			"from": [4.86705, -2.09877, 11.44256],
			"to": [11.13295, -0.30851, 12.53909],
			"rotation": {"angle": -22.5, "axis": "x", "origin": [8, 12.78, 8]},
			"faces": {
				"north": {"uv": [2, 4.625, 2.875, 4.875], "texture": "#0"},
				"east": {"uv": [7, 3.25, 7.125, 3.5], "texture": "#0"},
				"south": {"uv": [2, 4.375, 2.875, 4.625], "texture": "#0"},
				"west": {"uv": [6.5, 4.625, 6.625, 4.875], "texture": "#0"},
				"up": {"uv": [7.125, 2.625, 6.25, 2.5], "rotation": 180, "texture": "#0"},
				"down": {"uv": [7.125, 3.125, 6.25, 3.25], "rotation": 180, "texture": "#0"}
			}
		},
		{
			"from": [4.64327, -2.32255, 11.44256],
			"to": [11.35673, -2.09877, 12.76287],
			"rotation": {"angle": -22.5, "axis": "x", "origin": [8, 12.78, 8]},
			"faces": {
				"north": {"uv": [0.5, 7.375, 1.4375, 7.4375], "texture": "#0"},
				"east": {"uv": [7.875, 8, 8.0625, 8.0625], "texture": "#0"},
				"south": {"uv": [7.375, 0.375, 8.3125, 0.4375], "texture": "#0"},
				"west": {"uv": [8, 4.75, 8.1875, 4.8125], "texture": "#0"},
				"up": {"uv": [5.8125, 5.0625, 4.875, 4.875], "rotation": 180, "texture": "#0"},
				"down": {"uv": [2.9375, 5, 2, 5.1875], "rotation": 180, "texture": "#0"}
			}
		},
		{
			"from": [4.64327, -0.5323, 11.44256],
			"to": [11.35673, -0.30851, 12.76287],
			"rotation": {"angle": -22.5, "axis": "x", "origin": [8, 12.78, 8]},
			"faces": {
				"north": {"uv": [7.375, 0.625, 8.3125, 0.6875], "texture": "#0"},
				"east": {"uv": [8.125, 0.125, 8.3125, 0.1875], "texture": "#0"},
				"south": {"uv": [7.375, 0.5, 8.3125, 0.5625], "texture": "#0"},
				"west": {"uv": [8.125, 0, 8.3125, 0.0625], "texture": "#0"},
				"up": {"uv": [5.8125, 5.3125, 4.875, 5.125], "rotation": 180, "texture": "#0"},
				"down": {"uv": [2.9375, 5.25, 2, 5.4375], "rotation": 180, "texture": "#0"}
			}
		},
		{
			"from": [4.64327, -2.09877, 11.44256],
			"to": [4.86705, -0.30851, 12.76287],
			"rotation": {"angle": -22.5, "axis": "x", "origin": [8, 12.78, 8]},
			"faces": {
				"north": {"uv": [5.75, 7.875, 5.8125, 8.125], "texture": "#0"},
				"east": {"uv": [6.625, 7.375, 6.8125, 7.625], "texture": "#0"},
				"south": {"uv": [3.5, 7.875, 3.5625, 8.125], "texture": "#0"},
				"west": {"uv": [5.5, 7.375, 5.6875, 7.625], "texture": "#0"},
				"up": {"uv": [8.0625, 7.4375, 8, 7.25], "rotation": 180, "texture": "#0"},
				"down": {"uv": [8.0625, 7.5, 8, 7.6875], "rotation": 180, "texture": "#0"}
			}
		},
		{
			"from": [11.13295, -2.09877, 11.44256],
			"to": [11.35673, -0.30851, 12.76287],
			"rotation": {"angle": -22.5, "axis": "x", "origin": [8, 12.78, 8]},
			"faces": {
				"north": {"uv": [8, 1, 8.0625, 1.25], "texture": "#0"},
				"east": {"uv": [7.375, 7.125, 7.5625, 7.375], "texture": "#0"},
				"south": {"uv": [6.875, 7.875, 6.9375, 8.125], "texture": "#0"},
				"west": {"uv": [7.375, 6.875, 7.5625, 7.125], "texture": "#0"},
				"up": {"uv": [7.8125, 8.1875, 7.75, 8], "rotation": 180, "texture": "#0"},
				"down": {"uv": [8.0625, 7.75, 8, 7.9375], "rotation": 180, "texture": "#0"}
			}
		},
		{
			"from": [9.34269, -2.09877, 11.44256],
			"to": [9.56647, -0.30851, 12.76287],
			"rotation": {"angle": -22.5, "axis": "x", "origin": [8, 12.78, 8]},
			"faces": {
				"north": {"uv": [8, 1.5, 8.0625, 1.75], "texture": "#0"},
				"east": {"uv": [0.5, 7.5, 0.6875, 7.75], "texture": "#0"},
				"south": {"uv": [8, 1.25, 8.0625, 1.5], "texture": "#0"},
				"west": {"uv": [7.25, 7.375, 7.4375, 7.625], "texture": "#0"},
				"up": {"uv": [8.1875, 1.1875, 8.125, 1], "rotation": 180, "texture": "#0"},
				"down": {"uv": [8.1875, 1.25, 8.125, 1.4375], "rotation": 180, "texture": "#0"}
			}
		},
		{
			"from": [10.01404, -0.97986, 11.44256],
			"to": [10.23782, -0.75608, 12.76287],
			"rotation": {"angle": -22.5, "axis": "x", "origin": [8, 12.78, 8]},
			"faces": {
				"north": {"uv": [5.375, 8.25, 5.4375, 8.3125], "texture": "#0"},
				"east": {"uv": [8.125, 1.5, 8.3125, 1.5625], "texture": "#0"},
				"south": {"uv": [8.25, 5.25, 8.3125, 5.3125], "texture": "#0"},
				"west": {"uv": [8.125, 0.25, 8.3125, 0.3125], "texture": "#0"},
				"up": {"uv": [8.1875, 1.8125, 8.125, 1.625], "rotation": 180, "texture": "#0"},
				"down": {"uv": [8.1875, 1.875, 8.125, 2.0625], "rotation": 180, "texture": "#0"}
			}
		},
		{
			"from": [10.4616, -0.97986, 11.44256],
			"to": [10.68538, -0.75608, 12.76287],
			"rotation": {"angle": -22.5, "axis": "x", "origin": [8, 12.78, 8]},
			"faces": {
				"north": {"uv": [8.25, 5.5, 8.3125, 5.5625], "texture": "#0"},
				"east": {"uv": [8.125, 2.25, 8.3125, 2.3125], "texture": "#0"},
				"south": {"uv": [8.25, 5.375, 8.3125, 5.4375], "texture": "#0"},
				"west": {"uv": [8.125, 2.125, 8.3125, 2.1875], "texture": "#0"},
				"up": {"uv": [8.1875, 2.5625, 8.125, 2.375], "rotation": 180, "texture": "#0"},
				"down": {"uv": [8.1875, 2.625, 8.125, 2.8125], "rotation": 180, "texture": "#0"}
			}
		},
		{
			"from": [10.4616, -1.42742, 11.44256],
			"to": [10.68538, -1.20364, 12.76287],
			"rotation": {"angle": -22.5, "axis": "x", "origin": [8, 12.78, 8]},
			"faces": {
				"north": {"uv": [5.75, 8.25, 5.8125, 8.3125], "texture": "#0"},
				"east": {"uv": [8.125, 3, 8.3125, 3.0625], "texture": "#0"},
				"south": {"uv": [8.25, 5.625, 8.3125, 5.6875], "texture": "#0"},
				"west": {"uv": [8.125, 2.875, 8.3125, 2.9375], "texture": "#0"},
				"up": {"uv": [3.1875, 8.3125, 3.125, 8.125], "rotation": 180, "texture": "#0"},
				"down": {"uv": [8.1875, 3.125, 8.125, 3.3125], "rotation": 180, "texture": "#0"}
			}
		},
		{
			"from": [10.01404, -1.42742, 11.44256],
			"to": [10.23782, -1.20364, 12.76287],
			"rotation": {"angle": -22.5, "axis": "x", "origin": [8, 12.78, 8]},
			"faces": {
				"north": {"uv": [5.875, 8.25, 5.9375, 8.3125], "texture": "#0"},
				"east": {"uv": [8.125, 3.5, 8.3125, 3.5625], "texture": "#0"},
				"south": {"uv": [8.25, 5.75, 8.3125, 5.8125], "texture": "#0"},
				"west": {"uv": [8.125, 3.375, 8.3125, 3.4375], "texture": "#0"},
				"up": {"uv": [3.5625, 8.3125, 3.5, 8.125], "rotation": 180, "texture": "#0"},
				"down": {"uv": [8.1875, 3.625, 8.125, 3.8125], "rotation": 180, "texture": "#0"}
			}
		},
		{
			"from": [10.01404, -1.87499, 11.44256],
			"to": [10.23782, -1.65121, 12.76287],
			"rotation": {"angle": -22.5, "axis": "x", "origin": [8, 12.78, 8]},
			"faces": {
				"north": {"uv": [6, 8.25, 6.0625, 8.3125], "texture": "#0"},
				"east": {"uv": [8.125, 4, 8.3125, 4.0625], "texture": "#0"},
				"south": {"uv": [8.25, 5.875, 8.3125, 5.9375], "texture": "#0"},
				"west": {"uv": [8.125, 3.875, 8.3125, 3.9375], "texture": "#0"},
				"up": {"uv": [8.1875, 4.3125, 8.125, 4.125], "rotation": 180, "texture": "#0"},
				"down": {"uv": [4.3125, 8.125, 4.25, 8.3125], "rotation": 180, "texture": "#0"}
			}
		},
		{
			"from": [10.4616, -1.87499, 11.44256],
			"to": [10.68538, -1.65121, 12.76287],
			"rotation": {"angle": -22.5, "axis": "x", "origin": [8, 12.78, 8]},
			"faces": {
				"north": {"uv": [6.125, 8.25, 6.1875, 8.3125], "texture": "#0"},
				"east": {"uv": [4.5, 8.125, 4.6875, 8.1875], "texture": "#0"},
				"south": {"uv": [8.25, 6, 8.3125, 6.0625], "texture": "#0"},
				"west": {"uv": [8.125, 4.375, 8.3125, 4.4375], "texture": "#0"},
				"up": {"uv": [8.1875, 4.6875, 8.125, 4.5], "rotation": 180, "texture": "#0"},
				"down": {"uv": [4.8125, 8.125, 4.75, 8.3125], "rotation": 180, "texture": "#0"}
			}
		},
		{
			"name": "hexadecagon",
			"from": [2.87393, 20.43883, -2.81745],
			"to": [4.08826, 21.1117, 0.56533],
			"rotation": {"angle": 45, "axis": "x", "origin": [8, 12.78, 8]},
			"faces": {
				"north": {"uv": [7.75, 6, 7.9375, 6.125], "texture": "#0"},
				"east": {"uv": [7, 1.625, 7.5, 1.75], "texture": "#0"},
				"south": {"uv": [7.75, 4.75, 7.9375, 4.875], "texture": "#0"},
				"west": {"uv": [7, 1.5, 7.5, 1.625], "texture": "#0"},
				"up": {"uv": [6.5625, 6.875, 6.375, 6.375], "rotation": 180, "texture": "#0"},
				"down": {"uv": [3.6875, 6.5, 3.5, 7], "rotation": 180, "texture": "#0"}
			}
		},
		{
			"name": "hexadecagon",
			"from": [2.87393, 23.32262, 0.93688],
			"to": [4.08826, 23.99549, 4.31966],
			"rotation": {"angle": 22.5, "axis": "x", "origin": [8, 12.78, 8]},
			"faces": {
				"north": {"uv": [7.75, 6.25, 7.9375, 6.375], "texture": "#0"},
				"east": {"uv": [7.125, 3.625, 7.625, 3.75], "texture": "#0"},
				"south": {"uv": [7.75, 6.125, 7.9375, 6.25], "texture": "#0"},
				"west": {"uv": [7.125, 2.5, 7.625, 2.625], "texture": "#0"},
				"up": {"uv": [3.9375, 7, 3.75, 6.5], "rotation": 180, "texture": "#0"},
				"down": {"uv": [4.1875, 6.5, 4, 7], "rotation": 180, "texture": "#0"}
			}
		},
		{
			"name": "hexadecagon",
			"from": [2.87393, 24.55017, 5.50902],
			"to": [4.08826, 25.22304, 8.89179],
			"rotation": {"angle": 0, "axis": "x", "origin": [8, 12.78, 8]},
			"faces": {
				"north": {"uv": [7.75, 6.5, 7.9375, 6.625], "texture": "#0"},
				"east": {"uv": [0.5, 7.25, 1, 7.375], "texture": "#0"},
				"south": {"uv": [7.75, 6.375, 7.9375, 6.5], "texture": "#0"},
				"west": {"uv": [7.125, 3.75, 7.625, 3.875], "texture": "#0"},
				"up": {"uv": [4.4375, 7, 4.25, 6.5], "rotation": 180, "texture": "#0"},
				"down": {"uv": [5.6875, 6.5, 5.5, 7], "rotation": 180, "texture": "#0"}
			}
		},
		{
			"name": "hexadecagon",
			"from": [2.87393, 23.9346, 10.20288],
			"to": [4.08826, 24.60748, 13.58566],
			"rotation": {"angle": -22.5, "axis": "x", "origin": [8, 12.78, 8]},
			"faces": {
				"north": {"uv": [7.75, 6.75, 7.9375, 6.875], "texture": "#0"},
				"east": {"uv": [7.25, 6.5, 7.75, 6.625], "texture": "#0"},
				"south": {"uv": [7.75, 6.625, 7.9375, 6.75], "texture": "#0"},
				"west": {"uv": [1, 7.25, 1.5, 7.375], "texture": "#0"},
				"up": {"uv": [6.8125, 2.25, 6.625, 1.75], "rotation": 180, "texture": "#0"},
				"down": {"uv": [6.8125, 3.875, 6.625, 4.375], "rotation": 180, "texture": "#0"}
			}
		},
		{
			"name": "hexadecagon",
			"from": [2.87393, 21.56962, 14.30387],
			"to": [4.08826, 22.2425, 17.68665],
			"rotation": {"angle": -45, "axis": "x", "origin": [8, 12.78, 8]},
			"faces": {
				"north": {"uv": [7.75, 7, 7.9375, 7.125], "texture": "#0"},
				"east": {"uv": [7.25, 6.75, 7.75, 6.875], "texture": "#0"},
				"south": {"uv": [7.75, 6.875, 7.9375, 7], "texture": "#0"},
				"west": {"uv": [7.25, 6.625, 7.75, 6.75], "texture": "#0"},
				"up": {"uv": [6.8125, 4.875, 6.625, 4.375], "rotation": 180, "texture": "#0"},
				"down": {"uv": [6.8125, 6, 6.625, 6.5], "rotation": 180, "texture": "#0"}
			}
		},
		{
			"name": "hexadecagon",
			"from": [2.87393, 21.96766, 2.29183],
			"to": [4.08826, 25.35044, 2.96471],
			"rotation": {"angle": 22.5, "axis": "x", "origin": [8, 12.78, 8]},
			"faces": {
				"north": {"uv": [6.75, 0.75, 6.9375, 1.25], "texture": "#0"},
				"east": {"uv": [1.5, 7.25, 1.625, 7.75], "texture": "#0"},
				"south": {"uv": [6.625, 6.5, 6.8125, 7], "texture": "#0"},
				"west": {"uv": [4.375, 7, 4.5, 7.5], "texture": "#0"},
				"up": {"uv": [7.9375, 7.25, 7.75, 7.125], "rotation": 180, "texture": "#0"},
				"down": {"uv": [7.9375, 7.25, 7.75, 7.375], "rotation": 180, "texture": "#0"}
			}
		},
		{
			"name": "hexadecagon",
			"from": [2.87393, 23.19522, 6.86397],
			"to": [4.08826, 26.578, 7.53684],
			"rotation": {"angle": 0, "axis": "x", "origin": [8, 12.78, 8]},
			"faces": {
				"north": {"uv": [1.25, 6.75, 1.4375, 7.25], "texture": "#0"},
				"east": {"uv": [5.75, 7.25, 5.875, 7.75], "texture": "#0"},
				"south": {"uv": [1, 6.75, 1.1875, 7.25], "texture": "#0"},
				"west": {"uv": [1.625, 7.25, 1.75, 7.75], "texture": "#0"},
				"up": {"uv": [7.9375, 7.5, 7.75, 7.375], "rotation": 180, "texture": "#0"},
				"down": {"uv": [7.9375, 7.5, 7.75, 7.625], "rotation": 180, "texture": "#0"}
			}
		},
		{
			"name": "hexadecagon",
			"from": [2.87393, 22.57965, 11.55783],
			"to": [4.08826, 25.96243, 12.23071],
			"rotation": {"angle": -22.5, "axis": "x", "origin": [8, 12.78, 8]},
			"faces": {
				"north": {"uv": [1.5, 6.75, 1.6875, 7.25], "texture": "#0"},
				"east": {"uv": [7.25, 6.875, 7.375, 7.375], "texture": "#0"},
				"south": {"uv": [6.75, 1.25, 6.9375, 1.75], "texture": "#0"},
				"west": {"uv": [6.875, 7.25, 7, 7.75], "texture": "#0"},
				"up": {"uv": [7.9375, 7.75, 7.75, 7.625], "rotation": 180, "texture": "#0"},
				"down": {"uv": [7.9375, 7.75, 7.75, 7.875], "rotation": 180, "texture": "#0"}
			}
		},
		{
			"name": "hexadecagon",
			"from": [2.46708, 20.28406, -3.59549],
			"to": [2.84975, 21.26646, 1.34337],
			"rotation": {"angle": 45, "axis": "x", "origin": [8, 12.78, 8]},
			"faces": {
				"north": {"uv": [8.125, 4.875, 8.1875, 5], "texture": "#0"},
				"east": {"uv": [6.25, 3.375, 6.9375, 3.5], "texture": "#0"},
				"south": {"uv": [4.875, 8.125, 4.9375, 8.25], "texture": "#0"},
				"west": {"uv": [6.25, 3.25, 6.9375, 3.375], "texture": "#0"},
				"up": {"uv": [4.3125, 8.0625, 4.25, 7.375], "rotation": 180, "texture": "#0"},
				"down": {"uv": [0.8125, 7.5, 0.75, 8.1875], "rotation": 180, "texture": "#0"}
			}
		},
		{
			"name": "hexadecagon",
			"from": [2.46708, 23.16785, 0.15884],
			"to": [2.84975, 24.15025, 5.0977],
			"rotation": {"angle": 22.5, "axis": "x", "origin": [8, 12.78, 8]},
			"faces": {
				"north": {"uv": [8.125, 5, 8.1875, 5.125], "texture": "#0"},
				"east": {"uv": [6.625, 2.375, 7.3125, 2.5], "texture": "#0"},
				"south": {"uv": [5, 8.125, 5.0625, 8.25], "texture": "#0"},
				"west": {"uv": [6.625, 2.25, 7.3125, 2.375], "texture": "#0"},
				"up": {"uv": [0.9375, 8.1875, 0.875, 7.5], "rotation": 180, "texture": "#0"},
				"down": {"uv": [1.0625, 7.5, 1, 8.1875], "rotation": 180, "texture": "#0"}
			}
		},
		{
			"name": "hexadecagon",
			"from": [2.46708, 24.39541, 4.73098],
			"to": [2.84975, 25.37781, 9.66983],
			"rotation": {"angle": 0, "axis": "x", "origin": [8, 12.78, 8]},
			"faces": {
				"north": {"uv": [8.125, 5.125, 8.1875, 5.25], "texture": "#0"},
				"east": {"uv": [6.875, 1.875, 7.5625, 2], "texture": "#0"},
				"south": {"uv": [5.125, 8.125, 5.1875, 8.25], "texture": "#0"},
				"west": {"uv": [6.875, 1.75, 7.5625, 1.875], "texture": "#0"},
				"up": {"uv": [1.1875, 8.1875, 1.125, 7.5], "rotation": 180, "texture": "#0"},
				"down": {"uv": [1.3125, 7.5, 1.25, 8.1875], "rotation": 180, "texture": "#0"}
			}
		},
		{
			"name": "hexadecagon",
			"from": [2.46708, 23.77984, 9.42484],
			"to": [2.84975, 24.76224, 14.3637],
			"rotation": {"angle": -22.5, "axis": "x", "origin": [8, 12.78, 8]},
			"faces": {
				"north": {"uv": [8.125, 5.25, 8.1875, 5.375], "texture": "#0"},
				"east": {"uv": [6.875, 2.125, 7.5625, 2.25], "texture": "#0"},
				"south": {"uv": [5.25, 8.125, 5.3125, 8.25], "texture": "#0"},
				"west": {"uv": [6.875, 2, 7.5625, 2.125], "texture": "#0"},
				"up": {"uv": [1.4375, 8.1875, 1.375, 7.5], "rotation": 180, "texture": "#0"},
				"down": {"uv": [1.8125, 7.5, 1.75, 8.1875], "rotation": 180, "texture": "#0"}
			}
		},
		{
			"name": "hexadecagon",
			"from": [2.46708, 21.41486, 13.52584],
			"to": [2.84975, 22.39726, 18.46469],
			"rotation": {"angle": -45, "axis": "x", "origin": [8, 12.78, 8]},
			"faces": {
				"north": {"uv": [8.125, 5.375, 8.1875, 5.5], "texture": "#0"},
				"east": {"uv": [6.875, 4, 7.5625, 4.125], "texture": "#0"},
				"south": {"uv": [5.375, 8.125, 5.4375, 8.25], "texture": "#0"},
				"west": {"uv": [6.875, 3.875, 7.5625, 4], "texture": "#0"},
				"up": {"uv": [1.9375, 8.1875, 1.875, 7.5], "rotation": 180, "texture": "#0"},
				"down": {"uv": [4.4375, 7.5, 4.375, 8.1875], "rotation": 180, "texture": "#0"}
			}
		},
		{
			"name": "hexadecagon",
			"from": [2.46708, 21.18963, 2.13707],
			"to": [2.84975, 26.12848, 3.11947],
			"rotation": {"angle": 22.5, "axis": "x", "origin": [8, 12.78, 8]},
			"faces": {
				"north": {"uv": [6, 7.5, 6.0625, 8.1875], "texture": "#0"},
				"east": {"uv": [1.75, 6.75, 1.875, 7.4375], "texture": "#0"},
				"south": {"uv": [5.875, 7.5, 5.9375, 8.1875], "texture": "#0"},
				"west": {"uv": [5.75, 6.5, 5.875, 7.1875], "texture": "#0"},
				"up": {"uv": [8.1875, 5.625, 8.125, 5.5], "rotation": 180, "texture": "#0"},
				"down": {"uv": [8.1875, 5.625, 8.125, 5.75], "rotation": 180, "texture": "#0"}
			}
		},
		{
			"name": "hexadecagon",
			"from": [2.46708, 22.41718, 6.7092],
			"to": [2.84975, 27.35603, 7.6916],
			"rotation": {"angle": 0, "axis": "x", "origin": [8, 12.78, 8]},
			"faces": {
				"north": {"uv": [6.25, 7.5, 6.3125, 8.1875], "texture": "#0"},
				"east": {"uv": [5.875, 6.75, 6, 7.4375], "texture": "#0"},
				"south": {"uv": [6.125, 7.5, 6.1875, 8.1875], "texture": "#0"},
				"west": {"uv": [1.875, 6.75, 2, 7.4375], "texture": "#0"},
				"up": {"uv": [5.8125, 8.25, 5.75, 8.125], "rotation": 180, "texture": "#0"},
				"down": {"uv": [8.1875, 5.75, 8.125, 5.875], "rotation": 180, "texture": "#0"}
			}
		},
		{
			"name": "hexadecagon",
			"from": [2.46708, 21.80161, 11.40307],
			"to": [2.84975, 26.74047, 12.38547],
			"rotation": {"angle": -22.5, "axis": "x", "origin": [8, 12.78, 8]},
			"faces": {
				"north": {"uv": [0, 7.625, 0.0625, 8.3125], "texture": "#0"},
				"east": {"uv": [6.125, 6.75, 6.25, 7.4375], "texture": "#0"},
				"south": {"uv": [7.5, 7.375, 7.5625, 8.0625], "texture": "#0"},
				"west": {"uv": [6, 6.75, 6.125, 7.4375], "texture": "#0"},
				"up": {"uv": [8.1875, 6, 8.125, 5.875], "rotation": 180, "texture": "#0"},
				"down": {"uv": [8.1875, 6, 8.125, 6.125], "rotation": 180, "texture": "#0"}
			}
		},
		{
			"name": "hexadecagon",
			"from": [3.99775, 20.28406, -3.59549],
			"to": [4.38042, 21.26646, 1.34337],
			"rotation": {"angle": 45, "axis": "x", "origin": [8, 12.78, 8]},
			"faces": {
				"north": {"uv": [8.125, 6.25, 8.1875, 6.375], "texture": "#0"},
				"east": {"uv": [6.875, 4.25, 7.5625, 4.375], "texture": "#0"},
				"south": {"uv": [8.125, 6.125, 8.1875, 6.25], "texture": "#0"},
				"west": {"uv": [6.875, 4.125, 7.5625, 4.25], "texture": "#0"},
				"up": {"uv": [0.1875, 8.3125, 0.125, 7.625], "rotation": 180, "texture": "#0"},
				"down": {"uv": [0.3125, 7.625, 0.25, 8.3125], "rotation": 180, "texture": "#0"}
			}
		},
		{
			"name": "hexadecagon",
			"from": [3.99775, 23.16785, 0.15884],
			"to": [4.38042, 24.15025, 5.0977],
			"rotation": {"angle": 22.5, "axis": "x", "origin": [8, 12.78, 8]},
			"faces": {
				"north": {"uv": [8.125, 6.5, 8.1875, 6.625], "texture": "#0"},
				"east": {"uv": [6.875, 4.5, 7.5625, 4.625], "texture": "#0"},
				"south": {"uv": [8.125, 6.375, 8.1875, 6.5], "texture": "#0"},
				"west": {"uv": [6.875, 4.375, 7.5625, 4.5], "texture": "#0"},
				"up": {"uv": [0.4375, 8.3125, 0.375, 7.625], "rotation": 180, "texture": "#0"},
				"down": {"uv": [7.6875, 0.75, 7.625, 1.4375], "rotation": 180, "texture": "#0"}
			}
		},
		{
			"name": "hexadecagon",
			"from": [3.99775, 24.39541, 4.73098],
			"to": [4.38042, 25.37781, 9.66983],
			"rotation": {"angle": 0, "axis": "x", "origin": [8, 12.78, 8]},
			"faces": {
				"north": {"uv": [8.125, 6.75, 8.1875, 6.875], "texture": "#0"},
				"east": {"uv": [6.875, 4.75, 7.5625, 4.875], "texture": "#0"},
				"south": {"uv": [8.125, 6.625, 8.1875, 6.75], "texture": "#0"},
				"west": {"uv": [6.875, 4.625, 7.5625, 4.75], "texture": "#0"},
				"up": {"uv": [7.6875, 2.1875, 7.625, 1.5], "rotation": 180, "texture": "#0"},
				"down": {"uv": [7.6875, 3.625, 7.625, 4.3125], "rotation": 180, "texture": "#0"}
			}
		},
		{
			"name": "hexadecagon",
			"from": [3.99775, 23.77984, 9.42484],
			"to": [4.38042, 24.76224, 14.3637],
			"rotation": {"angle": -22.5, "axis": "x", "origin": [8, 12.78, 8]},
			"faces": {
				"north": {"uv": [8.125, 6.875, 8.1875, 7], "texture": "#0"},
				"east": {"uv": [6.875, 6.125, 7.5625, 6.25], "texture": "#0"},
				"south": {"uv": [6.875, 8.125, 6.9375, 8.25], "texture": "#0"},
				"west": {"uv": [6.875, 6, 7.5625, 6.125], "texture": "#0"},
				"up": {"uv": [5.5625, 8.3125, 5.5, 7.625], "rotation": 180, "texture": "#0"},
				"down": {"uv": [5.6875, 7.625, 5.625, 8.3125], "rotation": 180, "texture": "#0"}
			}
		},
		{
			"name": "hexadecagon",
			"from": [3.99775, 21.41486, 13.52584],
			"to": [4.38042, 22.39726, 18.46469],
			"rotation": {"angle": -45, "axis": "x", "origin": [8, 12.78, 8]},
			"faces": {
				"north": {"uv": [8.125, 7.125, 8.1875, 7.25], "texture": "#0"},
				"east": {"uv": [6.875, 6.375, 7.5625, 6.5], "texture": "#0"},
				"south": {"uv": [8.125, 7, 8.1875, 7.125], "texture": "#0"},
				"west": {"uv": [6.875, 6.25, 7.5625, 6.375], "texture": "#0"},
				"up": {"uv": [6.4375, 8.3125, 6.375, 7.625], "rotation": 180, "texture": "#0"},
				"down": {"uv": [6.5625, 7.625, 6.5, 8.3125], "rotation": 180, "texture": "#0"}
			}
		},
		{
			"name": "hexadecagon",
			"from": [3.99775, 21.18963, 2.13707],
			"to": [4.38042, 26.12848, 3.11947],
			"rotation": {"angle": 22.5, "axis": "x", "origin": [8, 12.78, 8]},
			"faces": {
				"north": {"uv": [6.75, 7.625, 6.8125, 8.3125], "texture": "#0"},
				"east": {"uv": [6.375, 6.875, 6.5, 7.5625], "texture": "#0"},
				"south": {"uv": [6.625, 7.625, 6.6875, 8.3125], "texture": "#0"},
				"west": {"uv": [6.25, 6.75, 6.375, 7.4375], "texture": "#0"},
				"up": {"uv": [8.1875, 7.375, 8.125, 7.25], "rotation": 180, "texture": "#0"},
				"down": {"uv": [7.4375, 8.125, 7.375, 8.25], "rotation": 180, "texture": "#0"}
			}
		},
		{
			"name": "hexadecagon",
			"from": [3.99775, 22.41718, 6.7092],
			"to": [4.38042, 27.35603, 7.6916],
			"rotation": {"angle": 0, "axis": "x", "origin": [8, 12.78, 8]},
			"faces": {
				"north": {"uv": [7, 7.625, 7.0625, 8.3125], "texture": "#0"},
				"east": {"uv": [6.875, 6.5, 7, 7.1875], "texture": "#0"},
				"south": {"uv": [7.625, 6.875, 7.6875, 7.5625], "texture": "#0"},
				"west": {"uv": [6.5, 6.875, 6.625, 7.5625], "texture": "#0"},
				"up": {"uv": [8.1875, 7.5, 8.125, 7.375], "rotation": 180, "texture": "#0"},
				"down": {"uv": [7.5625, 8.125, 7.5, 8.25], "rotation": 180, "texture": "#0"}
			}
		},
		{
			"name": "hexadecagon",
			"from": [3.99775, 21.80161, 11.40307],
			"to": [4.38042, 26.74047, 12.38547],
			"rotation": {"angle": -22.5, "axis": "x", "origin": [8, 12.78, 8]},
			"faces": {
				"north": {"uv": [7.25, 7.625, 7.3125, 8.3125], "texture": "#0"},
				"east": {"uv": [3.5, 7, 3.625, 7.6875], "texture": "#0"},
				"south": {"uv": [7.125, 7.625, 7.1875, 8.3125], "texture": "#0"},
				"west": {"uv": [7, 0.75, 7.125, 1.4375], "texture": "#0"},
				"up": {"uv": [8.1875, 7.625, 8.125, 7.5], "rotation": 180, "texture": "#0"},
				"down": {"uv": [7.6875, 8.125, 7.625, 8.25], "rotation": 180, "texture": "#0"}
			}
		}
	],
	"gui_light": "front",
	"display": {
		"thirdperson_righthand": {
			"translation": [0, 1.25, 0],
			"scale": [0.44, 0.44, 0.44]
		},
		"thirdperson_lefthand": {
			"translation": [0, 1.25, 0],
			"scale": [0.44, 0.44, 0.44]
		},
		"firstperson_righthand": {
			"translation": [0, 1.25, 0],
			"scale": [0.44, 0.44, 0.44]
		},
		"firstperson_lefthand": {
			"translation": [0, 1.25, 0],
			"scale": [0.44, 0.44, 0.44]
		},
		"ground": {
			"translation": [0, 6, 0],
			"scale": [0.7, 0.7, 0.7]
		},
		"gui": {
			"rotation": [30, 225, 0],
			"translation": [0, -0.75, 0],
			"scale": [0.43, 0.43, 0.43]
		},
		"head": {
			"rotation": [0, 180, 0],
			"translation": [0, 12.25, 0],
			"scale": [0.73, 0.73, 0.73]
		},
		"fixed": {
			"rotation": [-90, 0, 0],
			"translation": [0, 0, -12],
			"scale": [1.57, 1.57, 1.57]
		}
	},
	"groups": [
		0,
		1,
		2,
		3,
		4,
		5,
		6,
		7,
		8,
		9,
		10,
		11,
		12,
		13,
		14,
		15,
		16,
		17,
		18,
		19,
		20,
		21,
		22,
		23,
		24,
		25,
		26,
		27,
		28,
		29,
		30,
		31,
		32,
		33,
		34,
		35,
		36,
		37,
		38,
		39,
		40,
		41,
		42,
		43,
		44,
		45,
		46,
		47,
		48,
		49,
		50,
		51,
		52,
		53,
		54,
		55,
		56,
		{
			"name": "hexadecagon",
			"origin": [8, 8, 8],
			"color": 0,
			"nbt": "{}",
			"children": [57, 58, 59, 60, 61, 62, 63, 64]
		},
		{
			"name": "hexadecagon",
			"origin": [8, 8, 8],
			"color": 0,
			"nbt": "{}",
			"children": [65, 66, 67, 68, 69, 70, 71, 72]
		},
		{
			"name": "hexadecagon",
			"origin": [8, 8, 8],
			"color": 0,
			"nbt": "{}",
			"children": [73, 74, 75, 76, 77, 78, 79, 80]
		}
	]
}