{
	"credit": "Made with Blockbench",
	"texture_size": [128, 128],
	"textures": {
		"0": "item/misc/parachute/brown",
		"1": "item/misc/parachute/white",
		"particle": "item/misc/parachute/brown"
	},
	"elements": [
		{
			"from": [13, 0, 7],
			"to": [15, 2, 9],
			"faces": {
				"north": {"uv": [1, 2, 2, 3], "texture": "#0"},
				"east": {"uv": [2, 1, 3, 2], "texture": "#0"},
				"south": {"uv": [2, 2, 3, 3], "texture": "#0"},
				"west": {"uv": [0, 3, 1, 4], "texture": "#0"},
				"up": {"uv": [4, 1, 3, 0], "texture": "#0"},
				"down": {"uv": [2, 3, 1, 4], "texture": "#0"}
			}
		},
		{
			"from": [14, 2, 7],
			"to": [16, 4, 9],
			"faces": {
				"north": {"uv": [3, 1, 4, 2], "texture": "#0"},
				"east": {"uv": [2, 3, 3, 4], "texture": "#0"},
				"south": {"uv": [3, 2, 4, 3], "texture": "#0"},
				"west": {"uv": [3, 3, 4, 4], "texture": "#0"},
				"up": {"uv": [1, 5, 0, 4], "texture": "#0"},
				"down": {"uv": [5, 0, 4, 1], "texture": "#0"}
			}
		},
		{
			"from": [15, 4, 7],
			"to": [17, 6, 9],
			"faces": {
				"north": {"uv": [1, 4, 2, 5], "texture": "#0"},
				"east": {"uv": [4, 1, 5, 2], "texture": "#0"},
				"south": {"uv": [2, 4, 3, 5], "texture": "#0"},
				"west": {"uv": [4, 2, 5, 3], "texture": "#0"},
				"up": {"uv": [4, 5, 3, 4], "texture": "#0"},
				"down": {"uv": [5, 3, 4, 4], "texture": "#0"}
			}
		},
		{
			"from": [16, 6, 7],
			"to": [18, 8, 9],
			"faces": {
				"north": {"uv": [4, 4, 5, 5], "texture": "#0"},
				"east": {"uv": [0, 5, 1, 6], "texture": "#0"},
				"south": {"uv": [5, 0, 6, 1], "texture": "#0"},
				"west": {"uv": [1, 5, 2, 6], "texture": "#0"},
				"up": {"uv": [6, 2, 5, 1], "texture": "#0"},
				"down": {"uv": [3, 5, 2, 6], "texture": "#0"}
			}
		},
		{
			"from": [17, 8, 7],
			"to": [19, 10, 9],
			"faces": {
				"north": {"uv": [5, 2, 6, 3], "texture": "#0"},
				"east": {"uv": [3, 5, 4, 6], "texture": "#0"},
				"south": {"uv": [5, 3, 6, 4], "texture": "#0"},
				"west": {"uv": [4, 5, 5, 6], "texture": "#0"},
				"up": {"uv": [6, 5, 5, 4], "texture": "#0"},
				"down": {"uv": [6, 5, 5, 6], "texture": "#0"}
			}
		},
		{
			"from": [18, 10, 7],
			"to": [20, 12, 9],
			"faces": {
				"north": {"uv": [0, 6, 1, 7], "texture": "#0"},
				"east": {"uv": [6, 0, 7, 1], "texture": "#0"},
				"south": {"uv": [1, 6, 2, 7], "texture": "#0"},
				"west": {"uv": [6, 1, 7, 2], "texture": "#0"},
				"up": {"uv": [3, 7, 2, 6], "texture": "#0"},
				"down": {"uv": [7, 2, 6, 3], "texture": "#0"}
			}
		},
		{
			"from": [19, 12, 7],
			"to": [21, 14, 9],
			"faces": {
				"north": {"uv": [3, 6, 4, 7], "texture": "#0"},
				"east": {"uv": [6, 3, 7, 4], "texture": "#0"},
				"south": {"uv": [4, 6, 5, 7], "texture": "#0"},
				"west": {"uv": [6, 4, 7, 5], "texture": "#0"},
				"up": {"uv": [6, 7, 5, 6], "texture": "#0"},
				"down": {"uv": [7, 5, 6, 6], "texture": "#0"}
			}
		},
		{
			"from": [20, 14, 7],
			"to": [22, 16, 9],
			"faces": {
				"north": {"uv": [6, 6, 7, 7], "texture": "#0"},
				"east": {"uv": [0, 7, 1, 8], "texture": "#0"},
				"south": {"uv": [7, 0, 8, 1], "texture": "#0"},
				"west": {"uv": [1, 7, 2, 8], "texture": "#0"},
				"up": {"uv": [8, 2, 7, 1], "texture": "#0"},
				"down": {"uv": [3, 7, 2, 8], "texture": "#0"}
			}
		},
		{
			"from": [21, 16, 7],
			"to": [23, 18, 9],
			"faces": {
				"north": {"uv": [7, 2, 8, 3], "texture": "#0"},
				"east": {"uv": [3, 7, 4, 8], "texture": "#0"},
				"south": {"uv": [7, 3, 8, 4], "texture": "#0"},
				"west": {"uv": [4, 7, 5, 8], "texture": "#0"},
				"up": {"uv": [8, 5, 7, 4], "texture": "#0"},
				"down": {"uv": [6, 7, 5, 8], "texture": "#0"}
			}
		},
		{
			"from": [22, 18, 7],
			"to": [24, 20, 9],
			"faces": {
				"north": {"uv": [7, 5, 8, 6], "texture": "#0"},
				"east": {"uv": [6, 7, 7, 8], "texture": "#0"},
				"south": {"uv": [7, 6, 8, 7], "texture": "#0"},
				"west": {"uv": [7, 7, 8, 8], "texture": "#0"},
				"up": {"uv": [1, 9, 0, 8], "texture": "#0"},
				"down": {"uv": [9, 0, 8, 1], "texture": "#0"}
			}
		},
		{
			"from": [23, 20, 7],
			"to": [25, 22, 9],
			"faces": {
				"north": {"uv": [1, 8, 2, 9], "texture": "#0"},
				"east": {"uv": [8, 1, 9, 2], "texture": "#0"},
				"south": {"uv": [2, 8, 3, 9], "texture": "#0"},
				"west": {"uv": [8, 2, 9, 3], "texture": "#0"},
				"up": {"uv": [4, 9, 3, 8], "texture": "#0"},
				"down": {"uv": [9, 3, 8, 4], "texture": "#0"}
			}
		},
		{
			"from": [24, 22, 7],
			"to": [26, 24, 9],
			"faces": {
				"north": {"uv": [0, 0, 1, 1], "texture": "#0"},
				"east": {"uv": [0, 1, 1, 2], "texture": "#0"},
				"south": {"uv": [1, 0, 2, 1], "texture": "#0"},
				"west": {"uv": [1, 1, 2, 2], "texture": "#0"},
				"up": {"uv": [1, 3, 0, 2], "texture": "#0"},
				"down": {"uv": [3, 0, 2, 1], "texture": "#0"}
			}
		},
		{
			"from": [24, 24, -12],
			"to": [28, 26, 28],
			"faces": {
				"north": {"uv": [5.25, 2, 5.75, 2.25], "texture": "#1"},
				"east": {"uv": [1, 5, 6, 5.25], "texture": "#1"},
				"south": {"uv": [5.25, 2.25, 5.75, 2.5], "texture": "#1"},
				"west": {"uv": [5.25, 0, 10.25, 0.25], "texture": "#1"},
				"up": {"uv": [3.75, 5, 3.25, 0], "texture": "#1"},
				"down": {"uv": [4.25, 0, 3.75, 5], "texture": "#1"}
			}
		},
		{
			"from": [20, 26, -12],
			"to": [24, 28, 28],
			"faces": {
				"north": {"uv": [5.25, 2.5, 5.75, 2.75], "texture": "#1"},
				"east": {"uv": [5.25, 0.25, 10.25, 0.5], "texture": "#1"},
				"south": {"uv": [5.25, 2.75, 5.75, 3], "texture": "#1"},
				"west": {"uv": [5.25, 0.5, 10.25, 0.75], "texture": "#1"},
				"up": {"uv": [4.75, 5, 4.25, 0], "texture": "#1"},
				"down": {"uv": [5.25, 0, 4.75, 5], "texture": "#1"}
			}
		},
		{
			"from": [7, 28, -12],
			"to": [20, 30, 28],
			"faces": {
				"north": {"uv": [5.25, 1.5, 6.875, 1.75], "texture": "#1"},
				"east": {"uv": [5.25, 0.75, 10.25, 1], "texture": "#1"},
				"south": {"uv": [5.25, 1.75, 6.875, 2], "texture": "#1"},
				"west": {"uv": [1, 5.25, 6, 5.5], "texture": "#1"},
				"up": {"uv": [1.625, 5, 0, 0], "texture": "#1"},
				"down": {"uv": [3.25, 0, 1.625, 5], "texture": "#1"}
			}
		},
		{
			"from": [28, 23, -12],
			"to": [32, 25, 28],
			"faces": {
				"north": {"uv": [5.25, 3, 5.75, 3.25], "texture": "#1"},
				"east": {"uv": [5.25, 1, 10.25, 1.25], "texture": "#1"},
				"south": {"uv": [5.25, 3.25, 5.75, 3.5], "texture": "#1"},
				"west": {"uv": [5.25, 1.25, 10.25, 1.5], "texture": "#1"},
				"up": {"uv": [0.5, 10, 0, 5], "texture": "#1"},
				"down": {"uv": [1, 5, 0.5, 10], "texture": "#1"}
			}
		},
		{
			"from": [1, 0, 7],
			"to": [3, 2, 9],
			"rotation": {"angle": 0, "axis": "y", "origin": [16, 0, 0]},
			"faces": {
				"north": {"uv": [2, 2, 1, 3], "texture": "#0"},
				"east": {"uv": [1, 3, 0, 4], "texture": "#0"},
				"south": {"uv": [3, 2, 2, 3], "texture": "#0"},
				"west": {"uv": [3, 1, 2, 2], "texture": "#0"},
				"up": {"uv": [3, 1, 4, 0], "texture": "#0"},
				"down": {"uv": [1, 3, 2, 4], "texture": "#0"}
			}
		},
		{
			"from": [0, 2, 7],
			"to": [2, 4, 9],
			"rotation": {"angle": 0, "axis": "y", "origin": [16, 0, 0]},
			"faces": {
				"north": {"uv": [4, 1, 3, 2], "texture": "#0"},
				"east": {"uv": [4, 3, 3, 4], "texture": "#0"},
				"south": {"uv": [4, 2, 3, 3], "texture": "#0"},
				"west": {"uv": [3, 3, 2, 4], "texture": "#0"},
				"up": {"uv": [0, 5, 1, 4], "texture": "#0"},
				"down": {"uv": [4, 0, 5, 1], "texture": "#0"}
			}
		},
		{
			"from": [-1, 4, 7],
			"to": [1, 6, 9],
			"rotation": {"angle": 0, "axis": "y", "origin": [16, 0, 0]},
			"faces": {
				"north": {"uv": [2, 4, 1, 5], "texture": "#0"},
				"east": {"uv": [5, 2, 4, 3], "texture": "#0"},
				"south": {"uv": [3, 4, 2, 5], "texture": "#0"},
				"west": {"uv": [5, 1, 4, 2], "texture": "#0"},
				"up": {"uv": [3, 5, 4, 4], "texture": "#0"},
				"down": {"uv": [4, 3, 5, 4], "texture": "#0"}
			}
		},
		{
			"from": [-2, 6, 7],
			"to": [0, 8, 9],
			"rotation": {"angle": 0, "axis": "y", "origin": [16, 0, 0]},
			"faces": {
				"north": {"uv": [5, 4, 4, 5], "texture": "#0"},
				"east": {"uv": [2, 5, 1, 6], "texture": "#0"},
				"south": {"uv": [6, 0, 5, 1], "texture": "#0"},
				"west": {"uv": [1, 5, 0, 6], "texture": "#0"},
				"up": {"uv": [5, 2, 6, 1], "texture": "#0"},
				"down": {"uv": [2, 5, 3, 6], "texture": "#0"}
			}
		},
		{
			"from": [-3, 8, 7],
			"to": [-1, 10, 9],
			"rotation": {"angle": 0, "axis": "y", "origin": [16, 0, 0]},
			"faces": {
				"north": {"uv": [6, 2, 5, 3], "texture": "#0"},
				"east": {"uv": [5, 5, 4, 6], "texture": "#0"},
				"south": {"uv": [6, 3, 5, 4], "texture": "#0"},
				"west": {"uv": [4, 5, 3, 6], "texture": "#0"},
				"up": {"uv": [5, 5, 6, 4], "texture": "#0"},
				"down": {"uv": [5, 5, 6, 6], "texture": "#0"}
			}
		},
		{
			"from": [-4, 10, 7],
			"to": [-2, 12, 9],
			"rotation": {"angle": 0, "axis": "y", "origin": [16, 0, 0]},
			"faces": {
				"north": {"uv": [1, 6, 0, 7], "texture": "#0"},
				"east": {"uv": [7, 1, 6, 2], "texture": "#0"},
				"south": {"uv": [2, 6, 1, 7], "texture": "#0"},
				"west": {"uv": [7, 0, 6, 1], "texture": "#0"},
				"up": {"uv": [2, 7, 3, 6], "texture": "#0"},
				"down": {"uv": [6, 2, 7, 3], "texture": "#0"}
			}
		},
		{
			"from": [-5, 12, 7],
			"to": [-3, 14, 9],
			"rotation": {"angle": 0, "axis": "y", "origin": [16, 0, 0]},
			"faces": {
				"north": {"uv": [4, 6, 3, 7], "texture": "#0"},
				"east": {"uv": [7, 4, 6, 5], "texture": "#0"},
				"south": {"uv": [5, 6, 4, 7], "texture": "#0"},
				"west": {"uv": [7, 3, 6, 4], "texture": "#0"},
				"up": {"uv": [5, 7, 6, 6], "texture": "#0"},
				"down": {"uv": [6, 5, 7, 6], "texture": "#0"}
			}
		},
		{
			"from": [-6, 14, 7],
			"to": [-4, 16, 9],
			"rotation": {"angle": 0, "axis": "y", "origin": [16, 0, 0]},
			"faces": {
				"north": {"uv": [7, 6, 6, 7], "texture": "#0"},
				"east": {"uv": [2, 7, 1, 8], "texture": "#0"},
				"south": {"uv": [8, 0, 7, 1], "texture": "#0"},
				"west": {"uv": [1, 7, 0, 8], "texture": "#0"},
				"up": {"uv": [7, 2, 8, 1], "texture": "#0"},
				"down": {"uv": [2, 7, 3, 8], "texture": "#0"}
			}
		},
		{
			"from": [-7, 16, 7],
			"to": [-5, 18, 9],
			"rotation": {"angle": 0, "axis": "y", "origin": [16, 0, 0]},
			"faces": {
				"north": {"uv": [8, 2, 7, 3], "texture": "#0"},
				"east": {"uv": [5, 7, 4, 8], "texture": "#0"},
				"south": {"uv": [8, 3, 7, 4], "texture": "#0"},
				"west": {"uv": [4, 7, 3, 8], "texture": "#0"},
				"up": {"uv": [7, 5, 8, 4], "texture": "#0"},
				"down": {"uv": [5, 7, 6, 8], "texture": "#0"}
			}
		},
		{
			"from": [-8, 18, 7],
			"to": [-6, 20, 9],
			"rotation": {"angle": 0, "axis": "y", "origin": [16, 0, 0]},
			"faces": {
				"north": {"uv": [8, 5, 7, 6], "texture": "#0"},
				"east": {"uv": [8, 7, 7, 8], "texture": "#0"},
				"south": {"uv": [8, 6, 7, 7], "texture": "#0"},
				"west": {"uv": [7, 7, 6, 8], "texture": "#0"},
				"up": {"uv": [0, 9, 1, 8], "texture": "#0"},
				"down": {"uv": [8, 0, 9, 1], "texture": "#0"}
			}
		},
		{
			"from": [-9, 20, 7],
			"to": [-7, 22, 9],
			"rotation": {"angle": 0, "axis": "y", "origin": [16, 0, 0]},
			"faces": {
				"north": {"uv": [2, 8, 1, 9], "texture": "#0"},
				"east": {"uv": [9, 2, 8, 3], "texture": "#0"},
				"south": {"uv": [3, 8, 2, 9], "texture": "#0"},
				"west": {"uv": [9, 1, 8, 2], "texture": "#0"},
				"up": {"uv": [3, 9, 4, 8], "texture": "#0"},
				"down": {"uv": [8, 3, 9, 4], "texture": "#0"}
			}
		},
		{
			"from": [-10, 22, 7],
			"to": [-8, 24, 9],
			"rotation": {"angle": 0, "axis": "y", "origin": [16, 0, 0]},
			"faces": {
				"north": {"uv": [1, 0, 0, 1], "texture": "#0"},
				"east": {"uv": [2, 1, 1, 2], "texture": "#0"},
				"south": {"uv": [2, 0, 1, 1], "texture": "#0"},
				"west": {"uv": [1, 1, 0, 2], "texture": "#0"},
				"up": {"uv": [0, 3, 1, 2], "texture": "#0"},
				"down": {"uv": [2, 0, 3, 1], "texture": "#0"}
			}
		},
		{
			"from": [-12, 24, -12],
			"to": [-8, 26, 28],
			"rotation": {"angle": 0, "axis": "y", "origin": [16, 0, 0]},
			"faces": {
				"north": {"uv": [5.75, 2, 5.25, 2.25], "texture": "#1"},
				"east": {"uv": [10.25, 0, 5.25, 0.25], "texture": "#1"},
				"south": {"uv": [5.75, 2.25, 5.25, 2.5], "texture": "#1"},
				"west": {"uv": [6, 5, 1, 5.25], "texture": "#1"},
				"up": {"uv": [3.25, 5, 3.75, 0], "texture": "#1"},
				"down": {"uv": [3.75, 0, 4.25, 5], "texture": "#1"}
			}
		},
		{
			"from": [-8, 26, -12],
			"to": [-4, 28, 28],
			"rotation": {"angle": 0, "axis": "y", "origin": [16, 0, 0]},
			"faces": {
				"north": {"uv": [5.75, 2.5, 5.25, 2.75], "texture": "#1"},
				"east": {"uv": [10.25, 0.5, 5.25, 0.75], "texture": "#1"},
				"south": {"uv": [5.75, 2.75, 5.25, 3], "texture": "#1"},
				"west": {"uv": [10.25, 0.25, 5.25, 0.5], "texture": "#1"},
				"up": {"uv": [4.25, 5, 4.75, 0], "texture": "#1"},
				"down": {"uv": [4.75, 0, 5.25, 5], "texture": "#1"}
			}
		},
		{
			"from": [-4, 28, -12],
			"to": [9, 30, 28],
			"rotation": {"angle": 0, "axis": "y", "origin": [16, 0, 0]},
			"faces": {
				"north": {"uv": [6.875, 1.5, 5.25, 1.75], "texture": "#1"},
				"east": {"uv": [6, 5.25, 1, 5.5], "texture": "#1"},
				"south": {"uv": [6.875, 1.75, 5.25, 2], "texture": "#1"},
				"west": {"uv": [10.25, 0.75, 5.25, 1], "texture": "#1"},
				"up": {"uv": [0, 5, 1.625, 0], "texture": "#1"},
				"down": {"uv": [1.625, 0, 3.25, 5], "texture": "#1"}
			}
		},
		{
			"from": [-16, 23, -12],
			"to": [-12, 25, 28],
			"rotation": {"angle": 0, "axis": "y", "origin": [16, 0, 0]},
			"faces": {
				"north": {"uv": [5.75, 3, 5.25, 3.25], "texture": "#1"},
				"east": {"uv": [10.25, 1.25, 5.25, 1.5], "texture": "#1"},
				"south": {"uv": [5.75, 3.25, 5.25, 3.5], "texture": "#1"},
				"west": {"uv": [10.25, 1, 5.25, 1.25], "texture": "#1"},
				"up": {"uv": [0, 10, 0.5, 5], "texture": "#1"},
				"down": {"uv": [0.5, 5, 1, 10], "texture": "#1"}
			}
		}
	],
	"display": {
		"thirdperson_righthand": {
			"rotation": [90, 0, 0],
			"translation": [-6, -2.25, 24.5]
		},
		"thirdperson_lefthand": {
			"rotation": [90, 0, 0],
			"translation": [-6, -2.25, 24.5],
			"scale": [1.5, 1.5, 1.5]
		},
		"head": {
			"translation": [0, 10.75, 0],
			"scale": [2, 2, 2]
		}
	}
}