{
	"credit": "Made by Aiden (feignedmars4438 on discord)",
	"texture_size": [32, 32],
	"textures": {
		"1": "item/teas/lumberjack/lumberjack",
		"2": "item/teas/lumberjack/oak_sapling",
		"particle": "item/teas/lumberjack/oak_sapling"
	},
	"elements": [
		{
			"from": [5.5, 1, 5.5],
			"to": [10.5, 2, 10.5],
			"rotation": {"angle": 0, "axis": "y", "origin": [7.5, 0, 0.5]},
			"faces": {
				"north": {"uv": [0, 8.5, 2.5, 10.5], "texture": "#1"},
				"east": {"uv": [8.5, 0, 11, 2], "texture": "#1"},
				"south": {"uv": [8.5, 2, 11, 4], "texture": "#1"},
				"west": {"uv": [8.5, 4, 11, 6], "texture": "#1"},
				"up": {"uv": [5.5, 2.5, 3, 0], "texture": "#1"},
				"down": {"uv": [5.5, 2.5, 3, 5], "texture": "#1"}
			}
		},
		{
			"from": [5.25, 0.9, 5.25],
			"to": [10.75, 5.3, 10.75],
			"rotation": {"angle": 0, "axis": "y", "origin": [7.5, 0, 7.5]},
			"faces": {
				"north": {"uv": [3, 5, 5.75, 7.25], "texture": "#1"},
				"east": {"uv": [5.5, 0, 8.25, 2.25], "texture": "#1"},
				"south": {"uv": [5.5, 2.5, 8.25, 4.75], "texture": "#1"},
				"west": {"uv": [0, 6, 2.75, 8.25], "texture": "#1"},
				"up": {"uv": [2.75, 2.75, 0, 0], "texture": "#1"},
				"down": {"uv": [2.75, 3, 0, 5.75], "texture": "#1"}
			}
		},
		{
			"from": [5.75, 0, 5.75],
			"to": [10.25, 1.05, 10.25],
			"rotation": {"angle": 0, "axis": "y", "origin": [7.5, 0, 7.5]},
			"faces": {
				"north": {"uv": [8.5, 7, 10.75, 7.5], "texture": "#1"},
				"east": {"uv": [9.5, 10, 11.75, 10.5], "texture": "#1"},
				"south": {"uv": [0, 10.5, 2.25, 11], "texture": "#1"},
				"west": {"uv": [10.5, 7.5, 12.75, 8], "texture": "#1"},
				"up": {"uv": [8.25, 7.25, 6, 5], "texture": "#1"},
				"down": {"uv": [5.25, 7.5, 3, 9.75], "texture": "#1"}
			}
		},
		{
			"from": [5.75, 5, 5.75],
			"to": [10.25, 6.05, 10.25],
			"rotation": {"angle": 0, "axis": "y", "origin": [7.5, 0, 7.5]},
			"faces": {
				"north": {"uv": [10.5, 8, 12.75, 8.5], "texture": "#1"},
				"east": {"uv": [10.5, 8.5, 12.75, 9], "texture": "#1"},
				"south": {"uv": [10.5, 9, 12.75, 9.5], "texture": "#1"},
				"west": {"uv": [9.5, 10.5, 11.75, 11], "texture": "#1"},
				"up": {"uv": [7.75, 9.75, 5.5, 7.5], "texture": "#1"},
				"down": {"uv": [10.25, 7.5, 8, 9.75], "texture": "#1"}
			}
		},
		{
			"from": [7.25, 6.05, 6.75],
			"to": [8.75, 8.05, 7.25],
			"rotation": {"angle": 0, "axis": "y", "origin": [7.5, 0, 7.5]},
			"faces": {
				"north": {"uv": [11, 3, 11.75, 4], "texture": "#1"},
				"east": {"uv": [4, 12, 4.25, 13], "texture": "#1"},
				"south": {"uv": [11, 4, 11.75, 5], "texture": "#1"},
				"west": {"uv": [4.5, 12, 4.75, 13], "texture": "#1"},
				"up": {"uv": [8.25, 12.25, 7.5, 12], "texture": "#1"},
				"down": {"uv": [9.25, 12, 8.5, 12.25], "texture": "#1"}
			}
		},
		{
			"from": [6.75, 7.55, 6.25],
			"to": [9.25, 8.05, 6.75],
			"rotation": {"angle": 0, "axis": "y", "origin": [7.5, 0, 7.5]},
			"faces": {
				"north": {"uv": [11, 5, 12.25, 5.25], "texture": "#1"},
				"east": {"uv": [6, 12, 6.25, 12.25], "texture": "#1"},
				"south": {"uv": [11, 5.5, 12.25, 5.75], "texture": "#1"},
				"west": {"uv": [9.5, 12, 9.75, 12.25], "texture": "#1"},
				"up": {"uv": [12.25, 7.25, 11, 7], "texture": "#1"},
				"down": {"uv": [8.75, 11, 7.5, 11.25], "texture": "#1"}
			}
		},
		{
			"from": [6.75, 7.55, 9.25],
			"to": [9.25, 8.05, 9.75],
			"rotation": {"angle": 0, "axis": "y", "origin": [7.5, 0, 7.5]},
			"faces": {
				"north": {"uv": [11.5, 6, 12.75, 6.25], "texture": "#1"},
				"east": {"uv": [10.5, 12, 10.75, 12.25], "texture": "#1"},
				"south": {"uv": [11.5, 6.5, 12.75, 6.75], "texture": "#1"},
				"west": {"uv": [12, 10.5, 12.25, 10.75], "texture": "#1"},
				"up": {"uv": [8.75, 11.75, 7.5, 11.5], "texture": "#1"},
				"down": {"uv": [10.25, 11.5, 9, 11.75], "texture": "#1"}
			}
		},
		{
			"from": [6.25, 7.55, 6.75],
			"to": [6.75, 8.05, 9.25],
			"rotation": {"angle": 0, "axis": "y", "origin": [7.5, 0, 8.5]},
			"faces": {
				"north": {"uv": [10, 12, 10.25, 12.25], "texture": "#1"},
				"east": {"uv": [9, 11, 10.25, 11.25], "texture": "#1"},
				"south": {"uv": [12, 10, 12.25, 10.25], "texture": "#1"},
				"west": {"uv": [10.5, 11, 11.75, 11.25], "texture": "#1"},
				"up": {"uv": [0.25, 12.75, 0, 11.5], "texture": "#1"},
				"down": {"uv": [0.75, 11.5, 0.5, 12.75], "texture": "#1"}
			}
		},
		{
			"from": [9.25, 7.55, 6.75],
			"to": [9.75, 8.05, 9.25],
			"rotation": {"angle": 0, "axis": "y", "origin": [7.5, 0, 8.5]},
			"faces": {
				"north": {"uv": [11, 12, 11.25, 12.25], "texture": "#1"},
				"east": {"uv": [10.5, 11.5, 11.75, 11.75], "texture": "#1"},
				"south": {"uv": [12, 11, 12.25, 11.25], "texture": "#1"},
				"west": {"uv": [12, 1, 13.25, 1.25], "texture": "#1"},
				"up": {"uv": [1.25, 12.75, 1, 11.5], "texture": "#1"},
				"down": {"uv": [1.75, 11.5, 1.5, 12.75], "texture": "#1"}
			}
		},
		{
			"from": [8.75, 6.05, 6.75],
			"to": [9.25, 8.05, 9.25],
			"rotation": {"angle": 0, "axis": "y", "origin": [7.5, 0, 7.5]},
			"faces": {
				"north": {"uv": [3.5, 12, 3.75, 13], "texture": "#1"},
				"east": {"uv": [6.5, 10, 7.75, 11], "texture": "#1"},
				"south": {"uv": [12, 3.5, 12.25, 4.5], "texture": "#1"},
				"west": {"uv": [8, 10, 9.25, 11], "texture": "#1"},
				"up": {"uv": [6.75, 12.25, 6.5, 11], "texture": "#1"},
				"down": {"uv": [7.25, 11, 7, 12.25], "texture": "#1"}
			}
		},
		{
			"from": [6.75, 6.05, 6.75],
			"to": [7.25, 8.05, 9.25],
			"rotation": {"angle": 0, "axis": "y", "origin": [7.5, 0, 7.5]},
			"faces": {
				"north": {"uv": [12, 2.5, 12.25, 3.5], "texture": "#1"},
				"east": {"uv": [8.5, 6, 9.75, 7], "texture": "#1"},
				"south": {"uv": [3, 12, 3.25, 13], "texture": "#1"},
				"west": {"uv": [10, 6, 11.25, 7], "texture": "#1"},
				"up": {"uv": [2.75, 9.75, 2.5, 8.5], "texture": "#1"},
				"down": {"uv": [2.25, 11, 2, 12.25], "texture": "#1"}
			}
		},
		{
			"from": [7.25, 6.05, 8.75],
			"to": [8.75, 8.05, 9.25],
			"rotation": {"angle": 0, "axis": "y", "origin": [7.5, 0, 7.5]},
			"faces": {
				"north": {"uv": [11, 1, 11.75, 2], "texture": "#1"},
				"east": {"uv": [12, 1.5, 12.25, 2.5], "texture": "#1"},
				"south": {"uv": [11, 2, 11.75, 3], "texture": "#1"},
				"west": {"uv": [2.5, 12, 2.75, 13], "texture": "#1"},
				"up": {"uv": [12.75, 4.75, 12, 4.5], "texture": "#1"},
				"down": {"uv": [5.75, 12, 5, 12.25], "texture": "#1"}
			}
		},
		{
			"from": [6.6, 2.1, 5.2],
			"to": [9.4, 4.9, 5.2],
			"rotation": {"angle": 0, "axis": "y", "origin": [8, 0, 8]},
			"faces": {
				"north": {"uv": [0, 0, 16, 16], "texture": "#2"},
				"east": {"uv": [0, 0, 16, 16], "texture": "#2"},
				"south": {"uv": [0, 0, 16, 16], "texture": "#2"},
				"west": {"uv": [0, 0, 16, 16], "texture": "#2"},
				"up": {"uv": [0, 0, 1.4, 0], "texture": "#2"},
				"down": {"uv": [0, 0, 1.4, 0], "texture": "#2"}
			}
		},
		{
			"from": [5.2, 2.1, 6.6],
			"to": [5.2, 4.9, 9.4],
			"rotation": {"angle": 0, "axis": "y", "origin": [8, 0, 8]},
			"faces": {
				"north": {"uv": [0, 0, 16, 16], "texture": "#2"},
				"east": {"uv": [0, 0, 16, 16], "texture": "#2"},
				"south": {"uv": [0, 0, 16, 16], "texture": "#2"},
				"west": {"uv": [0, 0, 16, 16], "texture": "#2"},
				"up": {"uv": [0, 0, 1.4, 0], "rotation": 270, "texture": "#2"},
				"down": {"uv": [0, 0, 1.4, 0], "rotation": 90, "texture": "#2"}
			}
		},
		{
			"from": [6.6, 2.1, 10.8],
			"to": [9.4, 4.9, 10.8],
			"rotation": {"angle": 0, "axis": "y", "origin": [8, 0, 8]},
			"faces": {
				"north": {"uv": [0, 0, 16, 16], "texture": "#2"},
				"east": {"uv": [0, 0, 16, 16], "texture": "#2"},
				"south": {"uv": [0, 0, 16, 16], "texture": "#2"},
				"west": {"uv": [0, 0, 16, 16], "texture": "#2"},
				"up": {"uv": [0, 0, 1.4, 0], "rotation": 180, "texture": "#2"},
				"down": {"uv": [0, 0, 1.4, 0], "rotation": 180, "texture": "#2"}
			}
		},
		{
			"from": [10.8, 2.1, 6.6],
			"to": [10.8, 4.9, 9.4],
			"rotation": {"angle": 0, "axis": "y", "origin": [8, 0, 8]},
			"faces": {
				"north": {"uv": [0, 0, 16, 16], "texture": "#2"},
				"east": {"uv": [0, 0, 16, 16], "texture": "#2"},
				"south": {"uv": [0, 0, 16, 16], "texture": "#2"},
				"west": {"uv": [0, 0, 16, 16], "texture": "#2"},
				"up": {"uv": [0, 0, 1.4, 0], "rotation": 90, "texture": "#2"},
				"down": {"uv": [0, 0, 1.4, 0], "rotation": 270, "texture": "#2"}
			}
		}
	],
	"display": {
		"thirdperson_righthand": {
			"translation": [0, 7.75, 1]
		},
		"thirdperson_lefthand": {
			"translation": [0, 7.75, 1]
		},
		"firstperson_righthand": {
			"translation": [0, 5, 0]
		},
		"firstperson_lefthand": {
			"translation": [0, 5, 0]
		},
		"ground": {
			"translation": [0, 5.5, 0]
		},
		"gui": {
			"rotation": [30, 225, 0],
			"translation": [0, 5.5, 0],
			"scale": [1.53, 1.53, 1.53]
		},
		"head": {
			"translation": [0, 13.5, 0],
			"scale": [2.43, 2.43, 2.43]
		},
		"fixed": {
			"translation": [0, 7.75, 0],
			"scale": [1.95, 1.95, 1.95]
		}
	}
}