{"textures":{"0":"item/mobs/scorpion/poison_puddle"},"elements":[{"from":[2.2651424,1.099771,7.92],"to":[14.670172,13.504801,7.92],"rotation":{"angle":0.0,"axis":"y","origin":[1.4898281,9.511931,13.3472]},"faces":{"east":{"uv":[7.25,9.25,7.25,11.25],"rotation":0,"texture":"#0","tintindex":0},"south":{"uv":[9.0,2.25,11.0,4.25],"rotation":0,"texture":"#0","tintindex":0},"north":{"uv":[11.0,2.25,9.0,4.25],"rotation":0,"texture":"#0","tintindex":0},"west":{"uv":[7.5,9.25,7.5,11.25],"rotation":0,"texture":"#0","tintindex":0},"up":{"uv":[11.0,8.5,9.0,8.5],"rotation":0,"texture":"#0","tintindex":0},"down":{"uv":[11.0,8.75,9.0,8.75],"rotation":0,"texture":"#0","tintindex":0}}},{"from":[7.6923428,1.099771,0.9421711],"to":[7.6923428,13.504801,13.3472],"rotation":{"angle":0.0,"axis":"y","origin":[13.894857,9.511931,14.897829]},"faces":{"east":{"uv":[9.0,2.25,11.0,4.25],"rotation":0,"texture":"#0","tintindex":0},"south":{"uv":[7.5,9.25,7.5,11.25],"rotation":0,"texture":"#0","tintindex":0},"north":{"uv":[7.25,9.25,7.25,11.25],"rotation":0,"texture":"#0","tintindex":0},"west":{"uv":[11.0,2.25,9.0,4.25],"rotation":0,"texture":"#0","tintindex":0},"up":{"uv":[11.0,8.5,9.0,8.5],"rotation":270,"texture":"#0","tintindex":0},"down":{"uv":[11.0,8.75,9.0,8.75],"rotation":90,"texture":"#0","tintindex":0}}}],"display":{"head":{"translation":[0.0,-6.4,0.0],"scale":[4.0,4.0,4.0]}}}