{"textures":{"0":"item/mobs/zaku/001"},"elements":[{"from":[-16.0,8.0,-3.2000008],"to":[19.2,8.0,32.0],"rotation":{"angle":0.0,"axis":"y","origin":[1.6000004,8.0,14.4]},"faces":{"east":{"uv":[0.0,0.0,16.0,0.0],"rotation":0,"texture":"#0","tintindex":0},"south":{"uv":[0.0,0.0,16.0,0.0],"rotation":0,"texture":"#0","tintindex":0},"north":{"uv":[0.0,0.0,16.0,0.0],"rotation":0,"texture":"#0","tintindex":0},"west":{"uv":[0.0,0.0,16.0,0.0],"rotation":0,"texture":"#0","tintindex":0},"up":{"uv":[0.0,8.0,8.0,16.0],"rotation":0,"texture":"#0","tintindex":0},"down":{"uv":[0.0,16.0,8.0,8.0],"rotation":0,"texture":"#0","tintindex":0}}}],"display":{"head":{"translation":[-44.800003,-6.4,44.800003],"scale":[4.0,4.0,4.0]}}}