{
	"credit": "Made with Blockbench",
	"texture_size": [64, 64],
	"textures": {
		"0": "item/misc/gui/research_table/button_idle",
		"particle": "item/misc/gui/research_table/button_idle"
	},
	"elements": [
		{
			"from": [-16, 0, 0],
			"to": [32, 16, 0],
			"faces": {
				"north": {"uv": [0, 4, 12, 8], "texture": "#0"},
				"east": {"uv": [0, 0, 0, 4], "texture": "#0"},
				"south": {"uv": [0, 4, 12, 8], "texture": "#0"},
				"west": {"uv": [0, 0, 0, 4], "texture": "#0"},
				"up": {"uv": [12, 0, 0, 0], "texture": "#0"},
				"down": {"uv": [12, 0, 0, 0], "texture": "#0"}
			}
		}
	],
	"gui_light": "front",
	"display": {}
}