{"textures":{"0":"item/mobs/toro_type02"},"elements":[{"from":[3.926857,7.490857,2.008914],"to":[12.073143,8.305486,7.711314],"rotation":{"angle":0.0,"axis":"y","origin":[-3.4048014,-45.460003,-0.4349718]},"faces":{"east":{"uv":[1.125,3.9375,0.875,3.96875],"rotation":0,"texture":"#0","tintindex":0},"south":{"uv":[7.96875,0.28125,7.625,0.3125],"rotation":0,"texture":"#0","tintindex":0},"north":{"uv":[5.53125,4.0,5.1875,4.03125],"rotation":0,"texture":"#0","tintindex":0},"west":{"uv":[0.875,2.0625,0.625,2.09375],"rotation":0,"texture":"#0","tintindex":0},"up":{"uv":[6.46875,5.96875,6.8125,5.71875],"rotation":0,"texture":"#0","tintindex":0},"down":{"uv":[6.46875,5.96875,6.8125,6.21875],"rotation":0,"texture":"#0","tintindex":0}}},{"from":[3.7231998,7.490857,7.1003428],"to":[12.2768,8.7128,8.322286],"rotation":{"angle":0.0,"axis":"y","origin":[-3.4048014,-45.460003,-0.4349718]},"faces":{"east":{"uv":[4.0,1.53125,3.9375,1.59375],"rotation":0,"texture":"#0","tintindex":0},"south":{"uv":[0.375,3.375,0.0,3.4375],"rotation":0,"texture":"#0","tintindex":0},"north":{"uv":[3.46875,1.25,3.09375,1.3125],"rotation":0,"texture":"#0","tintindex":0},"west":{"uv":[3.5,0.65625,3.4375,0.71875],"rotation":0,"texture":"#0","tintindex":0},"up":{"uv":[5.09375,4.96875,5.46875,4.90625],"rotation":0,"texture":"#0","tintindex":0},"down":{"uv":[5.96875,2.375,6.34375,2.4375],"rotation":0,"texture":"#0","tintindex":0}}}],"display":{"head":{"translation":[0.0,-6.4,0.0],"scale":[4.0,4.0,4.0]}}}