{"textures":{"0":"item/mobs/toro_type02"},"elements":[{"from":[5.556114,7.3890285,7.3211427],"to":[10.443886,12.2768,12.208915],"rotation":{"angle":0.0,"axis":"y","origin":[8.0,-32.324116,10.783315]},"faces":{"east":{"uv":[3.65625,7.1875,3.875,7.40625],"rotation":0,"texture":"#0","tintindex":0},"south":{"uv":[5.125,7.1875,5.34375,7.40625],"rotation":0,"texture":"#0","tintindex":0},"north":{"uv":[7.1875,3.21875,7.40625,3.4375],"rotation":0,"texture":"#0","tintindex":0},"west":{"uv":[7.1875,5.1875,7.40625,5.40625],"rotation":0,"texture":"#0","tintindex":0},"up":{"uv":[6.03125,7.40625,5.8125,7.1875],"rotation":0,"texture":"#0","tintindex":0},"down":{"uv":[7.40625,6.34375,7.1875,6.5625],"rotation":0,"texture":"#0","tintindex":0}}},{"from":[6.2061715,5.7597713,6.302857],"to":[7.0208,8.407314,7.932114],"rotation":{"angle":0.0,"axis":"y","origin":[7.8354287,-32.324116,10.783315]},"faces":{"east":{"uv":[1.1875,4.40625,1.25,4.53125],"rotation":0,"texture":"#0","tintindex":0},"south":{"uv":[2.4375,5.375,2.46875,5.5],"rotation":0,"texture":"#0","tintindex":0},"north":{"uv":[4.90625,2.0625,4.9375,2.1875],"rotation":0,"texture":"#0","tintindex":0},"west":{"uv":[2.125,4.625,2.1875,4.75],"rotation":0,"texture":"#0","tintindex":0},"up":{"uv":[3.53125,1.65625,3.5,1.59375],"rotation":0,"texture":"#0","tintindex":0},"down":{"uv":[3.53125,2.21875,3.5,2.28125],"rotation":0,"texture":"#0","tintindex":0}}},{"from":[8.9792,5.7597713,6.302857],"to":[9.793829,8.407314,7.932114],"rotation":{"angle":0.0,"axis":"y","origin":[8.164572,-32.324116,10.783315]},"faces":{"east":{"uv":[2.1875,4.625,2.125,4.75],"rotation":0,"texture":"#0","tintindex":0},"south":{"uv":[2.46875,5.375,2.4375,5.5],"rotation":0,"texture":"#0","tintindex":0},"north":{"uv":[4.9375,2.0625,4.90625,2.1875],"rotation":0,"texture":"#0","tintindex":0},"west":{"uv":[1.25,4.40625,1.1875,4.53125],"rotation":0,"texture":"#0","tintindex":0},"up":{"uv":[3.5,1.65625,3.53125,1.59375],"rotation":0,"texture":"#0","tintindex":0},"down":{"uv":[3.5,2.21875,3.53125,2.28125],"rotation":0,"texture":"#0","tintindex":0}}}],"display":{"head":{"translation":[0.0,-6.4,0.0],"scale":[4.0,4.0,4.0]}}}