{"textures":{},"elements":[{"from":[7.714286,7.714286,7.714286],"to":[8.285714,8.285714,8.285714],"rotation":{"angle":0.0,"axis":"y","origin":[8.285714,7.714286,7.714286]},"faces":{"east":{"uv":[0.03125,0.0,0.0,0.03125],"rotation":0,"texture":"#missing","tintindex":0},"south":{"uv":[0.03125,0.0,0.0,0.03125],"rotation":0,"texture":"#missing","tintindex":0},"north":{"uv":[0.03125,0.0,0.0,0.03125],"rotation":0,"texture":"#missing","tintindex":0},"west":{"uv":[0.03125,0.0,0.0,0.03125],"rotation":0,"texture":"#missing","tintindex":0},"up":{"uv":[0.03125,0.0,0.0,0.03125],"rotation":0,"texture":"#missing","tintindex":0},"down":{"uv":[0.03125,0.0,0.0,0.03125],"rotation":0,"texture":"#missing","tintindex":0}}}],"display":{"head":{"translation":[0.0,-6.4,0.0],"scale":[4.0,4.0,4.0]}}}