{"textures":{"0":"item/mobs/scorpion/scorpion_baby"},"elements":[{"from":[6.1298757,6.7208924,7.4410715],"to":[8.41559,7.8637495,8.555357],"rotation":{"angle":45.0,"axis":"z","origin":[7.2727327,7.292321,7.7125]},"faces":{"east":{"uv":[12.0,8.75,12.5,9.25],"rotation":0,"texture":"#0","tintindex":0},"south":{"uv":[6.0,10.0,7.0,10.5],"rotation":0,"texture":"#0","tintindex":0},"north":{"uv":[4.75,10.0,5.75,10.5],"rotation":0,"texture":"#0","tintindex":0},"west":{"uv":[12.0,9.5,12.5,10.0],"rotation":0,"texture":"#0","tintindex":0},"up":{"uv":[11.0,10.0,10.0,9.5],"rotation":0,"texture":"#0","tintindex":0},"down":{"uv":[11.25,0.0,10.25,0.5],"rotation":0,"texture":"#0","tintindex":0}}}],"display":{"head":{"translation":[0.0,-6.4,0.0],"scale":[4.0,4.0,4.0]}}}