{"textures":{"0":"item/mobs/scorpion/scorpion_baby"},"elements":[{"from":[7.611134,6.1387224,7.410714],"to":[8.753991,7.853008,8.596429],"rotation":{"angle":22.5,"axis":"z","origin":[7.32542,7.2815795,7.9964285]},"faces":{"east":{"uv":[7.75,11.25,7.25,12.0],"rotation":0,"texture":"#0","tintindex":0},"south":{"uv":[2.75,11.25,2.25,12.0],"rotation":0,"texture":"#0","tintindex":0},"north":{"uv":[1.25,11.25,0.75,12.0],"rotation":0,"texture":"#0","tintindex":0},"west":{"uv":[2.0,11.25,1.5,12.0],"rotation":0,"texture":"#0","tintindex":0},"up":{"uv":[1.5,12.75,2.0,12.25],"rotation":0,"texture":"#0","tintindex":0},"down":{"uv":[12.25,1.5,12.75,2.0],"rotation":0,"texture":"#0","tintindex":0}}},{"from":[8.344774,5.597229,7.7107143],"to":[8.916203,6.740086,8.282143],"rotation":{"angle":0.0,"axis":"y","origin":[8.773345,6.0258,7.9964285]},"faces":{"east":{"uv":[11.25,7.75,11.0,8.25],"rotation":0,"texture":"#0","tintindex":0},"south":{"uv":[7.5,9.75,7.25,10.25],"rotation":0,"texture":"#0","tintindex":0},"north":{"uv":[7.0,7.75,6.75,8.25],"rotation":0,"texture":"#0","tintindex":0},"west":{"uv":[1.25,8.25,1.0,8.75],"rotation":0,"texture":"#0","tintindex":0},"up":{"uv":[4.0,2.0,4.25,1.75],"rotation":0,"texture":"#0","tintindex":0},"down":{"uv":[11.0,1.5,11.25,1.75],"rotation":0,"texture":"#0","tintindex":0}}}],"display":{"head":{"translation":[0.0,-6.4,0.0],"scale":[4.0,4.0,4.0]}}}