{
	"credit": "Made by FeignedMars4438 (Aidennn#0682 on discord)",
	"texture_size": [48, 48],
	"textures": {
		"0": "item/furniture/chair",
		"particle": "item/furniture/chair"
	},
	"elements": [
		{
			"from": [0, 2, 0],
			"to": [16, 3, 1],
			"faces": {
				"north": {"uv": [3, 7, 8.33333, 7.33333], "texture": "#0"},
				"east": {"uv": [0.66667, 9.33333, 1, 9.66667], "texture": "#0"},
				"south": {"uv": [7, 4, 12.33333, 4.33333], "texture": "#0"},
				"west": {"uv": [4.33333, 9.33333, 4.66667, 9.66667], "texture": "#0"},
				"up": {"uv": [12.33333, 4.66667, 7, 4.33333], "texture": "#0"},
				"down": {"uv": [12.33333, 4.66667, 7, 5], "texture": "#0"}
			}
		},
		{
			"from": [15, 1.5, 0],
			"to": [16, 3, 1],
			"faces": {
				"north": {"uv": [10.33333, 0, 10.66667, 0.66667], "texture": "#0"},
				"east": {"uv": [0.66667, 10.33333, 1, 11], "texture": "#0"},
				"south": {"uv": [10.33333, 0.66667, 10.66667, 1.33333], "texture": "#0"},
				"west": {"uv": [1, 10.33333, 1.33333, 11], "texture": "#0"},
				"up": {"uv": [10.66667, 10.33333, 10.33333, 10], "texture": "#0"},
				"down": {"uv": [10.66667, 10.33333, 10.33333, 10.66667], "texture": "#0"}
			}
		},
		{
			"from": [7.5, 1.5, -7.5],
			"to": [8.5, 3, -6.5],
			"faces": {
				"north": {"uv": [2.33333, 10.33333, 2.66667, 11], "texture": "#0"},
				"east": {"uv": [10.33333, 3.33333, 10.66667, 4], "texture": "#0"},
				"south": {"uv": [4.33333, 10.33333, 4.66667, 11], "texture": "#0"},
				"west": {"uv": [4.66667, 10.33333, 5, 11], "texture": "#0"},
				"up": {"uv": [11, 1.66667, 10.66667, 1.33333], "texture": "#0"},
				"down": {"uv": [11, 1.66667, 10.66667, 2], "texture": "#0"}
			}
		},
		{
			"from": [7.075, 0, -7.925],
			"to": [8.925, 1.5, -6.075],
			"faces": {
				"north": {"uv": [8, 8.66667, 8.66667, 9.33333], "texture": "#0"},
				"east": {"uv": [8.66667, 8.66667, 9.33333, 9.33333], "texture": "#0"},
				"south": {"uv": [9, 0, 9.66667, 0.66667], "texture": "#0"},
				"west": {"uv": [9, 0.66667, 9.66667, 1.33333], "texture": "#0"},
				"up": {"uv": [1.66667, 9.66667, 1, 9], "texture": "#0"},
				"down": {"uv": [9.66667, 1.33333, 9, 2], "texture": "#0"}
			}
		},
		{
			"from": [7.075, 0, 7.075],
			"to": [8.925, 1.5, 8.925],
			"faces": {
				"north": {"uv": [9.66667, 0.66667, 10.33333, 1.33333], "texture": "#0"},
				"east": {"uv": [1.33333, 9.66667, 2, 10.33333], "texture": "#0"},
				"south": {"uv": [9.66667, 1.33333, 10.33333, 2], "texture": "#0"},
				"west": {"uv": [2, 9.66667, 2.66667, 10.33333], "texture": "#0"},
				"up": {"uv": [5, 10.33333, 4.33333, 9.66667], "texture": "#0"},
				"down": {"uv": [5.66667, 9.66667, 5, 10.33333], "texture": "#0"}
			}
		},
		{
			"from": [-0.425, 0, -0.425],
			"to": [1.425, 1.5, 1.425],
			"faces": {
				"north": {"uv": [1.66667, 9, 2.33333, 9.66667], "texture": "#0"},
				"east": {"uv": [2.33333, 9, 3, 9.66667], "texture": "#0"},
				"south": {"uv": [9, 6.33333, 9.66667, 7], "texture": "#0"},
				"west": {"uv": [0, 9.33333, 0.66667, 10], "texture": "#0"},
				"up": {"uv": [4.33333, 10, 3.66667, 9.33333], "texture": "#0"},
				"down": {"uv": [8.66667, 9.33333, 8, 10], "texture": "#0"}
			}
		},
		{
			"from": [14.575, 0, -0.425],
			"to": [16.425, 1.5, 1.425],
			"faces": {
				"north": {"uv": [9.33333, 8, 10, 8.66667], "texture": "#0"},
				"east": {"uv": [8.66667, 9.33333, 9.33333, 10], "texture": "#0"},
				"south": {"uv": [9.33333, 8.66667, 10, 9.33333], "texture": "#0"},
				"west": {"uv": [9.33333, 9.33333, 10, 10], "texture": "#0"},
				"up": {"uv": [10.33333, 0.66667, 9.66667, 0], "texture": "#0"},
				"down": {"uv": [1.33333, 9.66667, 0.66667, 10.33333], "texture": "#0"}
			}
		},
		{
			"from": [7.5, 1.5, 7.5],
			"to": [8.5, 3, 8.5],
			"faces": {
				"north": {"uv": [5, 10.33333, 5.33333, 11], "texture": "#0"},
				"east": {"uv": [5.33333, 10.33333, 5.66667, 11], "texture": "#0"},
				"south": {"uv": [10.33333, 5.66667, 10.66667, 6.33333], "texture": "#0"},
				"west": {"uv": [7.33333, 10.33333, 7.66667, 11], "texture": "#0"},
				"up": {"uv": [11, 3.66667, 10.66667, 3.33333], "texture": "#0"},
				"down": {"uv": [11, 3.66667, 10.66667, 4], "texture": "#0"}
			}
		},
		{
			"from": [0, 1.5, 0],
			"to": [1, 3, 1],
			"faces": {
				"north": {"uv": [1.33333, 10.33333, 1.66667, 11], "texture": "#0"},
				"east": {"uv": [10.33333, 1.33333, 10.66667, 2], "texture": "#0"},
				"south": {"uv": [1.66667, 10.33333, 2, 11], "texture": "#0"},
				"west": {"uv": [2, 10.33333, 2.33333, 11], "texture": "#0"},
				"up": {"uv": [11, 0.33333, 10.66667, 0], "texture": "#0"},
				"down": {"uv": [11, 0.33333, 10.66667, 0.66667], "texture": "#0"}
			}
		},
		{
			"from": [7.5, 2, -7.5],
			"to": [8.5, 3, 8.5],
			"rotation": {"angle": 0, "axis": "y", "origin": [8, 0.5, 0.5]},
			"faces": {
				"north": {"uv": [10.66667, 0.66667, 11, 1], "texture": "#0"},
				"east": {"uv": [7, 5, 12.33333, 5.33333], "texture": "#0"},
				"south": {"uv": [10.66667, 1, 11, 1.33333], "texture": "#0"},
				"west": {"uv": [7, 5.33333, 12.33333, 5.66667], "texture": "#0"},
				"up": {"uv": [3.33333, 12.66667, 3, 7.33333], "texture": "#0"},
				"down": {"uv": [3.66667, 7.33333, 3.33333, 12.66667], "texture": "#0"}
			}
		},
		{
			"from": [6.75, 2, -0.75],
			"to": [9.25, 8, 1.75],
			"rotation": {"angle": 0, "axis": "y", "origin": [8, 0.5, 0.5]},
			"faces": {
				"north": {"uv": [7, 0, 8, 2], "texture": "#0"},
				"east": {"uv": [1, 7, 2, 9], "texture": "#0"},
				"south": {"uv": [2, 7, 3, 9], "texture": "#0"},
				"west": {"uv": [7, 2, 8, 4], "texture": "#0"},
				"up": {"uv": [9, 1, 8, 0], "texture": "#0"},
				"down": {"uv": [9, 1, 8, 2], "texture": "#0"}
			}
		},
		{
			"from": [6.75, 8.2, -5.425],
			"to": [9.25, 8.7, -3.175],
			"rotation": {"angle": 0, "axis": "y", "origin": [8, 11, -9.5]},
			"faces": {
				"north": {"uv": [8.33333, 7, 9.33333, 7.33333], "texture": "#0"},
				"east": {"uv": [7.33333, 9.66667, 8, 10], "texture": "#0"},
				"south": {"uv": [9.33333, 7, 10.33333, 7.33333], "texture": "#0"},
				"west": {"uv": [10, 9.66667, 10.66667, 10], "texture": "#0"},
				"up": {"uv": [9, 7, 8, 6.33333], "texture": "#0"},
				"down": {"uv": [8.33333, 8, 7.33333, 8.66667], "texture": "#0"}
			}
		},
		{
			"from": [6.75, 8.7, -5.425],
			"to": [9.25, 10.95, -4.925],
			"rotation": {"angle": 0, "axis": "y", "origin": [8, 10.075, -6.5]},
			"faces": {
				"north": {"uv": [8.33333, 8, 9.33333, 8.66667], "texture": "#0"},
				"east": {"uv": [7.66667, 10.33333, 8, 11], "texture": "#0"},
				"south": {"uv": [3.66667, 8.66667, 4.66667, 9.33333], "texture": "#0"},
				"west": {"uv": [8, 10.33333, 8.33333, 11], "texture": "#0"},
				"up": {"uv": [10.66667, 6.66667, 9.66667, 6.33333], "texture": "#0"},
				"down": {"uv": [10.66667, 6.66667, 9.66667, 7], "texture": "#0"}
			}
		},
		{
			"from": [13.425, 8.7, -0.75],
			"to": [13.925, 12.95, 1.75],
			"rotation": {"angle": 0, "axis": "y", "origin": [8, 10.075, -6.5]},
			"faces": {
				"north": {"uv": [2.66667, 9.66667, 3, 11], "texture": "#0"},
				"east": {"uv": [7, 5.66667, 8, 7], "texture": "#0"},
				"south": {"uv": [5.66667, 9.66667, 6, 11], "texture": "#0"},
				"west": {"uv": [3.66667, 7.33333, 4.66667, 8.66667], "texture": "#0"},
				"up": {"uv": [0.33333, 11, 0, 10], "texture": "#0"},
				"down": {"uv": [0.66667, 10, 0.33333, 11], "texture": "#0"}
			}
		},
		{
			"from": [11.675, 8.2, -0.75],
			"to": [13.925, 8.7, 1.75],
			"rotation": {"angle": 0, "axis": "y", "origin": [11, 11, -6.5]},
			"faces": {
				"north": {"uv": [10.33333, 7, 11, 7.33333], "texture": "#0"},
				"east": {"uv": [7.33333, 10, 8.33333, 10.33333], "texture": "#0"},
				"south": {"uv": [8.33333, 10.33333, 9, 10.66667], "texture": "#0"},
				"west": {"uv": [10, 8, 11, 8.33333], "texture": "#0"},
				"up": {"uv": [5.33333, 9.66667, 4.66667, 8.66667], "texture": "#0"},
				"down": {"uv": [6, 8.66667, 5.33333, 9.66667], "texture": "#0"}
			}
		},
		{
			"from": [2.075, 8.7, -0.75],
			"to": [2.575, 12.95, 1.75],
			"rotation": {"angle": 0, "axis": "y", "origin": [8, 10.075, -6.5]},
			"faces": {
				"north": {"uv": [6, 9.66667, 6.33333, 11], "texture": "#0"},
				"east": {"uv": [4.66667, 7.33333, 5.66667, 8.66667], "texture": "#0"},
				"south": {"uv": [6.33333, 9.66667, 6.66667, 11], "texture": "#0"},
				"west": {"uv": [5.66667, 7.33333, 6.66667, 8.66667], "texture": "#0"},
				"up": {"uv": [4, 11, 3.66667, 10], "texture": "#0"},
				"down": {"uv": [4.33333, 10, 4, 11], "texture": "#0"}
			}
		},
		{
			"from": [12.425, 11.95, -2.75],
			"to": [14.925, 12.95, 3.75],
			"rotation": {"angle": 0, "axis": "y", "origin": [8, 10.075, -6.5]},
			"faces": {
				"north": {"uv": [9.33333, 10, 10.33333, 10.33333], "texture": "#0"},
				"east": {"uv": [8, 5.66667, 10.33333, 6], "texture": "#0"},
				"south": {"uv": [10, 9.33333, 11, 9.66667], "texture": "#0"},
				"west": {"uv": [8, 6, 10.33333, 6.33333], "texture": "#0"},
				"up": {"uv": [7, 7, 6, 4.66667], "texture": "#0"},
				"down": {"uv": [1, 7, 0, 9.33333], "texture": "#0"}
			}
		},
		{
			"from": [1.075, 11.95, -2.75],
			"to": [3.575, 12.95, 3.75],
			"rotation": {"angle": 0, "axis": "y", "origin": [8, 10.075, -6.5]},
			"faces": {
				"north": {"uv": [10, 8.66667, 11, 9], "texture": "#0"},
				"east": {"uv": [8, 3.33333, 10.33333, 3.66667], "texture": "#0"},
				"south": {"uv": [10, 9, 11, 9.33333], "texture": "#0"},
				"west": {"uv": [8, 3.66667, 10.33333, 4], "texture": "#0"},
				"up": {"uv": [7, 2.33333, 6, 0], "texture": "#0"},
				"down": {"uv": [7, 2.33333, 6, 4.66667], "texture": "#0"}
			}
		},
		{
			"from": [2.075, 8.2, -0.75],
			"to": [4.325, 8.7, 1.75],
			"rotation": {"angle": 0, "axis": "y", "origin": [5, 11, -6.5]},
			"faces": {
				"north": {"uv": [9, 10.33333, 9.66667, 10.66667], "texture": "#0"},
				"east": {"uv": [8.33333, 10, 9.33333, 10.33333], "texture": "#0"},
				"south": {"uv": [9.66667, 10.33333, 10.33333, 10.66667], "texture": "#0"},
				"west": {"uv": [10, 8.33333, 11, 8.66667], "texture": "#0"},
				"up": {"uv": [6.66667, 9.66667, 6, 8.66667], "texture": "#0"},
				"down": {"uv": [8, 8.66667, 7.33333, 9.66667], "texture": "#0"}
			}
		},
		{
			"from": [3.75, 7.75, -3.425],
			"to": [12.25, 8.75, 6.075],
			"rotation": {"angle": 0, "axis": "y", "origin": [8, 8.5, 0.5]},
			"faces": {
				"north": {"uv": [8, 2, 11, 2.33333], "texture": "#0"},
				"east": {"uv": [7.33333, 7.33333, 10.66667, 7.66667], "texture": "#0"},
				"south": {"uv": [8, 2.33333, 11, 2.66667], "texture": "#0"},
				"west": {"uv": [7.33333, 7.66667, 10.66667, 8], "texture": "#0"},
				"up": {"uv": [3, 7, 0, 3.66667], "texture": "#0"},
				"down": {"uv": [6, 3.66667, 3, 7], "texture": "#0"}
			}
		},
		{
			"from": [3.75, 9.4, -5.175],
			"to": [12.25, 19.9, -4.175],
			"rotation": {"angle": 0, "axis": "y", "origin": [8, 8.5, 0.5]},
			"faces": {
				"north": {"uv": [0, 0, 3, 3.66667], "texture": "#0"},
				"east": {"uv": [6.66667, 7.33333, 7, 11], "texture": "#0"},
				"south": {"uv": [3, 0, 6, 3.66667], "texture": "#0"},
				"west": {"uv": [7, 7.33333, 7.33333, 11], "texture": "#0"},
				"up": {"uv": [11, 3, 8, 2.66667], "texture": "#0"},
				"down": {"uv": [11, 3, 8, 3.33333], "texture": "#0"}
			}
		}
	],
	"display": {
		"fixed": {
			"rotation": [-90, 0, 0],
			"translation": [0, 19.25, -18.5],
			"scale": [2.39, 2.39, 2.39]
		}
	}
}