{
	"credit": "Made by Aiden (feignedmars4438 on discord)",
	"texture_size": [128, 128],
	"textures": {
		"0": "item/furniture/desk/multimonitor",
		"particle": "item/furniture/desk/multimonitor"
	},
	"elements": [
		{
			"from": [-16, 14, 0],
			"to": [32, 15, 16],
			"rotation": {"angle": 0, "axis": "y", "origin": [0, 2, 0]},
			"faces": {
				"north": {"uv": [9.75, 0, 15.75, 0.125], "texture": "#0"},
				"east": {"uv": [9.75, 3, 11.75, 3.125], "texture": "#0"},
				"south": {"uv": [9.75, 0.125, 15.75, 0.25], "texture": "#0"},
				"west": {"uv": [9.75, 3.125, 11.75, 3.25], "texture": "#0"},
				"up": {"uv": [6, 2, 0, 0], "texture": "#0"},
				"down": {"uv": [6, 2, 0, 4], "texture": "#0"}
			}
		},
		{
			"from": [19, 2, 0],
			"to": [32, 14, 17],
			"rotation": {"angle": 0, "axis": "y", "origin": [0, 2, 0]},
			"faces": {
				"north": {"uv": [7.625, 6, 9.25, 7.5], "texture": "#0"},
				"east": {"uv": [7.625, 0, 9.75, 1.5], "texture": "#0"},
				"south": {"uv": [7.625, 7.5, 9.25, 9], "texture": "#0"},
				"west": {"uv": [7.625, 1.5, 9.75, 3], "texture": "#0"},
				"up": {"uv": [7.625, 2.125, 6, 0], "texture": "#0"},
				"down": {"uv": [7.625, 2.125, 6, 4.25], "texture": "#0"}
			}
		},
		{
			"from": [-3, 7, 11],
			"to": [19, 9, 14],
			"rotation": {"angle": 0, "axis": "y", "origin": [0, 2, 0]},
			"faces": {
				"north": {"uv": [9.75, 0.5, 12.5, 0.75], "texture": "#0"},
				"east": {"uv": [5.375, 8, 5.75, 8.25], "texture": "#0"},
				"south": {"uv": [9.75, 0.75, 12.5, 1], "texture": "#0"},
				"west": {"uv": [5.375, 8.25, 5.75, 8.5], "texture": "#0"},
				"up": {"uv": [12, 8.125, 9.25, 7.75], "texture": "#0"},
				"down": {"uv": [12, 8.125, 9.25, 8.5], "texture": "#0"}
			}
		},
		{
			"from": [-16, 2, 0],
			"to": [-3, 14, 17],
			"rotation": {"angle": 0, "axis": "y", "origin": [0, 2, 0]},
			"faces": {
				"north": {"uv": [0, 8, 1.625, 9.5], "texture": "#0"},
				"east": {"uv": [7.625, 3, 9.75, 4.5], "texture": "#0"},
				"south": {"uv": [1.625, 8, 3.25, 9.5], "texture": "#0"},
				"west": {"uv": [7.625, 4.5, 9.75, 6], "texture": "#0"},
				"up": {"uv": [7.625, 6.375, 6, 4.25], "texture": "#0"},
				"down": {"uv": [7.625, 6.375, 6, 8.5], "texture": "#0"}
			}
		},
		{
			"from": [-16, 14, 16],
			"to": [32, 26, 17],
			"rotation": {"angle": 0, "axis": "y", "origin": [0, 2, 0]},
			"faces": {
				"north": {"uv": [0, 4, 6, 6], "texture": "#0"},
				"east": {"uv": [6.625, 9.5, 6.75, 11.5], "texture": "#0"},
				"south": {"uv": [0, 6, 6, 8], "texture": "#0"},
				"west": {"uv": [6.75, 9.5, 6.875, 11.5], "texture": "#0"},
				"up": {"uv": [15.75, 0.375, 9.75, 0.25], "texture": "#0"},
				"down": {"uv": [15.75, 0.375, 9.75, 0.5], "texture": "#0"}
			}
		},
		{
			"from": [7.5, 21.42, 13.54],
			"to": [8.5, 22.42, 15.77],
			"rotation": {"angle": 0, "axis": "y", "origin": [8, 22, 13.795]},
			"faces": {
				"north": {"uv": [7.375, 9.5, 7.5, 9.625], "texture": "#0"},
				"east": {"uv": [5.75, 8, 6, 8.125], "texture": "#0"},
				"south": {"uv": [7.375, 9.625, 7.5, 9.75], "texture": "#0"},
				"west": {"uv": [5.75, 8.125, 6, 8.25], "texture": "#0"},
				"up": {"uv": [5.875, 8.5, 5.75, 8.25], "texture": "#0"},
				"down": {"uv": [6, 8.25, 5.875, 8.5], "texture": "#0"}
			}
		},
		{
			"from": [-0.4, 18.075, 12.81],
			"to": [16.4, 25.925, 13.285],
			"rotation": {"angle": 0, "axis": "y", "origin": [8, 22, 13.795]},
			"faces": {
				"north": {"uv": [3.25, 8, 5.375, 9], "texture": "#0"},
				"east": {"uv": [5.625, 10, 5.6875, 11], "texture": "#0"},
				"south": {"uv": [5.375, 8.5, 7.5, 9.5], "texture": "#0"},
				"west": {"uv": [5.75, 10, 5.8125, 11], "texture": "#0"},
				"up": {"uv": [11.875, 3.3125, 9.75, 3.25], "texture": "#0"},
				"down": {"uv": [11.875, 3.375, 9.75, 3.4375], "texture": "#0"}
			}
		},
		{
			"from": [1.5, 20, 13.31],
			"to": [14.5, 24, 13.81],
			"rotation": {"angle": 0, "axis": "y", "origin": [8, 22, 13.795]},
			"faces": {
				"north": {"uv": [0, 9.5, 1.625, 10], "texture": "#0"},
				"east": {"uv": [7.5, 8.5, 7.5625, 9], "texture": "#0"},
				"south": {"uv": [1.625, 9.5, 3.25, 10], "texture": "#0"},
				"west": {"uv": [5.125, 9, 5.1875, 9.5], "texture": "#0"},
				"up": {"uv": [5.625, 10.0625, 4, 10], "texture": "#0"},
				"down": {"uv": [9, 10, 7.375, 10.0625], "texture": "#0"}
			}
		},
		{
			"from": [16, 18, 12.56],
			"to": [16.5, 26, 13.31],
			"rotation": {"angle": 0, "axis": "y", "origin": [8, 22, 13.795]},
			"faces": {
				"north": {"uv": [5.875, 10, 5.9375, 11], "texture": "#0"},
				"east": {"uv": [6.875, 9.5, 7, 10.5], "texture": "#0"},
				"south": {"uv": [6, 10, 6.0625, 11], "texture": "#0"},
				"west": {"uv": [7, 9.5, 7.125, 10.5], "texture": "#0"},
				"up": {"uv": [10.0625, 10.375, 10, 10.25], "texture": "#0"},
				"down": {"uv": [10.3125, 10.25, 10.25, 10.375], "texture": "#0"}
			}
		},
		{
			"from": [-0.5, 18, 12.56],
			"to": [0, 26, 13.31],
			"rotation": {"angle": 0, "axis": "y", "origin": [8, 22, 13.795]},
			"faces": {
				"north": {"uv": [6.125, 10, 6.1875, 11], "texture": "#0"},
				"east": {"uv": [7.125, 9.5, 7.25, 10.5], "texture": "#0"},
				"south": {"uv": [6.25, 10, 6.3125, 11], "texture": "#0"},
				"west": {"uv": [7.25, 9.5, 7.375, 10.5], "texture": "#0"},
				"up": {"uv": [2.0625, 10.5, 2, 10.375], "texture": "#0"},
				"down": {"uv": [2.1875, 10.375, 2.125, 10.5], "texture": "#0"}
			}
		},
		{
			"from": [-0.5, 18, 12.56],
			"to": [16, 18.5, 13.31],
			"rotation": {"angle": 0, "axis": "y", "origin": [8, 22, 13.795]},
			"faces": {
				"north": {"uv": [9.75, 3.5, 11.8125, 3.5625], "texture": "#0"},
				"east": {"uv": [2.25, 10.375, 2.375, 10.4375], "texture": "#0"},
				"south": {"uv": [9.75, 3.625, 11.8125, 3.6875], "texture": "#0"},
				"west": {"uv": [2.375, 10.375, 2.5, 10.4375], "texture": "#0"},
				"up": {"uv": [11.8125, 2.625, 9.75, 2.5], "texture": "#0"},
				"down": {"uv": [11.8125, 2.625, 9.75, 2.75], "texture": "#0"}
			}
		},
		{
			"from": [-0.5, 25.5, 12.56],
			"to": [16, 26, 13.31],
			"rotation": {"angle": 0, "axis": "y", "origin": [8, 22, 13.795]},
			"faces": {
				"north": {"uv": [9.75, 3.75, 11.8125, 3.8125], "texture": "#0"},
				"east": {"uv": [2.5, 10.375, 2.625, 10.4375], "texture": "#0"},
				"south": {"uv": [9.75, 3.875, 11.8125, 3.9375], "texture": "#0"},
				"west": {"uv": [2.625, 10.375, 2.75, 10.4375], "texture": "#0"},
				"up": {"uv": [11.8125, 2.875, 9.75, 2.75], "texture": "#0"},
				"down": {"uv": [11.8125, 2.875, 9.75, 3], "texture": "#0"}
			}
		},
		{
			"from": [23.85853, 21.4896, 15.96779],
			"to": [24.73853, 22.3696, 23.03019],
			"rotation": {"angle": 22.5, "axis": "y", "origin": [9.90853, 22, 13.54219]},
			"faces": {
				"north": {"uv": [7.375, 9.75, 7.5, 9.875], "texture": "#0"},
				"east": {"uv": [0, 10, 0.875, 10.125], "texture": "#0"},
				"south": {"uv": [7.875, 10.25, 8, 10.375], "texture": "#0"},
				"west": {"uv": [0.875, 10, 1.75, 10.125], "texture": "#0"},
				"up": {"uv": [1.875, 10.875, 1.75, 10], "texture": "#0"},
				"down": {"uv": [2, 10, 1.875, 10.875], "texture": "#0"}
			}
		},
		{
			"from": [16.90653, 18.546, 15.32539],
			"to": [31.69053, 25.454, 15.74339],
			"rotation": {"angle": 22.5, "axis": "y", "origin": [9.90853, 22, 13.54219]},
			"faces": {
				"north": {"uv": [3.25, 9, 5.125, 9.875], "texture": "#0"},
				"east": {"uv": [0, 10.25, 0.0625, 11.125], "texture": "#0"},
				"south": {"uv": [7.5, 9, 9.375, 9.875], "texture": "#0"},
				"west": {"uv": [0.125, 10.25, 0.1875, 11.125], "texture": "#0"},
				"up": {"uv": [11.625, 4.0625, 9.75, 4], "texture": "#0"},
				"down": {"uv": [11.625, 4.125, 9.75, 4.1875], "texture": "#0"}
			}
		},
		{
			"from": [18.57853, 20.24, 15.76539],
			"to": [30.01853, 23.76, 16.20539],
			"rotation": {"angle": 22.5, "axis": "y", "origin": [9.90853, 22, 13.54219]},
			"faces": {
				"north": {"uv": [5.125, 9.5, 6.5625, 9.9375], "texture": "#0"},
				"east": {"uv": [5.25, 9, 5.3125, 9.4375], "texture": "#0"},
				"south": {"uv": [9.75, 1, 11.1875, 1.4375], "texture": "#0"},
				"west": {"uv": [9.25, 8.5, 9.3125, 8.9375], "texture": "#0"},
				"up": {"uv": [10.4375, 10.0625, 9, 10], "texture": "#0"},
				"down": {"uv": [1.4375, 10.125, 0, 10.1875], "texture": "#0"}
			}
		},
		{
			"from": [31.33853, 18.48, 15.10539],
			"to": [31.77853, 25.52, 15.76539],
			"rotation": {"angle": 22.5, "axis": "y", "origin": [9.90853, 22, 13.54219]},
			"faces": {
				"north": {"uv": [3.5, 10.125, 3.5625, 11], "texture": "#0"},
				"east": {"uv": [3.625, 10.125, 3.6875, 11], "texture": "#0"},
				"south": {"uv": [5.5, 10.125, 5.5625, 11], "texture": "#0"},
				"west": {"uv": [10.125, 10.125, 10.1875, 11], "texture": "#0"},
				"up": {"uv": [8.6875, 10.4375, 8.625, 10.375], "texture": "#0"},
				"down": {"uv": [8.8125, 10.375, 8.75, 10.4375], "texture": "#0"}
			}
		},
		{
			"from": [16.81853, 18.48, 15.10539],
			"to": [17.25853, 25.52, 15.76539],
			"rotation": {"angle": 22.5, "axis": "y", "origin": [9.90853, 22, 13.54219]},
			"faces": {
				"north": {"uv": [6.375, 10, 6.4375, 10.875], "texture": "#0"},
				"east": {"uv": [6.5, 10, 6.5625, 10.875], "texture": "#0"},
				"south": {"uv": [1.5, 10.125, 1.5625, 11], "texture": "#0"},
				"west": {"uv": [1.625, 10.125, 1.6875, 11], "texture": "#0"},
				"up": {"uv": [8.4375, 10.4375, 8.375, 10.375], "texture": "#0"},
				"down": {"uv": [8.5625, 10.375, 8.5, 10.4375], "texture": "#0"}
			}
		},
		{
			"from": [16.81853, 18.48, 15.10539],
			"to": [31.33853, 18.92, 15.76539],
			"rotation": {"angle": 22.5, "axis": "y", "origin": [9.90853, 22, 13.54219]},
			"faces": {
				"north": {"uv": [9.75, 5, 11.5625, 5.0625], "texture": "#0"},
				"east": {"uv": [8.125, 10.375, 8.1875, 10.4375], "texture": "#0"},
				"south": {"uv": [9.75, 5.125, 11.5625, 5.1875], "texture": "#0"},
				"west": {"uv": [8.25, 10.375, 8.3125, 10.4375], "texture": "#0"},
				"up": {"uv": [11.5625, 5.3125, 9.75, 5.25], "texture": "#0"},
				"down": {"uv": [11.5625, 5.375, 9.75, 5.4375], "texture": "#0"}
			}
		},
		{
			"from": [16.81853, 25.08, 15.10539],
			"to": [31.33853, 25.52, 15.76539],
			"rotation": {"angle": 22.5, "axis": "y", "origin": [9.90853, 22, 13.54219]},
			"faces": {
				"north": {"uv": [9.75, 4.5, 11.5625, 4.5625], "texture": "#0"},
				"east": {"uv": [7.875, 10.375, 7.9375, 10.4375], "texture": "#0"},
				"south": {"uv": [9.75, 4.625, 11.5625, 4.6875], "texture": "#0"},
				"west": {"uv": [8, 10.375, 8.0625, 10.4375], "texture": "#0"},
				"up": {"uv": [11.5625, 4.8125, 9.75, 4.75], "texture": "#0"},
				"down": {"uv": [11.5625, 4.875, 9.75, 4.9375], "texture": "#0"}
			}
		},
		{
			"from": [-15.33853, 25.08, 15.10539],
			"to": [-0.81853, 25.52, 15.76539],
			"rotation": {"angle": -22.5, "axis": "y", "origin": [6.09147, 22, 13.54219]},
			"faces": {
				"north": {"uv": [9.375, 9.75, 11.1875, 9.8125], "texture": "#0"},
				"east": {"uv": [9.625, 10.375, 9.6875, 10.4375], "texture": "#0"},
				"south": {"uv": [3.25, 9.875, 5.0625, 9.9375], "texture": "#0"},
				"west": {"uv": [9.75, 10.375, 9.8125, 10.4375], "texture": "#0"},
				"up": {"uv": [9.1875, 9.9375, 7.375, 9.875], "texture": "#0"},
				"down": {"uv": [11.0625, 9.875, 9.25, 9.9375], "texture": "#0"}
			}
		},
		{
			"from": [-15.33853, 18.48, 15.10539],
			"to": [-0.81853, 18.92, 15.76539],
			"rotation": {"angle": -22.5, "axis": "y", "origin": [6.09147, 22, 13.54219]},
			"faces": {
				"north": {"uv": [9.75, 5.5, 11.5625, 5.5625], "texture": "#0"},
				"east": {"uv": [9.375, 10.375, 9.4375, 10.4375], "texture": "#0"},
				"south": {"uv": [9.75, 5.625, 11.5625, 5.6875], "texture": "#0"},
				"west": {"uv": [9.5, 10.375, 9.5625, 10.4375], "texture": "#0"},
				"up": {"uv": [11.5625, 5.8125, 9.75, 5.75], "texture": "#0"},
				"down": {"uv": [11.5625, 5.875, 9.75, 5.9375], "texture": "#0"}
			}
		},
		{
			"from": [-1.25853, 18.48, 15.10539],
			"to": [-0.81853, 25.52, 15.76539],
			"rotation": {"angle": -22.5, "axis": "y", "origin": [6.09147, 22, 13.54219]},
			"faces": {
				"north": {"uv": [1, 10.25, 1.0625, 11.125], "texture": "#0"},
				"east": {"uv": [1.125, 10.25, 1.1875, 11.125], "texture": "#0"},
				"south": {"uv": [1.25, 10.25, 1.3125, 11.125], "texture": "#0"},
				"west": {"uv": [1.375, 10.25, 1.4375, 11.125], "texture": "#0"},
				"up": {"uv": [9.1875, 10.4375, 9.125, 10.375], "texture": "#0"},
				"down": {"uv": [9.3125, 10.375, 9.25, 10.4375], "texture": "#0"}
			}
		},
		{
			"from": [-15.77853, 18.48, 15.10539],
			"to": [-15.33853, 25.52, 15.76539],
			"rotation": {"angle": -22.5, "axis": "y", "origin": [6.09147, 22, 13.54219]},
			"faces": {
				"north": {"uv": [0.5, 10.25, 0.5625, 11.125], "texture": "#0"},
				"east": {"uv": [0.625, 10.25, 0.6875, 11.125], "texture": "#0"},
				"south": {"uv": [0.75, 10.25, 0.8125, 11.125], "texture": "#0"},
				"west": {"uv": [0.875, 10.25, 0.9375, 11.125], "texture": "#0"},
				"up": {"uv": [8.9375, 10.4375, 8.875, 10.375], "texture": "#0"},
				"down": {"uv": [9.0625, 10.375, 9, 10.4375], "texture": "#0"}
			}
		},
		{
			"from": [-14.01853, 20.24, 15.76539],
			"to": [-2.57853, 23.76, 16.20539],
			"rotation": {"angle": -22.5, "axis": "y", "origin": [6.09147, 22, 13.54219]},
			"faces": {
				"north": {"uv": [9.75, 1.5, 11.1875, 1.9375], "texture": "#0"},
				"east": {"uv": [3.25, 10.25, 3.3125, 10.6875], "texture": "#0"},
				"south": {"uv": [9.75, 2, 11.1875, 2.4375], "texture": "#0"},
				"west": {"uv": [3.375, 10.25, 3.4375, 10.6875], "texture": "#0"},
				"up": {"uv": [3.4375, 10.1875, 2, 10.125], "texture": "#0"},
				"down": {"uv": [5.4375, 10.125, 4, 10.1875], "texture": "#0"}
			}
		},
		{
			"from": [-15.69053, 18.546, 15.32539],
			"to": [-0.90653, 25.454, 15.74339],
			"rotation": {"angle": -22.5, "axis": "y", "origin": [6.09147, 22, 13.54219]},
			"faces": {
				"north": {"uv": [9.25, 6, 11.125, 6.875], "texture": "#0"},
				"east": {"uv": [0.25, 10.25, 0.3125, 11.125], "texture": "#0"},
				"south": {"uv": [9.25, 6.875, 11.125, 7.75], "texture": "#0"},
				"west": {"uv": [0.375, 10.25, 0.4375, 11.125], "texture": "#0"},
				"up": {"uv": [11.625, 4.3125, 9.75, 4.25], "texture": "#0"},
				"down": {"uv": [11.625, 4.375, 9.75, 4.4375], "texture": "#0"}
			}
		},
		{
			"from": [-8.73853, 21.4896, 15.96779],
			"to": [-7.85853, 22.3696, 23.03019],
			"rotation": {"angle": -22.5, "axis": "y", "origin": [6.09147, 22, 13.54219]},
			"faces": {
				"north": {"uv": [8, 10.25, 8.125, 10.375], "texture": "#0"},
				"east": {"uv": [2, 10, 2.875, 10.125], "texture": "#0"},
				"south": {"uv": [8.125, 10.25, 8.25, 10.375], "texture": "#0"},
				"west": {"uv": [2.875, 10, 3.75, 10.125], "texture": "#0"},
				"up": {"uv": [3.875, 10.875, 3.75, 10], "texture": "#0"},
				"down": {"uv": [4, 10, 3.875, 10.875], "texture": "#0"}
			}
		},
		{
			"from": [12.4, 14.91875, 5.875],
			"to": [12.95, 15.46875, 6.425],
			"rotation": {"angle": 0, "axis": "y", "origin": [8, 16.125, 10.5]},
			"faces": {
				"north": {"uv": [9.875, 10.375, 9.9375, 10.4375], "texture": "#0"},
				"east": {"uv": [10, 10.375, 10.0625, 10.4375], "texture": "#0"},
				"south": {"uv": [10.25, 10.375, 10.3125, 10.4375], "texture": "#0"},
				"west": {"uv": [10.375, 10.25, 10.4375, 10.3125], "texture": "#0"},
				"up": {"uv": [10.4375, 10.4375, 10.375, 10.375], "texture": "#0"},
				"down": {"uv": [2.0625, 10.5, 2, 10.5625], "texture": "#0"}
			}
		},
		{
			"from": [7.5875, 14.91875, 5.875],
			"to": [8.1375, 15.46875, 6.425],
			"rotation": {"angle": 0, "axis": "y", "origin": [8, 16.125, 10.5]},
			"faces": {
				"north": {"uv": [2.125, 10.5, 2.1875, 10.5625], "texture": "#0"},
				"east": {"uv": [2.25, 10.5, 2.3125, 10.5625], "texture": "#0"},
				"south": {"uv": [2.375, 10.5, 2.4375, 10.5625], "texture": "#0"},
				"west": {"uv": [2.5, 10.5, 2.5625, 10.5625], "texture": "#0"},
				"up": {"uv": [2.6875, 10.5625, 2.625, 10.5], "texture": "#0"},
				"down": {"uv": [2.8125, 10.5, 2.75, 10.5625], "texture": "#0"}
			}
		},
		{
			"from": [8.275, 14.91875, 5.875],
			"to": [8.825, 15.46875, 6.425],
			"rotation": {"angle": 0, "axis": "y", "origin": [8, 16.125, 10.5]},
			"faces": {
				"north": {"uv": [2.875, 10.5, 2.9375, 10.5625], "texture": "#0"},
				"east": {"uv": [3, 10.5, 3.0625, 10.5625], "texture": "#0"},
				"south": {"uv": [3.125, 10.5, 3.1875, 10.5625], "texture": "#0"},
				"west": {"uv": [4, 10.5, 4.0625, 10.5625], "texture": "#0"},
				"up": {"uv": [4.1875, 10.5625, 4.125, 10.5], "texture": "#0"},
				"down": {"uv": [4.3125, 10.5, 4.25, 10.5625], "texture": "#0"}
			}
		},
		{
			"from": [8.9625, 14.91875, 5.875],
			"to": [9.5125, 15.46875, 6.425],
			"rotation": {"angle": 0, "axis": "y", "origin": [8, 16.125, 10.5]},
			"faces": {
				"north": {"uv": [4.375, 10.5, 4.4375, 10.5625], "texture": "#0"},
				"east": {"uv": [4.5, 10.5, 4.5625, 10.5625], "texture": "#0"},
				"south": {"uv": [4.625, 10.5, 4.6875, 10.5625], "texture": "#0"},
				"west": {"uv": [4.75, 10.5, 4.8125, 10.5625], "texture": "#0"},
				"up": {"uv": [4.9375, 10.5625, 4.875, 10.5], "texture": "#0"},
				"down": {"uv": [5.0625, 10.5, 5, 10.5625], "texture": "#0"}
			}
		},
		{
			"from": [9.65, 14.91875, 5.875],
			"to": [10.2, 15.46875, 6.425],
			"rotation": {"angle": 0, "axis": "y", "origin": [8, 16.125, 10.5]},
			"faces": {
				"north": {"uv": [5.125, 10.5, 5.1875, 10.5625], "texture": "#0"},
				"east": {"uv": [5.25, 10.5, 5.3125, 10.5625], "texture": "#0"},
				"south": {"uv": [5.375, 10.5, 5.4375, 10.5625], "texture": "#0"},
				"west": {"uv": [6.875, 10.5, 6.9375, 10.5625], "texture": "#0"},
				"up": {"uv": [7.0625, 10.5625, 7, 10.5], "texture": "#0"},
				"down": {"uv": [7.1875, 10.5, 7.125, 10.5625], "texture": "#0"}
			}
		},
		{
			"from": [6.9, 14.91875, 5.875],
			"to": [7.45, 15.46875, 6.425],
			"rotation": {"angle": 0, "axis": "y", "origin": [8, 16.125, 10.5]},
			"faces": {
				"north": {"uv": [7.25, 10.5, 7.3125, 10.5625], "texture": "#0"},
				"east": {"uv": [7.375, 10.5, 7.4375, 10.5625], "texture": "#0"},
				"south": {"uv": [7.5, 10.5, 7.5625, 10.5625], "texture": "#0"},
				"west": {"uv": [7.625, 10.5, 7.6875, 10.5625], "texture": "#0"},
				"up": {"uv": [7.8125, 10.5625, 7.75, 10.5], "texture": "#0"},
				"down": {"uv": [7.9375, 10.5, 7.875, 10.5625], "texture": "#0"}
			}
		},
		{
			"from": [6.2125, 14.91875, 5.875],
			"to": [6.7625, 15.46875, 6.425],
			"rotation": {"angle": 0, "axis": "y", "origin": [8, 16.125, 10.5]},
			"faces": {
				"north": {"uv": [8, 10.5, 8.0625, 10.5625], "texture": "#0"},
				"east": {"uv": [8.125, 10.5, 8.1875, 10.5625], "texture": "#0"},
				"south": {"uv": [8.25, 10.5, 8.3125, 10.5625], "texture": "#0"},
				"west": {"uv": [8.375, 10.5, 8.4375, 10.5625], "texture": "#0"},
				"up": {"uv": [8.5625, 10.5625, 8.5, 10.5], "texture": "#0"},
				"down": {"uv": [8.6875, 10.5, 8.625, 10.5625], "texture": "#0"}
			}
		},
		{
			"from": [5.525, 14.91875, 5.875],
			"to": [6.075, 15.46875, 6.425],
			"rotation": {"angle": 0, "axis": "y", "origin": [8, 16.125, 10.5]},
			"faces": {
				"north": {"uv": [8.75, 10.5, 8.8125, 10.5625], "texture": "#0"},
				"east": {"uv": [8.875, 10.5, 8.9375, 10.5625], "texture": "#0"},
				"south": {"uv": [9, 10.5, 9.0625, 10.5625], "texture": "#0"},
				"west": {"uv": [9.125, 10.5, 9.1875, 10.5625], "texture": "#0"},
				"up": {"uv": [9.3125, 10.5625, 9.25, 10.5], "texture": "#0"},
				"down": {"uv": [9.4375, 10.5, 9.375, 10.5625], "texture": "#0"}
			}
		},
		{
			"from": [4.8375, 14.91875, 5.875],
			"to": [5.3875, 15.46875, 6.425],
			"rotation": {"angle": 0, "axis": "y", "origin": [8, 16.125, 10.5]},
			"faces": {
				"north": {"uv": [9.5, 10.5, 9.5625, 10.5625], "texture": "#0"},
				"east": {"uv": [9.625, 10.5, 9.6875, 10.5625], "texture": "#0"},
				"south": {"uv": [9.75, 10.5, 9.8125, 10.5625], "texture": "#0"},
				"west": {"uv": [9.875, 10.5, 9.9375, 10.5625], "texture": "#0"},
				"up": {"uv": [10.0625, 10.5625, 10, 10.5], "texture": "#0"},
				"down": {"uv": [10.5625, 10, 10.5, 10.0625], "texture": "#0"}
			}
		},
		{
			"from": [4.15, 14.91875, 5.875],
			"to": [4.7, 15.46875, 6.425],
			"rotation": {"angle": 0, "axis": "y", "origin": [8, 16.125, 10.5]},
			"faces": {
				"north": {"uv": [10.5, 10.125, 10.5625, 10.1875], "texture": "#0"},
				"east": {"uv": [10.25, 10.5, 10.3125, 10.5625], "texture": "#0"},
				"south": {"uv": [10.5, 10.25, 10.5625, 10.3125], "texture": "#0"},
				"west": {"uv": [10.375, 10.5, 10.4375, 10.5625], "texture": "#0"},
				"up": {"uv": [10.5625, 10.4375, 10.5, 10.375], "texture": "#0"},
				"down": {"uv": [10.5625, 10.5, 10.5, 10.5625], "texture": "#0"}
			}
		},
		{
			"from": [3.05, 14.91875, 5.05],
			"to": [3.6, 15.46875, 5.6],
			"rotation": {"angle": 0, "axis": "y", "origin": [8, 16.125, 10.5]},
			"faces": {
				"north": {"uv": [2, 10.625, 2.0625, 10.6875], "texture": "#0"},
				"east": {"uv": [2.125, 10.625, 2.1875, 10.6875], "texture": "#0"},
				"south": {"uv": [2.25, 10.625, 2.3125, 10.6875], "texture": "#0"},
				"west": {"uv": [2.375, 10.625, 2.4375, 10.6875], "texture": "#0"},
				"up": {"uv": [2.5625, 10.6875, 2.5, 10.625], "texture": "#0"},
				"down": {"uv": [2.6875, 10.625, 2.625, 10.6875], "texture": "#0"}
			}
		},
		{
			"from": [3.7375, 14.91875, 5.05],
			"to": [4.2875, 15.46875, 5.6],
			"rotation": {"angle": 0, "axis": "y", "origin": [8, 16.125, 10.5]},
			"faces": {
				"north": {"uv": [2.75, 10.625, 2.8125, 10.6875], "texture": "#0"},
				"east": {"uv": [2.875, 10.625, 2.9375, 10.6875], "texture": "#0"},
				"south": {"uv": [3, 10.625, 3.0625, 10.6875], "texture": "#0"},
				"west": {"uv": [3.125, 10.625, 3.1875, 10.6875], "texture": "#0"},
				"up": {"uv": [4.0625, 10.6875, 4, 10.625], "texture": "#0"},
				"down": {"uv": [4.1875, 10.625, 4.125, 10.6875], "texture": "#0"}
			}
		},
		{
			"from": [4.425, 14.91875, 5.05],
			"to": [4.975, 15.46875, 5.6],
			"rotation": {"angle": 0, "axis": "y", "origin": [8, 16.125, 10.5]},
			"faces": {
				"north": {"uv": [4.25, 10.625, 4.3125, 10.6875], "texture": "#0"},
				"east": {"uv": [4.375, 10.625, 4.4375, 10.6875], "texture": "#0"},
				"south": {"uv": [4.5, 10.625, 4.5625, 10.6875], "texture": "#0"},
				"west": {"uv": [4.625, 10.625, 4.6875, 10.6875], "texture": "#0"},
				"up": {"uv": [4.8125, 10.6875, 4.75, 10.625], "texture": "#0"},
				"down": {"uv": [4.9375, 10.625, 4.875, 10.6875], "texture": "#0"}
			}
		},
		{
			"from": [5.1125, 14.91875, 5.05],
			"to": [5.6625, 15.46875, 5.6],
			"rotation": {"angle": 0, "axis": "y", "origin": [8, 16.125, 10.5]},
			"faces": {
				"north": {"uv": [5, 10.625, 5.0625, 10.6875], "texture": "#0"},
				"east": {"uv": [5.125, 10.625, 5.1875, 10.6875], "texture": "#0"},
				"south": {"uv": [5.25, 10.625, 5.3125, 10.6875], "texture": "#0"},
				"west": {"uv": [5.375, 10.625, 5.4375, 10.6875], "texture": "#0"},
				"up": {"uv": [6.9375, 10.6875, 6.875, 10.625], "texture": "#0"},
				"down": {"uv": [7.0625, 10.625, 7, 10.6875], "texture": "#0"}
			}
		},
		{
			"from": [5.8, 14.91875, 5.05],
			"to": [6.35, 15.46875, 5.6],
			"rotation": {"angle": 0, "axis": "y", "origin": [8, 16.125, 10.5]},
			"faces": {
				"north": {"uv": [7.125, 10.625, 7.1875, 10.6875], "texture": "#0"},
				"east": {"uv": [7.25, 10.625, 7.3125, 10.6875], "texture": "#0"},
				"south": {"uv": [7.375, 10.625, 7.4375, 10.6875], "texture": "#0"},
				"west": {"uv": [7.5, 10.625, 7.5625, 10.6875], "texture": "#0"},
				"up": {"uv": [7.6875, 10.6875, 7.625, 10.625], "texture": "#0"},
				"down": {"uv": [7.8125, 10.625, 7.75, 10.6875], "texture": "#0"}
			}
		},
		{
			"from": [6.4875, 14.91875, 5.05],
			"to": [7.0375, 15.46875, 5.6],
			"rotation": {"angle": 0, "axis": "y", "origin": [8, 16.125, 10.5]},
			"faces": {
				"north": {"uv": [7.875, 10.625, 7.9375, 10.6875], "texture": "#0"},
				"east": {"uv": [8, 10.625, 8.0625, 10.6875], "texture": "#0"},
				"south": {"uv": [8.125, 10.625, 8.1875, 10.6875], "texture": "#0"},
				"west": {"uv": [8.25, 10.625, 8.3125, 10.6875], "texture": "#0"},
				"up": {"uv": [8.4375, 10.6875, 8.375, 10.625], "texture": "#0"},
				"down": {"uv": [8.5625, 10.625, 8.5, 10.6875], "texture": "#0"}
			}
		},
		{
			"from": [7.175, 14.91875, 5.05],
			"to": [7.725, 15.46875, 5.6],
			"rotation": {"angle": 0, "axis": "y", "origin": [8, 16.125, 10.5]},
			"faces": {
				"north": {"uv": [8.625, 10.625, 8.6875, 10.6875], "texture": "#0"},
				"east": {"uv": [8.75, 10.625, 8.8125, 10.6875], "texture": "#0"},
				"south": {"uv": [8.875, 10.625, 8.9375, 10.6875], "texture": "#0"},
				"west": {"uv": [9, 10.625, 9.0625, 10.6875], "texture": "#0"},
				"up": {"uv": [9.1875, 10.6875, 9.125, 10.625], "texture": "#0"},
				"down": {"uv": [9.3125, 10.625, 9.25, 10.6875], "texture": "#0"}
			}
		},
		{
			"from": [7.8625, 14.91875, 5.05],
			"to": [8.4125, 15.46875, 5.6],
			"rotation": {"angle": 0, "axis": "y", "origin": [8, 16.125, 10.5]},
			"faces": {
				"north": {"uv": [9.375, 10.625, 9.4375, 10.6875], "texture": "#0"},
				"east": {"uv": [9.5, 10.625, 9.5625, 10.6875], "texture": "#0"},
				"south": {"uv": [9.625, 10.625, 9.6875, 10.6875], "texture": "#0"},
				"west": {"uv": [9.75, 10.625, 9.8125, 10.6875], "texture": "#0"},
				"up": {"uv": [9.9375, 10.6875, 9.875, 10.625], "texture": "#0"},
				"down": {"uv": [10.0625, 10.625, 10, 10.6875], "texture": "#0"}
			}
		},
		{
			"from": [8.55, 14.91875, 5.05],
			"to": [9.1, 15.46875, 5.6],
			"rotation": {"angle": 0, "axis": "y", "origin": [8, 16.125, 10.5]},
			"faces": {
				"north": {"uv": [10.625, 10, 10.6875, 10.0625], "texture": "#0"},
				"east": {"uv": [10.625, 10.125, 10.6875, 10.1875], "texture": "#0"},
				"south": {"uv": [10.25, 10.625, 10.3125, 10.6875], "texture": "#0"},
				"west": {"uv": [10.625, 10.25, 10.6875, 10.3125], "texture": "#0"},
				"up": {"uv": [10.4375, 10.6875, 10.375, 10.625], "texture": "#0"},
				"down": {"uv": [10.6875, 10.375, 10.625, 10.4375], "texture": "#0"}
			}
		},
		{
			"from": [9.2375, 14.91875, 5.05],
			"to": [9.7875, 15.46875, 5.6],
			"rotation": {"angle": 0, "axis": "y", "origin": [8, 16.125, 10.5]},
			"faces": {
				"north": {"uv": [10.5, 10.625, 10.5625, 10.6875], "texture": "#0"},
				"east": {"uv": [10.625, 10.5, 10.6875, 10.5625], "texture": "#0"},
				"south": {"uv": [10.625, 10.625, 10.6875, 10.6875], "texture": "#0"},
				"west": {"uv": [2, 10.75, 2.0625, 10.8125], "texture": "#0"},
				"up": {"uv": [2.1875, 10.8125, 2.125, 10.75], "texture": "#0"},
				"down": {"uv": [2.3125, 10.75, 2.25, 10.8125], "texture": "#0"}
			}
		},
		{
			"from": [9.925, 14.91875, 5.05],
			"to": [10.475, 15.46875, 5.6],
			"rotation": {"angle": 0, "axis": "y", "origin": [8, 16.125, 10.5]},
			"faces": {
				"north": {"uv": [2.375, 10.75, 2.4375, 10.8125], "texture": "#0"},
				"east": {"uv": [2.5, 10.75, 2.5625, 10.8125], "texture": "#0"},
				"south": {"uv": [2.625, 10.75, 2.6875, 10.8125], "texture": "#0"},
				"west": {"uv": [2.75, 10.75, 2.8125, 10.8125], "texture": "#0"},
				"up": {"uv": [2.9375, 10.8125, 2.875, 10.75], "texture": "#0"},
				"down": {"uv": [3.0625, 10.75, 3, 10.8125], "texture": "#0"}
			}
		},
		{
			"from": [10.6125, 14.91875, 5.05],
			"to": [11.1625, 15.46875, 5.6],
			"rotation": {"angle": 0, "axis": "y", "origin": [8, 16.125, 10.5]},
			"faces": {
				"north": {"uv": [3.125, 10.75, 3.1875, 10.8125], "texture": "#0"},
				"east": {"uv": [3.25, 10.75, 3.3125, 10.8125], "texture": "#0"},
				"south": {"uv": [3.375, 10.75, 3.4375, 10.8125], "texture": "#0"},
				"west": {"uv": [4, 10.75, 4.0625, 10.8125], "texture": "#0"},
				"up": {"uv": [4.1875, 10.8125, 4.125, 10.75], "texture": "#0"},
				"down": {"uv": [4.3125, 10.75, 4.25, 10.8125], "texture": "#0"}
			}
		},
		{
			"from": [11.3, 14.91875, 5.05],
			"to": [11.85, 15.46875, 5.6],
			"rotation": {"angle": 0, "axis": "y", "origin": [8, 16.125, 10.5]},
			"faces": {
				"north": {"uv": [4.375, 10.75, 4.4375, 10.8125], "texture": "#0"},
				"east": {"uv": [4.5, 10.75, 4.5625, 10.8125], "texture": "#0"},
				"south": {"uv": [4.625, 10.75, 4.6875, 10.8125], "texture": "#0"},
				"west": {"uv": [4.75, 10.75, 4.8125, 10.8125], "texture": "#0"},
				"up": {"uv": [4.9375, 10.8125, 4.875, 10.75], "texture": "#0"},
				"down": {"uv": [5.0625, 10.75, 5, 10.8125], "texture": "#0"}
			}
		},
		{
			"from": [11.9875, 14.91875, 5.05],
			"to": [12.95, 15.46875, 5.6],
			"rotation": {"angle": 0, "axis": "y", "origin": [8, 16.125, 10.5]},
			"faces": {
				"north": {"uv": [2.75, 10.375, 2.875, 10.4375], "texture": "#0"},
				"east": {"uv": [5.125, 10.75, 5.1875, 10.8125], "texture": "#0"},
				"south": {"uv": [2.875, 10.375, 3, 10.4375], "texture": "#0"},
				"west": {"uv": [5.25, 10.75, 5.3125, 10.8125], "texture": "#0"},
				"up": {"uv": [3.125, 10.4375, 3, 10.375], "texture": "#0"},
				"down": {"uv": [3.25, 10.375, 3.125, 10.4375], "texture": "#0"}
			}
		},
		{
			"from": [3.05, 14.91875, 4.225],
			"to": [4.2875, 15.46875, 4.775],
			"rotation": {"angle": 0, "axis": "y", "origin": [8, 16.125, 10.5]},
			"faces": {
				"north": {"uv": [4, 10.375, 4.125, 10.4375], "texture": "#0"},
				"east": {"uv": [5.375, 10.75, 5.4375, 10.8125], "texture": "#0"},
				"south": {"uv": [4.125, 10.375, 4.25, 10.4375], "texture": "#0"},
				"west": {"uv": [6.875, 10.75, 6.9375, 10.8125], "texture": "#0"},
				"up": {"uv": [4.375, 10.4375, 4.25, 10.375], "texture": "#0"},
				"down": {"uv": [4.5, 10.375, 4.375, 10.4375], "texture": "#0"}
			}
		},
		{
			"from": [3.05, 14.91875, 3.4],
			"to": [4.5625, 15.46875, 3.95],
			"rotation": {"angle": 0, "axis": "y", "origin": [8, 16.125, 10.5]},
			"faces": {
				"north": {"uv": [8.25, 10.25, 8.4375, 10.3125], "texture": "#0"},
				"east": {"uv": [7, 10.75, 7.0625, 10.8125], "texture": "#0"},
				"south": {"uv": [8.5, 10.25, 8.6875, 10.3125], "texture": "#0"},
				"west": {"uv": [7.125, 10.75, 7.1875, 10.8125], "texture": "#0"},
				"up": {"uv": [8.9375, 10.3125, 8.75, 10.25], "texture": "#0"},
				"down": {"uv": [9.1875, 10.25, 9, 10.3125], "texture": "#0"}
			}
		},
		{
			"from": [4.425, 14.91875, 4.225],
			"to": [4.975, 15.46875, 4.775],
			"rotation": {"angle": 0, "axis": "y", "origin": [8, 16.125, 10.5]},
			"faces": {
				"north": {"uv": [7.25, 10.75, 7.3125, 10.8125], "texture": "#0"},
				"east": {"uv": [7.375, 10.75, 7.4375, 10.8125], "texture": "#0"},
				"south": {"uv": [7.5, 10.75, 7.5625, 10.8125], "texture": "#0"},
				"west": {"uv": [7.625, 10.75, 7.6875, 10.8125], "texture": "#0"},
				"up": {"uv": [7.8125, 10.8125, 7.75, 10.75], "texture": "#0"},
				"down": {"uv": [7.9375, 10.75, 7.875, 10.8125], "texture": "#0"}
			}
		},
		{
			"from": [6.4875, 14.91875, 4.225],
			"to": [7.0375, 15.46875, 4.775],
			"rotation": {"angle": 0, "axis": "y", "origin": [8, 16.125, 10.5]},
			"faces": {
				"north": {"uv": [8, 10.75, 8.0625, 10.8125], "texture": "#0"},
				"east": {"uv": [8.125, 10.75, 8.1875, 10.8125], "texture": "#0"},
				"south": {"uv": [8.25, 10.75, 8.3125, 10.8125], "texture": "#0"},
				"west": {"uv": [8.375, 10.75, 8.4375, 10.8125], "texture": "#0"},
				"up": {"uv": [8.5625, 10.8125, 8.5, 10.75], "texture": "#0"},
				"down": {"uv": [10.8125, 8.5, 10.75, 8.5625], "texture": "#0"}
			}
		},
		{
			"from": [5.8, 14.91875, 4.225],
			"to": [6.35, 15.46875, 4.775],
			"rotation": {"angle": 0, "axis": "y", "origin": [8, 16.125, 10.5]},
			"faces": {
				"north": {"uv": [8.625, 10.75, 8.6875, 10.8125], "texture": "#0"},
				"east": {"uv": [10.75, 8.625, 10.8125, 8.6875], "texture": "#0"},
				"south": {"uv": [8.75, 10.75, 8.8125, 10.8125], "texture": "#0"},
				"west": {"uv": [10.75, 8.75, 10.8125, 8.8125], "texture": "#0"},
				"up": {"uv": [8.9375, 10.8125, 8.875, 10.75], "texture": "#0"},
				"down": {"uv": [10.8125, 8.875, 10.75, 8.9375], "texture": "#0"}
			}
		},
		{
			"from": [5.1125, 14.91875, 4.225],
			"to": [5.6625, 15.46875, 4.775],
			"rotation": {"angle": 0, "axis": "y", "origin": [8, 16.125, 10.5]},
			"faces": {
				"north": {"uv": [9, 10.75, 9.0625, 10.8125], "texture": "#0"},
				"east": {"uv": [10.75, 9, 10.8125, 9.0625], "texture": "#0"},
				"south": {"uv": [9.125, 10.75, 9.1875, 10.8125], "texture": "#0"},
				"west": {"uv": [10.75, 9.125, 10.8125, 9.1875], "texture": "#0"},
				"up": {"uv": [9.3125, 10.8125, 9.25, 10.75], "texture": "#0"},
				"down": {"uv": [10.8125, 9.25, 10.75, 9.3125], "texture": "#0"}
			}
		},
		{
			"from": [8.55, 14.91875, 4.225],
			"to": [9.1, 15.46875, 4.775],
			"rotation": {"angle": 0, "axis": "y", "origin": [8, 16.125, 10.5]},
			"faces": {
				"north": {"uv": [9.375, 10.75, 9.4375, 10.8125], "texture": "#0"},
				"east": {"uv": [10.75, 9.375, 10.8125, 9.4375], "texture": "#0"},
				"south": {"uv": [9.5, 10.75, 9.5625, 10.8125], "texture": "#0"},
				"west": {"uv": [10.75, 9.5, 10.8125, 9.5625], "texture": "#0"},
				"up": {"uv": [9.6875, 10.8125, 9.625, 10.75], "texture": "#0"},
				"down": {"uv": [10.8125, 9.625, 10.75, 9.6875], "texture": "#0"}
			}
		},
		{
			"from": [7.8625, 14.91875, 4.225],
			"to": [8.4125, 15.46875, 4.775],
			"rotation": {"angle": 0, "axis": "y", "origin": [8, 16.125, 10.5]},
			"faces": {
				"north": {"uv": [9.75, 10.75, 9.8125, 10.8125], "texture": "#0"},
				"east": {"uv": [9.875, 10.75, 9.9375, 10.8125], "texture": "#0"},
				"south": {"uv": [10, 10.75, 10.0625, 10.8125], "texture": "#0"},
				"west": {"uv": [10.75, 10, 10.8125, 10.0625], "texture": "#0"},
				"up": {"uv": [10.8125, 10.1875, 10.75, 10.125], "texture": "#0"},
				"down": {"uv": [10.3125, 10.75, 10.25, 10.8125], "texture": "#0"}
			}
		},
		{
			"from": [7.175, 14.91875, 4.225],
			"to": [7.725, 15.46875, 4.775],
			"rotation": {"angle": 0, "axis": "y", "origin": [8, 16.125, 10.5]},
			"faces": {
				"north": {"uv": [10.75, 10.25, 10.8125, 10.3125], "texture": "#0"},
				"east": {"uv": [10.375, 10.75, 10.4375, 10.8125], "texture": "#0"},
				"south": {"uv": [10.75, 10.375, 10.8125, 10.4375], "texture": "#0"},
				"west": {"uv": [10.5, 10.75, 10.5625, 10.8125], "texture": "#0"},
				"up": {"uv": [10.8125, 10.5625, 10.75, 10.5], "texture": "#0"},
				"down": {"uv": [10.6875, 10.75, 10.625, 10.8125], "texture": "#0"}
			}
		},
		{
			"from": [10.6125, 14.91875, 4.225],
			"to": [11.1625, 15.46875, 4.775],
			"rotation": {"angle": 0, "axis": "y", "origin": [8, 16.125, 10.5]},
			"faces": {
				"north": {"uv": [10.75, 10.625, 10.8125, 10.6875], "texture": "#0"},
				"east": {"uv": [10.75, 10.75, 10.8125, 10.8125], "texture": "#0"},
				"south": {"uv": [1.75, 10.875, 1.8125, 10.9375], "texture": "#0"},
				"west": {"uv": [1.875, 10.875, 1.9375, 10.9375], "texture": "#0"},
				"up": {"uv": [2.0625, 10.9375, 2, 10.875], "texture": "#0"},
				"down": {"uv": [2.1875, 10.875, 2.125, 10.9375], "texture": "#0"}
			}
		},
		{
			"from": [9.925, 14.91875, 4.225],
			"to": [10.475, 15.46875, 4.775],
			"rotation": {"angle": 0, "axis": "y", "origin": [8, 16.125, 10.5]},
			"faces": {
				"north": {"uv": [2.25, 10.875, 2.3125, 10.9375], "texture": "#0"},
				"east": {"uv": [2.375, 10.875, 2.4375, 10.9375], "texture": "#0"},
				"south": {"uv": [2.5, 10.875, 2.5625, 10.9375], "texture": "#0"},
				"west": {"uv": [2.625, 10.875, 2.6875, 10.9375], "texture": "#0"},
				"up": {"uv": [2.8125, 10.9375, 2.75, 10.875], "texture": "#0"},
				"down": {"uv": [2.9375, 10.875, 2.875, 10.9375], "texture": "#0"}
			}
		},
		{
			"from": [9.2375, 14.91875, 4.225],
			"to": [9.7875, 15.46875, 4.775],
			"rotation": {"angle": 0, "axis": "y", "origin": [8, 16.125, 10.5]},
			"faces": {
				"north": {"uv": [3, 10.875, 3.0625, 10.9375], "texture": "#0"},
				"east": {"uv": [3.125, 10.875, 3.1875, 10.9375], "texture": "#0"},
				"south": {"uv": [3.25, 10.875, 3.3125, 10.9375], "texture": "#0"},
				"west": {"uv": [3.375, 10.875, 3.4375, 10.9375], "texture": "#0"},
				"up": {"uv": [3.8125, 10.9375, 3.75, 10.875], "texture": "#0"},
				"down": {"uv": [3.9375, 10.875, 3.875, 10.9375], "texture": "#0"}
			}
		},
		{
			"from": [11.9875, 14.91875, 4.225],
			"to": [12.95, 15.46875, 4.775],
			"rotation": {"angle": 0, "axis": "y", "origin": [8, 16.125, 10.5]},
			"faces": {
				"north": {"uv": [4.5, 10.375, 4.625, 10.4375], "texture": "#0"},
				"east": {"uv": [4, 10.875, 4.0625, 10.9375], "texture": "#0"},
				"south": {"uv": [4.625, 10.375, 4.75, 10.4375], "texture": "#0"},
				"west": {"uv": [4.125, 10.875, 4.1875, 10.9375], "texture": "#0"},
				"up": {"uv": [4.875, 10.4375, 4.75, 10.375], "texture": "#0"},
				"down": {"uv": [5, 10.375, 4.875, 10.4375], "texture": "#0"}
			}
		},
		{
			"from": [11.3, 14.91875, 4.225],
			"to": [11.85, 15.46875, 4.775],
			"rotation": {"angle": 0, "axis": "y", "origin": [8, 16.125, 10.5]},
			"faces": {
				"north": {"uv": [4.25, 10.875, 4.3125, 10.9375], "texture": "#0"},
				"east": {"uv": [4.375, 10.875, 4.4375, 10.9375], "texture": "#0"},
				"south": {"uv": [4.5, 10.875, 4.5625, 10.9375], "texture": "#0"},
				"west": {"uv": [4.625, 10.875, 4.6875, 10.9375], "texture": "#0"},
				"up": {"uv": [4.8125, 10.9375, 4.75, 10.875], "texture": "#0"},
				"down": {"uv": [4.9375, 10.875, 4.875, 10.9375], "texture": "#0"}
			}
		},
		{
			"from": [9.5125, 14.91875, 3.4],
			"to": [10.0625, 15.46875, 3.95],
			"rotation": {"angle": 0, "axis": "y", "origin": [8, 16.125, 10.5]},
			"faces": {
				"north": {"uv": [5, 10.875, 5.0625, 10.9375], "texture": "#0"},
				"east": {"uv": [5.125, 10.875, 5.1875, 10.9375], "texture": "#0"},
				"south": {"uv": [5.25, 10.875, 5.3125, 10.9375], "texture": "#0"},
				"west": {"uv": [5.375, 10.875, 5.4375, 10.9375], "texture": "#0"},
				"up": {"uv": [6.4375, 10.9375, 6.375, 10.875], "texture": "#0"},
				"down": {"uv": [6.5625, 10.875, 6.5, 10.9375], "texture": "#0"}
			}
		},
		{
			"from": [7.45, 14.91875, 3.4],
			"to": [8, 15.46875, 3.95],
			"rotation": {"angle": 0, "axis": "y", "origin": [8, 16.125, 10.5]},
			"faces": {
				"north": {"uv": [6.875, 10.875, 6.9375, 10.9375], "texture": "#0"},
				"east": {"uv": [7, 10.875, 7.0625, 10.9375], "texture": "#0"},
				"south": {"uv": [7.125, 10.875, 7.1875, 10.9375], "texture": "#0"},
				"west": {"uv": [7.25, 10.875, 7.3125, 10.9375], "texture": "#0"},
				"up": {"uv": [7.4375, 10.9375, 7.375, 10.875], "texture": "#0"},
				"down": {"uv": [7.5625, 10.875, 7.5, 10.9375], "texture": "#0"}
			}
		},
		{
			"from": [8.1375, 14.91875, 3.4],
			"to": [8.6875, 15.46875, 3.95],
			"rotation": {"angle": 0, "axis": "y", "origin": [8, 16.125, 10.5]},
			"faces": {
				"north": {"uv": [7.625, 10.875, 7.6875, 10.9375], "texture": "#0"},
				"east": {"uv": [7.75, 10.875, 7.8125, 10.9375], "texture": "#0"},
				"south": {"uv": [7.875, 10.875, 7.9375, 10.9375], "texture": "#0"},
				"west": {"uv": [8, 10.875, 8.0625, 10.9375], "texture": "#0"},
				"up": {"uv": [8.1875, 10.9375, 8.125, 10.875], "texture": "#0"},
				"down": {"uv": [8.3125, 10.875, 8.25, 10.9375], "texture": "#0"}
			}
		},
		{
			"from": [8.825, 14.91875, 3.4],
			"to": [9.375, 15.46875, 3.95],
			"rotation": {"angle": 0, "axis": "y", "origin": [8, 16.125, 10.5]},
			"faces": {
				"north": {"uv": [8.375, 10.875, 8.4375, 10.9375], "texture": "#0"},
				"east": {"uv": [8.5, 10.875, 8.5625, 10.9375], "texture": "#0"},
				"south": {"uv": [10.875, 8.5, 10.9375, 8.5625], "texture": "#0"},
				"west": {"uv": [8.625, 10.875, 8.6875, 10.9375], "texture": "#0"},
				"up": {"uv": [10.9375, 8.6875, 10.875, 8.625], "texture": "#0"},
				"down": {"uv": [8.8125, 10.875, 8.75, 10.9375], "texture": "#0"}
			}
		},
		{
			"from": [5.3875, 14.91875, 3.4],
			"to": [5.9375, 15.46875, 3.95],
			"rotation": {"angle": 0, "axis": "y", "origin": [8, 16.125, 10.5]},
			"faces": {
				"north": {"uv": [10.875, 8.75, 10.9375, 8.8125], "texture": "#0"},
				"east": {"uv": [8.875, 10.875, 8.9375, 10.9375], "texture": "#0"},
				"south": {"uv": [10.875, 8.875, 10.9375, 8.9375], "texture": "#0"},
				"west": {"uv": [9, 10.875, 9.0625, 10.9375], "texture": "#0"},
				"up": {"uv": [10.9375, 9.0625, 10.875, 9], "texture": "#0"},
				"down": {"uv": [9.1875, 10.875, 9.125, 10.9375], "texture": "#0"}
			}
		},
		{
			"from": [6.075, 14.91875, 3.4],
			"to": [6.625, 15.46875, 3.95],
			"rotation": {"angle": 0, "axis": "y", "origin": [8, 16.125, 10.5]},
			"faces": {
				"north": {"uv": [10.875, 9.125, 10.9375, 9.1875], "texture": "#0"},
				"east": {"uv": [9.25, 10.875, 9.3125, 10.9375], "texture": "#0"},
				"south": {"uv": [10.875, 9.25, 10.9375, 9.3125], "texture": "#0"},
				"west": {"uv": [9.375, 10.875, 9.4375, 10.9375], "texture": "#0"},
				"up": {"uv": [10.9375, 9.4375, 10.875, 9.375], "texture": "#0"},
				"down": {"uv": [9.5625, 10.875, 9.5, 10.9375], "texture": "#0"}
			}
		},
		{
			"from": [6.7625, 14.91875, 3.4],
			"to": [7.3125, 15.46875, 3.95],
			"rotation": {"angle": 0, "axis": "y", "origin": [8, 16.125, 10.5]},
			"faces": {
				"north": {"uv": [10.875, 9.5, 10.9375, 9.5625], "texture": "#0"},
				"east": {"uv": [9.625, 10.875, 9.6875, 10.9375], "texture": "#0"},
				"south": {"uv": [10.875, 9.625, 10.9375, 9.6875], "texture": "#0"},
				"west": {"uv": [9.75, 10.875, 9.8125, 10.9375], "texture": "#0"},
				"up": {"uv": [9.9375, 10.9375, 9.875, 10.875], "texture": "#0"},
				"down": {"uv": [10.0625, 10.875, 10, 10.9375], "texture": "#0"}
			}
		},
		{
			"from": [4.7, 14.91875, 3.4],
			"to": [5.25, 15.46875, 3.95],
			"rotation": {"angle": 0, "axis": "y", "origin": [8, 16.125, 10.5]},
			"faces": {
				"north": {"uv": [10.875, 10, 10.9375, 10.0625], "texture": "#0"},
				"east": {"uv": [10.875, 10.125, 10.9375, 10.1875], "texture": "#0"},
				"south": {"uv": [10.25, 10.875, 10.3125, 10.9375], "texture": "#0"},
				"west": {"uv": [10.875, 10.25, 10.9375, 10.3125], "texture": "#0"},
				"up": {"uv": [10.4375, 10.9375, 10.375, 10.875], "texture": "#0"},
				"down": {"uv": [10.9375, 10.375, 10.875, 10.4375], "texture": "#0"}
			}
		},
		{
			"from": [10.8875, 14.91875, 3.4],
			"to": [11.4375, 15.46875, 3.95],
			"rotation": {"angle": 0, "axis": "y", "origin": [8, 16.125, 10.5]},
			"faces": {
				"north": {"uv": [10.5, 10.875, 10.5625, 10.9375], "texture": "#0"},
				"east": {"uv": [10.875, 10.5, 10.9375, 10.5625], "texture": "#0"},
				"south": {"uv": [10.625, 10.875, 10.6875, 10.9375], "texture": "#0"},
				"west": {"uv": [10.875, 10.625, 10.9375, 10.6875], "texture": "#0"},
				"up": {"uv": [10.8125, 10.9375, 10.75, 10.875], "texture": "#0"},
				"down": {"uv": [10.9375, 10.75, 10.875, 10.8125], "texture": "#0"}
			}
		},
		{
			"from": [11.575, 14.91875, 3.4],
			"to": [12.95, 15.46875, 3.95],
			"rotation": {"angle": 0, "axis": "y", "origin": [8, 16.125, 10.5]},
			"faces": {
				"north": {"uv": [9.25, 10.25, 9.4375, 10.3125], "texture": "#0"},
				"east": {"uv": [10.875, 10.875, 10.9375, 10.9375], "texture": "#0"},
				"south": {"uv": [9.5, 10.25, 9.6875, 10.3125], "texture": "#0"},
				"west": {"uv": [1.5, 11, 1.5625, 11.0625], "texture": "#0"},
				"up": {"uv": [9.9375, 10.3125, 9.75, 10.25], "texture": "#0"},
				"down": {"uv": [10.4375, 10.125, 10.25, 10.1875], "texture": "#0"}
			}
		},
		{
			"from": [10.2, 14.91875, 3.4],
			"to": [10.75, 15.46875, 3.95],
			"rotation": {"angle": 0, "axis": "y", "origin": [8, 16.125, 10.5]},
			"faces": {
				"north": {"uv": [1.625, 11, 1.6875, 11.0625], "texture": "#0"},
				"east": {"uv": [1.75, 11, 1.8125, 11.0625], "texture": "#0"},
				"south": {"uv": [1.875, 11, 1.9375, 11.0625], "texture": "#0"},
				"west": {"uv": [2, 11, 2.0625, 11.0625], "texture": "#0"},
				"up": {"uv": [2.1875, 11.0625, 2.125, 11], "texture": "#0"},
				"down": {"uv": [2.3125, 11, 2.25, 11.0625], "texture": "#0"}
			}
		},
		{
			"from": [11.025, 14.91875, 2.575],
			"to": [11.575, 15.46875, 3.125],
			"rotation": {"angle": 0, "axis": "y", "origin": [8, 16.125, 10.5]},
			"faces": {
				"north": {"uv": [2.375, 11, 2.4375, 11.0625], "texture": "#0"},
				"east": {"uv": [2.5, 11, 2.5625, 11.0625], "texture": "#0"},
				"south": {"uv": [2.625, 11, 2.6875, 11.0625], "texture": "#0"},
				"west": {"uv": [2.75, 11, 2.8125, 11.0625], "texture": "#0"},
				"up": {"uv": [2.9375, 11.0625, 2.875, 11], "texture": "#0"},
				"down": {"uv": [3.0625, 11, 3, 11.0625], "texture": "#0"}
			}
		},
		{
			"from": [10.3375, 14.91875, 2.575],
			"to": [10.8875, 15.46875, 3.125],
			"rotation": {"angle": 0, "axis": "y", "origin": [8, 16.125, 10.5]},
			"faces": {
				"north": {"uv": [3.125, 11, 3.1875, 11.0625], "texture": "#0"},
				"east": {"uv": [3.25, 11, 3.3125, 11.0625], "texture": "#0"},
				"south": {"uv": [3.375, 11, 3.4375, 11.0625], "texture": "#0"},
				"west": {"uv": [3.5, 11, 3.5625, 11.0625], "texture": "#0"},
				"up": {"uv": [3.6875, 11.0625, 3.625, 11], "texture": "#0"},
				"down": {"uv": [3.8125, 11, 3.75, 11.0625], "texture": "#0"}
			}
		},
		{
			"from": [6.9, 14.91875, 2.575],
			"to": [10.2, 15.46875, 3.125],
			"rotation": {"angle": 0, "axis": "y", "origin": [8, 16.125, 10.5]},
			"faces": {
				"north": {"uv": [4, 10.25, 4.4375, 10.3125], "texture": "#0"},
				"east": {"uv": [3.875, 11, 3.9375, 11.0625], "texture": "#0"},
				"south": {"uv": [4.5, 10.25, 4.9375, 10.3125], "texture": "#0"},
				"west": {"uv": [4, 11, 4.0625, 11.0625], "texture": "#0"},
				"up": {"uv": [5.4375, 10.3125, 5, 10.25], "texture": "#0"},
				"down": {"uv": [7.8125, 10.25, 7.375, 10.3125], "texture": "#0"}
			}
		},
		{
			"from": [11.7125, 14.91875, 2.575],
			"to": [12.2625, 15.46875, 3.125],
			"rotation": {"angle": 0, "axis": "y", "origin": [8, 16.125, 10.5]},
			"faces": {
				"north": {"uv": [4.125, 11, 4.1875, 11.0625], "texture": "#0"},
				"east": {"uv": [4.25, 11, 4.3125, 11.0625], "texture": "#0"},
				"south": {"uv": [4.375, 11, 4.4375, 11.0625], "texture": "#0"},
				"west": {"uv": [4.5, 11, 4.5625, 11.0625], "texture": "#0"},
				"up": {"uv": [4.6875, 11.0625, 4.625, 11], "texture": "#0"},
				"down": {"uv": [4.8125, 11, 4.75, 11.0625], "texture": "#0"}
			}
		},
		{
			"from": [12.4, 14.91875, 2.575],
			"to": [12.95, 15.46875, 3.125],
			"rotation": {"angle": 0, "axis": "y", "origin": [8, 16.125, 10.5]},
			"faces": {
				"north": {"uv": [4.875, 11, 4.9375, 11.0625], "texture": "#0"},
				"east": {"uv": [5, 11, 5.0625, 11.0625], "texture": "#0"},
				"south": {"uv": [5.125, 11, 5.1875, 11.0625], "texture": "#0"},
				"west": {"uv": [5.25, 11, 5.3125, 11.0625], "texture": "#0"},
				"up": {"uv": [5.4375, 11.0625, 5.375, 11], "texture": "#0"},
				"down": {"uv": [5.5625, 11, 5.5, 11.0625], "texture": "#0"}
			}
		},
		{
			"from": [6.2125, 14.91875, 2.575],
			"to": [6.7625, 15.46875, 3.125],
			"rotation": {"angle": 0, "axis": "y", "origin": [8, 16.125, 10.5]},
			"faces": {
				"north": {"uv": [5.625, 11, 5.6875, 11.0625], "texture": "#0"},
				"east": {"uv": [5.75, 11, 5.8125, 11.0625], "texture": "#0"},
				"south": {"uv": [5.875, 11, 5.9375, 11.0625], "texture": "#0"},
				"west": {"uv": [6, 11, 6.0625, 11.0625], "texture": "#0"},
				"up": {"uv": [6.1875, 11.0625, 6.125, 11], "texture": "#0"},
				"down": {"uv": [6.3125, 11, 6.25, 11.0625], "texture": "#0"}
			}
		},
		{
			"from": [5.525, 14.91875, 2.575],
			"to": [6.075, 15.46875, 3.125],
			"rotation": {"angle": 0, "axis": "y", "origin": [8, 16.125, 10.5]},
			"faces": {
				"north": {"uv": [6.375, 11, 6.4375, 11.0625], "texture": "#0"},
				"east": {"uv": [6.5, 11, 6.5625, 11.0625], "texture": "#0"},
				"south": {"uv": [6.875, 11, 6.9375, 11.0625], "texture": "#0"},
				"west": {"uv": [7, 11, 7.0625, 11.0625], "texture": "#0"},
				"up": {"uv": [7.1875, 11.0625, 7.125, 11], "texture": "#0"},
				"down": {"uv": [7.3125, 11, 7.25, 11.0625], "texture": "#0"}
			}
		},
		{
			"from": [4.15, 14.91875, 2.575],
			"to": [4.7, 15.46875, 3.125],
			"rotation": {"angle": 0, "axis": "y", "origin": [8, 16.125, 10.5]},
			"faces": {
				"north": {"uv": [7.375, 11, 7.4375, 11.0625], "texture": "#0"},
				"east": {"uv": [7.5, 11, 7.5625, 11.0625], "texture": "#0"},
				"south": {"uv": [7.625, 11, 7.6875, 11.0625], "texture": "#0"},
				"west": {"uv": [7.75, 11, 7.8125, 11.0625], "texture": "#0"},
				"up": {"uv": [7.9375, 11.0625, 7.875, 11], "texture": "#0"},
				"down": {"uv": [8.0625, 11, 8, 11.0625], "texture": "#0"}
			}
		},
		{
			"from": [3.05, 14.91875, 2.575],
			"to": [4.0125, 15.46875, 3.125],
			"rotation": {"angle": 0, "axis": "y", "origin": [8, 16.125, 10.5]},
			"faces": {
				"north": {"uv": [5, 10.375, 5.125, 10.4375], "texture": "#0"},
				"east": {"uv": [8.125, 11, 8.1875, 11.0625], "texture": "#0"},
				"south": {"uv": [5.125, 10.375, 5.25, 10.4375], "texture": "#0"},
				"west": {"uv": [8.25, 11, 8.3125, 11.0625], "texture": "#0"},
				"up": {"uv": [5.375, 10.4375, 5.25, 10.375], "texture": "#0"},
				"down": {"uv": [5.5, 10.375, 5.375, 10.4375], "texture": "#0"}
			}
		},
		{
			"from": [4.8375, 14.91875, 2.575],
			"to": [5.3875, 15.46875, 3.125],
			"rotation": {"angle": 0, "axis": "y", "origin": [8, 16.125, 10.5]},
			"faces": {
				"north": {"uv": [8.375, 11, 8.4375, 11.0625], "texture": "#0"},
				"east": {"uv": [8.5, 11, 8.5625, 11.0625], "texture": "#0"},
				"south": {"uv": [11, 8.5, 11.0625, 8.5625], "texture": "#0"},
				"west": {"uv": [8.625, 11, 8.6875, 11.0625], "texture": "#0"},
				"up": {"uv": [11.0625, 8.6875, 11, 8.625], "texture": "#0"},
				"down": {"uv": [8.8125, 11, 8.75, 11.0625], "texture": "#0"}
			}
		},
		{
			"from": [3.05, 14.91875, 5.875],
			"to": [4.0125, 15.46875, 6.425],
			"rotation": {"angle": 0, "axis": "y", "origin": [8, 16.125, 10.5]},
			"faces": {
				"north": {"uv": [7.375, 10.375, 7.5, 10.4375], "texture": "#0"},
				"east": {"uv": [11, 8.75, 11.0625, 8.8125], "texture": "#0"},
				"south": {"uv": [7.5, 10.375, 7.625, 10.4375], "texture": "#0"},
				"west": {"uv": [8.875, 11, 8.9375, 11.0625], "texture": "#0"},
				"up": {"uv": [7.75, 10.4375, 7.625, 10.375], "texture": "#0"},
				"down": {"uv": [7.875, 10.375, 7.75, 10.4375], "texture": "#0"}
			}
		},
		{
			"from": [11.7125, 14.91875, 5.875],
			"to": [12.2625, 15.46875, 6.425],
			"rotation": {"angle": 0, "axis": "y", "origin": [8, 16.125, 10.5]},
			"faces": {
				"north": {"uv": [11, 8.875, 11.0625, 8.9375], "texture": "#0"},
				"east": {"uv": [9, 11, 9.0625, 11.0625], "texture": "#0"},
				"south": {"uv": [11, 9, 11.0625, 9.0625], "texture": "#0"},
				"west": {"uv": [9.125, 11, 9.1875, 11.0625], "texture": "#0"},
				"up": {"uv": [11.0625, 9.1875, 11, 9.125], "texture": "#0"},
				"down": {"uv": [9.3125, 11, 9.25, 11.0625], "texture": "#0"}
			}
		},
		{
			"from": [11.025, 14.91875, 5.875],
			"to": [11.575, 15.46875, 6.425],
			"rotation": {"angle": 0, "axis": "y", "origin": [8, 16.125, 10.5]},
			"faces": {
				"north": {"uv": [11, 9.25, 11.0625, 9.3125], "texture": "#0"},
				"east": {"uv": [9.375, 11, 9.4375, 11.0625], "texture": "#0"},
				"south": {"uv": [11, 9.375, 11.0625, 9.4375], "texture": "#0"},
				"west": {"uv": [9.5, 11, 9.5625, 11.0625], "texture": "#0"},
				"up": {"uv": [11.0625, 9.5625, 11, 9.5], "texture": "#0"},
				"down": {"uv": [9.6875, 11, 9.625, 11.0625], "texture": "#0"}
			}
		},
		{
			"from": [10.3375, 14.91875, 5.875],
			"to": [10.8875, 15.46875, 6.425],
			"rotation": {"angle": 0, "axis": "y", "origin": [8, 16.125, 10.5]},
			"faces": {
				"north": {"uv": [11, 9.625, 11.0625, 9.6875], "texture": "#0"},
				"east": {"uv": [9.75, 11, 9.8125, 11.0625], "texture": "#0"},
				"south": {"uv": [9.875, 11, 9.9375, 11.0625], "texture": "#0"},
				"west": {"uv": [10, 11, 10.0625, 11.0625], "texture": "#0"},
				"up": {"uv": [11.0625, 10.0625, 11, 10], "texture": "#0"},
				"down": {"uv": [10.1875, 11, 10.125, 11.0625], "texture": "#0"}
			}
		},
		{
			"from": [2.5, 14.91875, 2.025],
			"to": [13.5, 15.19375, 6.975],
			"rotation": {"angle": 0, "axis": "y", "origin": [8, 16.125, 10.5]},
			"faces": {
				"north": {"uv": [7.375, 10.125, 8.75, 10.1875], "texture": "#0"},
				"east": {"uv": [2, 10.25, 2.625, 10.3125], "texture": "#0"},
				"south": {"uv": [8.75, 10.125, 10.125, 10.1875], "texture": "#0"},
				"west": {"uv": [2.625, 10.25, 3.25, 10.3125], "texture": "#0"},
				"up": {"uv": [10.75, 9.125, 9.375, 8.5], "texture": "#0"},
				"down": {"uv": [10.75, 9.125, 9.375, 9.75], "texture": "#0"}
			}
		},
		{
			"from": [-16, 0, 0],
			"to": [-3, 2, 17],
			"faces": {
				"north": {"uv": [8.5625, 3.75, 8.08456, 3.59559], "texture": "#0"},
				"east": {"uv": [8.5625, 3.75, 7.9375, 3.59559], "texture": "#0"},
				"south": {"uv": [8.5625, 3.75, 8.08456, 3.59559], "texture": "#0"},
				"west": {"uv": [8.5625, 3.75, 7.9375, 3.59559], "texture": "#0"},
				"up": {"uv": [8.5625, 3.75, 8.08456, 2.4375], "texture": "#0"},
				"down": {"uv": [8.5625, 3.75, 8.08456, 2.4375], "texture": "#0"}
			}
		},
		{
			"from": [19, 0, 0],
			"to": [32, 2, 17],
			"rotation": {"angle": 0, "axis": "y", "origin": [16, 0, 0]},
			"faces": {
				"north": {"uv": [8.08456, 3.75, 8.5625, 3.59559], "texture": "#0"},
				"east": {"uv": [7.9375, 3.75, 8.5625, 3.59559], "texture": "#0"},
				"south": {"uv": [8.08456, 3.75, 8.5625, 3.59559], "texture": "#0"},
				"west": {"uv": [7.9375, 3.75, 8.5625, 3.59559], "texture": "#0"},
				"up": {"uv": [8.08456, 3.75, 8.5625, 2.4375], "texture": "#0"},
				"down": {"uv": [8.08456, 3.75, 8.5625, 2.4375], "texture": "#0"}
			}
		}
	],
	"display": {
		"thirdperson_righthand": {
			"rotation": [75, 45, 0],
			"translation": [0, 2.5, 0],
			"scale": [0.375, 0.375, 0.375]
		},
		"thirdperson_lefthand": {
			"rotation": [75, 45, 0],
			"translation": [0, 2.5, 0],
			"scale": [0.375, 0.375, 0.375]
		},
		"firstperson_righthand": {
			"rotation": [0, 45, 0],
			"scale": [0.4, 0.4, 0.4]
		},
		"firstperson_lefthand": {
			"rotation": [0, 45, 0],
			"scale": [0.4, 0.4, 0.4]
		},
		"ground": {
			"scale": [0.23, 0.23, 0.23]
		},
		"gui": {
			"rotation": [30, 225, 0],
			"scale": [0.34, 0.34, 0.34]
		},
		"head": {
			"translation": [0, 0, -2.5],
			"scale": [1.4, 1.4, 1.4]
		},
		"fixed": {
			"rotation": [-90, 0, 0],
			"translation": [0, -2, -16],
			"scale": [2, 2, 2]
		}
	},
	"groups": [
		0,
		1,
		2,
		3,
		4,
		{
			"name": "group",
			"origin": [16, 0, 5.31],
			"color": 0,
			"children": [5, 6, 7, 8, 9, 10, 11]
		},
		{
			"name": "group",
			"origin": [16, 0, 5.31],
			"color": 0,
			"children": [12, 13, 14, 15, 16, 17, 18, 19, 20, 21, 22, 23, 24, 25]
		},
		26,
		27,
		28,
		29,
		30,
		31,
		32,
		33,
		34,
		35,
		36,
		37,
		38,
		39,
		40,
		41,
		42,
		43,
		44,
		45,
		46,
		47,
		48,
		49,
		50,
		51,
		52,
		53,
		54,
		55,
		56,
		57,
		58,
		59,
		60,
		61,
		62,
		63,
		64,
		65,
		66,
		67,
		68,
		69,
		70,
		71,
		72,
		73,
		74,
		75,
		76,
		77,
		78,
		79,
		80,
		81,
		82,
		83,
		84,
		85,
		86,
		87,
		88,
		89,
		90,
		91
	]
}