{
	"credit": "Made by FeignedMars4438 (Aidennn#0682 on discord)",
	"texture_size": [128, 128],
	"textures": {
		"0": "item/furniture/desk/desk",
		"1": "item/furniture/desk/text",
		"particle": "item/furniture/desk/desk"
	},
	"elements": [
		{
			"from": [-9, 0, 0],
			"to": [-8, 13, 1],
			"faces": {
				"north": {"uv": [4.25, 4, 4.375, 5.625], "texture": "#0"},
				"east": {"uv": [4.375, 4, 4.5, 5.625], "texture": "#0"},
				"south": {"uv": [4.5, 4, 4.625, 5.625], "texture": "#0"},
				"west": {"uv": [4.625, 4, 4.75, 5.625], "texture": "#0"},
				"up": {"uv": [3.5, 6.125, 3.375, 6], "texture": "#0"},
				"down": {"uv": [3.625, 6, 3.5, 6.125], "texture": "#0"}
			}
		},
		{
			"from": [24, 0, 0],
			"to": [25, 13, 1],
			"rotation": {"angle": 0, "axis": "y", "origin": [16, 0, 0]},
			"faces": {
				"north": {"uv": [4.75, 4, 4.875, 5.625], "texture": "#0"},
				"east": {"uv": [4.875, 4, 5, 5.625], "texture": "#0"},
				"south": {"uv": [0, 5, 0.125, 6.625], "texture": "#0"},
				"west": {"uv": [0.125, 5, 0.25, 6.625], "texture": "#0"},
				"up": {"uv": [3.75, 6.125, 3.625, 6], "texture": "#0"},
				"down": {"uv": [3.875, 6, 3.75, 6.125], "texture": "#0"}
			}
		},
		{
			"from": [24, 0, 15],
			"to": [25, 13, 16],
			"rotation": {"angle": 0, "axis": "y", "origin": [16, 0, 0]},
			"faces": {
				"north": {"uv": [0.25, 5, 0.375, 6.625], "texture": "#0"},
				"east": {"uv": [0.375, 5, 0.5, 6.625], "texture": "#0"},
				"south": {"uv": [0.5, 5, 0.625, 6.625], "texture": "#0"},
				"west": {"uv": [0.625, 5, 0.75, 6.625], "texture": "#0"},
				"up": {"uv": [4, 6.125, 3.875, 6], "texture": "#0"},
				"down": {"uv": [4.125, 6, 4, 6.125], "texture": "#0"}
			}
		},
		{
			"from": [-9, 0, 15],
			"to": [-8, 13, 16],
			"faces": {
				"north": {"uv": [0.75, 5, 0.875, 6.625], "texture": "#0"},
				"east": {"uv": [0.875, 5, 1, 6.625], "texture": "#0"},
				"south": {"uv": [1, 5, 1.125, 6.625], "texture": "#0"},
				"west": {"uv": [1.125, 5, 1.25, 6.625], "texture": "#0"},
				"up": {"uv": [4.25, 6.125, 4.125, 6], "texture": "#0"},
				"down": {"uv": [6.125, 4.375, 6, 4.5], "texture": "#0"}
			}
		},
		{
			"from": [-9, 13, 0],
			"to": [25, 14, 16],
			"faces": {
				"north": {"uv": [4.25, 2.25, 8.5, 2.375], "texture": "#0"},
				"east": {"uv": [4.25, 3.75, 6.25, 3.875], "texture": "#0"},
				"south": {"uv": [4.25, 2.375, 8.5, 2.5], "texture": "#0"},
				"west": {"uv": [4.25, 3.875, 6.25, 4], "texture": "#0"},
				"up": {"uv": [4.25, 2, 0, 0], "texture": "#0"},
				"down": {"uv": [4.25, 2, 0, 4], "texture": "#0"}
			}
		},
		{
			"from": [-12, -0.55, 0.05],
			"to": [-11, 7.55, 0.95],
			"rotation": {"angle": -45, "axis": "z", "origin": [0, 0, 0]},
			"faces": {
				"north": {"uv": [3.375, 5, 3.5, 6], "texture": "#0"},
				"east": {"uv": [3.5, 5, 3.625, 6], "texture": "#0"},
				"south": {"uv": [3.625, 5, 3.75, 6], "texture": "#0"},
				"west": {"uv": [3.75, 5, 3.875, 6], "texture": "#0"},
				"up": {"uv": [6.125, 4.625, 6, 4.5], "texture": "#0"},
				"down": {"uv": [6.125, 4.625, 6, 4.75], "texture": "#0"}
			}
		},
		{
			"from": [27, -0.55, 0.05],
			"to": [28, 7.55, 0.95],
			"rotation": {"angle": 45, "axis": "z", "origin": [16, 0, 0]},
			"faces": {
				"north": {"uv": [3.875, 5, 4, 6], "texture": "#0"},
				"east": {"uv": [4, 5, 4.125, 6], "texture": "#0"},
				"south": {"uv": [4.125, 5, 4.25, 6], "texture": "#0"},
				"west": {"uv": [5, 4.375, 5.125, 5.375], "texture": "#0"},
				"up": {"uv": [6.125, 4.875, 6, 4.75], "texture": "#0"},
				"down": {"uv": [6.125, 4.875, 6, 5], "texture": "#0"}
			}
		},
		{
			"from": [27, -0.55, 15.05],
			"to": [28, 7.55, 15.95],
			"rotation": {"angle": 45, "axis": "z", "origin": [16, 0, 0]},
			"faces": {
				"north": {"uv": [1.25, 5.125, 1.375, 6.125], "texture": "#0"},
				"east": {"uv": [1.375, 5.125, 1.5, 6.125], "texture": "#0"},
				"south": {"uv": [1.5, 5.125, 1.625, 6.125], "texture": "#0"},
				"west": {"uv": [1.625, 5.125, 1.75, 6.125], "texture": "#0"},
				"up": {"uv": [6.125, 5.125, 6, 5], "texture": "#0"},
				"down": {"uv": [6.125, 5.125, 6, 5.25], "texture": "#0"}
			}
		},
		{
			"from": [-12, -0.55, 15.05],
			"to": [-11, 7.55, 15.95],
			"rotation": {"angle": -45, "axis": "z", "origin": [0, 0, 0]},
			"faces": {
				"north": {"uv": [1.75, 5.125, 1.875, 6.125], "texture": "#0"},
				"east": {"uv": [1.875, 5.125, 2, 6.125], "texture": "#0"},
				"south": {"uv": [2, 5.125, 2.125, 6.125], "texture": "#0"},
				"west": {"uv": [2.125, 5.125, 2.25, 6.125], "texture": "#0"},
				"up": {"uv": [6.125, 5.375, 6, 5.25], "texture": "#0"},
				"down": {"uv": [6.125, 5.375, 6, 5.5], "texture": "#0"}
			}
		},
		{
			"from": [-8.95, 6.025, -6],
			"to": [-8.05, 13.75, -5],
			"rotation": {"angle": 45, "axis": "x", "origin": [0, 0, 0]},
			"faces": {
				"north": {"uv": [2.25, 5.125, 2.375, 6.125], "texture": "#0"},
				"east": {"uv": [2.375, 5.125, 2.5, 6.125], "texture": "#0"},
				"south": {"uv": [2.5, 5.125, 2.625, 6.125], "texture": "#0"},
				"west": {"uv": [2.625, 5.125, 2.75, 6.125], "texture": "#0"},
				"up": {"uv": [6.125, 5.625, 6, 5.5], "texture": "#0"},
				"down": {"uv": [6.125, 5.625, 6, 5.75], "texture": "#0"}
			}
		},
		{
			"from": [-8.95, -5.275, 16],
			"to": [-8.05, 2.45, 17],
			"rotation": {"angle": -45, "axis": "x", "origin": [0, 0, 0]},
			"faces": {
				"north": {"uv": [2.75, 5.125, 2.875, 6.125], "texture": "#0"},
				"east": {"uv": [5.125, 4.375, 5.25, 5.375], "texture": "#0"},
				"south": {"uv": [5.25, 4.375, 5.375, 5.375], "texture": "#0"},
				"west": {"uv": [5.375, 4.375, 5.5, 5.375], "texture": "#0"},
				"up": {"uv": [6.125, 5.875, 6, 5.75], "texture": "#0"},
				"down": {"uv": [6.125, 5.875, 6, 6], "texture": "#0"}
			}
		},
		{
			"from": [24.05, -5.275, 16],
			"to": [24.95, 2.45, 17],
			"rotation": {"angle": -45, "axis": "x", "origin": [0, 0, 0]},
			"faces": {
				"north": {"uv": [5, 5.375, 5.125, 6.375], "texture": "#0"},
				"east": {"uv": [5.125, 5.375, 5.25, 6.375], "texture": "#0"},
				"south": {"uv": [5.25, 5.375, 5.375, 6.375], "texture": "#0"},
				"west": {"uv": [5.375, 5.375, 5.5, 6.375], "texture": "#0"},
				"up": {"uv": [6.125, 6.125, 6, 6], "texture": "#0"},
				"down": {"uv": [6.25, 0, 6.125, 0.125], "texture": "#0"}
			}
		},
		{
			"from": [24.05, 6.025, -6],
			"to": [24.95, 13.75, -5],
			"rotation": {"angle": 45, "axis": "x", "origin": [0, 0, 0]},
			"faces": {
				"north": {"uv": [5.5, 4.375, 5.625, 5.375], "texture": "#0"},
				"east": {"uv": [5.5, 5.375, 5.625, 6.375], "texture": "#0"},
				"south": {"uv": [5.625, 0, 5.75, 1], "texture": "#0"},
				"west": {"uv": [4.25, 5.625, 4.375, 6.625], "texture": "#0"},
				"up": {"uv": [6.25, 0.25, 6.125, 0.125], "texture": "#0"},
				"down": {"uv": [6.25, 0.25, 6.125, 0.375], "texture": "#0"}
			}
		},
		{
			"from": [7.5, 14, 3],
			"to": [8.5, 15, 8],
			"rotation": {"angle": 45, "axis": "y", "origin": [8, 14.5, 3]},
			"faces": {
				"north": {"uv": [6.125, 0.375, 6.25, 0.5], "texture": "#0"},
				"east": {"uv": [5.875, 0.75, 6.5, 0.875], "texture": "#0"},
				"south": {"uv": [1.25, 6.125, 1.375, 6.25], "texture": "#0"},
				"west": {"uv": [5.875, 0.875, 6.5, 1], "texture": "#0"},
				"up": {"uv": [6, 5, 5.875, 4.375], "texture": "#0"},
				"down": {"uv": [6, 5, 5.875, 5.625], "texture": "#0"}
			}
		},
		{
			"from": [7.5, 14, 2.5],
			"to": [8.5, 15, 8],
			"rotation": {"angle": -45, "axis": "y", "origin": [8, 14.5, 3]},
			"faces": {
				"north": {"uv": [1.375, 6.125, 1.5, 6.25], "texture": "#0"},
				"east": {"uv": [5.625, 1, 6.375, 1.125], "texture": "#0"},
				"south": {"uv": [1.5, 6.125, 1.625, 6.25], "texture": "#0"},
				"west": {"uv": [5.625, 1.125, 6.375, 1.25], "texture": "#0"},
				"up": {"uv": [6, 0.75, 5.875, 0], "texture": "#0"},
				"down": {"uv": [6, 1.25, 5.875, 2], "texture": "#0"}
			}
		},
		{
			"from": [7.385, 13.035, 2.04],
			"to": [8.615, 23.805, 3.27],
			"rotation": {"angle": -45, "axis": "y", "origin": [8, 13.35, 2.655]},
			"faces": {
				"north": {"uv": [2.875, 5, 3, 6.375], "texture": "#0"},
				"east": {"uv": [3, 5, 3.125, 6.375], "texture": "#0"},
				"south": {"uv": [3.125, 5, 3.25, 6.375], "texture": "#0"},
				"west": {"uv": [3.25, 5, 3.375, 6.375], "texture": "#0"},
				"up": {"uv": [1.75, 6.25, 1.625, 6.125], "texture": "#0"},
				"down": {"uv": [1.875, 6.125, 1.75, 6.25], "texture": "#0"}
			}
		},
		{
			"from": [3.05, 13.91875, 8.575],
			"to": [3.6, 14.46875, 9.125],
			"rotation": {"angle": 0, "axis": "y", "origin": [3.15, 0.16875, 10.575]},
			"faces": {
				"north": {"uv": [1.875, 6.125, 2, 6.25], "texture": "#0"},
				"east": {"uv": [2, 6.125, 2.125, 6.25], "texture": "#0"},
				"south": {"uv": [2.125, 6.125, 2.25, 6.25], "texture": "#0"},
				"west": {"uv": [2.25, 6.125, 2.375, 6.25], "texture": "#0"},
				"up": {"uv": [2.5, 6.25, 2.375, 6.125], "texture": "#0"},
				"down": {"uv": [2.625, 6.125, 2.5, 6.25], "texture": "#0"}
			}
		},
		{
			"from": [7.8625, 13.91875, 8.575],
			"to": [8.4125, 14.46875, 9.125],
			"rotation": {"angle": 0, "axis": "y", "origin": [3.15, 0.16875, 10.575]},
			"faces": {
				"north": {"uv": [1.75, 6.25, 1.875, 6.375], "texture": "#0"},
				"east": {"uv": [6.25, 1.75, 6.375, 1.875], "texture": "#0"},
				"south": {"uv": [1.875, 6.25, 2, 6.375], "texture": "#0"},
				"west": {"uv": [6.25, 1.875, 6.375, 2], "texture": "#0"},
				"up": {"uv": [2.125, 6.375, 2, 6.25], "texture": "#0"},
				"down": {"uv": [2.25, 6.25, 2.125, 6.375], "texture": "#0"}
			}
		},
		{
			"from": [7.175, 13.91875, 8.575],
			"to": [7.725, 14.46875, 9.125],
			"rotation": {"angle": 0, "axis": "y", "origin": [3.15, 0.16875, 10.575]},
			"faces": {
				"north": {"uv": [1.25, 6.25, 1.375, 6.375], "texture": "#0"},
				"east": {"uv": [1.375, 6.25, 1.5, 6.375], "texture": "#0"},
				"south": {"uv": [1.5, 6.25, 1.625, 6.375], "texture": "#0"},
				"west": {"uv": [6.25, 1.5, 6.375, 1.625], "texture": "#0"},
				"up": {"uv": [1.75, 6.375, 1.625, 6.25], "texture": "#0"},
				"down": {"uv": [6.375, 1.625, 6.25, 1.75], "texture": "#0"}
			}
		},
		{
			"from": [6.4875, 13.91875, 8.575],
			"to": [7.0375, 14.46875, 9.125],
			"rotation": {"angle": 0, "axis": "y", "origin": [3.15, 0.16875, 10.575]},
			"faces": {
				"north": {"uv": [6.125, 6, 6.25, 6.125], "texture": "#0"},
				"east": {"uv": [6.125, 6.125, 6.25, 6.25], "texture": "#0"},
				"south": {"uv": [6.25, 0, 6.375, 0.125], "texture": "#0"},
				"west": {"uv": [6.25, 0.125, 6.375, 0.25], "texture": "#0"},
				"up": {"uv": [6.375, 0.375, 6.25, 0.25], "texture": "#0"},
				"down": {"uv": [6.375, 0.375, 6.25, 0.5], "texture": "#0"}
			}
		},
		{
			"from": [5.8, 13.91875, 8.575],
			"to": [6.35, 14.46875, 9.125],
			"rotation": {"angle": 0, "axis": "y", "origin": [3.15, 0.16875, 10.575]},
			"faces": {
				"north": {"uv": [6.125, 5.5, 6.25, 5.625], "texture": "#0"},
				"east": {"uv": [6.125, 5.625, 6.25, 5.75], "texture": "#0"},
				"south": {"uv": [6.125, 5.75, 6.25, 5.875], "texture": "#0"},
				"west": {"uv": [5.875, 6.125, 6, 6.25], "texture": "#0"},
				"up": {"uv": [6.25, 6, 6.125, 5.875], "texture": "#0"},
				"down": {"uv": [6.125, 6.125, 6, 6.25], "texture": "#0"}
			}
		},
		{
			"from": [8.55, 13.91875, 8.575],
			"to": [9.1, 14.46875, 9.125],
			"rotation": {"angle": 0, "axis": "y", "origin": [3.15, 0.16875, 10.575]},
			"faces": {
				"north": {"uv": [6.25, 4.875, 6.375, 5], "texture": "#0"},
				"east": {"uv": [6.25, 5, 6.375, 5.125], "texture": "#0"},
				"south": {"uv": [6.25, 5.125, 6.375, 5.25], "texture": "#0"},
				"west": {"uv": [6.25, 5.25, 6.375, 5.375], "texture": "#0"},
				"up": {"uv": [6.375, 5.5, 6.25, 5.375], "texture": "#0"},
				"down": {"uv": [6.375, 5.5, 6.25, 5.625], "texture": "#0"}
			}
		},
		{
			"from": [9.2375, 13.91875, 8.575],
			"to": [9.7875, 14.46875, 9.125],
			"rotation": {"angle": 0, "axis": "y", "origin": [3.15, 0.16875, 10.575]},
			"faces": {
				"north": {"uv": [4, 6.25, 4.125, 6.375], "texture": "#0"},
				"east": {"uv": [4.125, 6.25, 4.25, 6.375], "texture": "#0"},
				"south": {"uv": [6.25, 4.375, 6.375, 4.5], "texture": "#0"},
				"west": {"uv": [6.25, 4.5, 6.375, 4.625], "texture": "#0"},
				"up": {"uv": [6.375, 4.75, 6.25, 4.625], "texture": "#0"},
				"down": {"uv": [6.375, 4.75, 6.25, 4.875], "texture": "#0"}
			}
		},
		{
			"from": [9.925, 13.91875, 8.575],
			"to": [10.475, 14.46875, 9.125],
			"rotation": {"angle": 0, "axis": "y", "origin": [3.15, 0.16875, 10.575]},
			"faces": {
				"north": {"uv": [3.5, 6.25, 3.625, 6.375], "texture": "#0"},
				"east": {"uv": [3.625, 6.25, 3.75, 6.375], "texture": "#0"},
				"south": {"uv": [3.75, 6.25, 3.875, 6.375], "texture": "#0"},
				"west": {"uv": [6.25, 3.75, 6.375, 3.875], "texture": "#0"},
				"up": {"uv": [4, 6.375, 3.875, 6.25], "texture": "#0"},
				"down": {"uv": [6.375, 3.875, 6.25, 4], "texture": "#0"}
			}
		},
		{
			"from": [10.6125, 13.91875, 8.575],
			"to": [11.1625, 14.46875, 9.125],
			"rotation": {"angle": 0, "axis": "y", "origin": [3.15, 0.16875, 10.575]},
			"faces": {
				"north": {"uv": [2.25, 6.25, 2.375, 6.375], "texture": "#0"},
				"east": {"uv": [2.375, 6.25, 2.5, 6.375], "texture": "#0"},
				"south": {"uv": [2.5, 6.25, 2.625, 6.375], "texture": "#0"},
				"west": {"uv": [2.625, 6.25, 2.75, 6.375], "texture": "#0"},
				"up": {"uv": [2.875, 6.375, 2.75, 6.25], "texture": "#0"},
				"down": {"uv": [3.5, 6.25, 3.375, 6.375], "texture": "#0"}
			}
		},
		{
			"from": [11.3, 13.91875, 8.575],
			"to": [11.85, 14.46875, 9.125],
			"rotation": {"angle": 0, "axis": "y", "origin": [3.15, 0.16875, 10.575]},
			"faces": {
				"north": {"uv": [6.25, 5.625, 6.375, 5.75], "texture": "#0"},
				"east": {"uv": [6.25, 5.75, 6.375, 5.875], "texture": "#0"},
				"south": {"uv": [5.875, 6.25, 6, 6.375], "texture": "#0"},
				"west": {"uv": [6.25, 5.875, 6.375, 6], "texture": "#0"},
				"up": {"uv": [6.125, 6.375, 6, 6.25], "texture": "#0"},
				"down": {"uv": [6.375, 6, 6.25, 6.125], "texture": "#0"}
			}
		},
		{
			"from": [12.4, 13.91875, 9.4],
			"to": [12.95, 14.46875, 9.95],
			"rotation": {"angle": 0, "axis": "y", "origin": [3.15, 0.16875, 10.575]},
			"faces": {
				"north": {"uv": [6.375, 0.375, 6.5, 0.5], "texture": "#0"},
				"east": {"uv": [6.375, 0.5, 6.5, 0.625], "texture": "#0"},
				"south": {"uv": [6.375, 0.625, 6.5, 0.75], "texture": "#0"},
				"west": {"uv": [6.375, 1, 6.5, 1.125], "texture": "#0"},
				"up": {"uv": [6.5, 1.25, 6.375, 1.125], "texture": "#0"},
				"down": {"uv": [1.375, 6.375, 1.25, 6.5], "texture": "#0"}
			}
		},
		{
			"from": [11.7125, 13.91875, 9.4],
			"to": [12.2625, 14.46875, 9.95],
			"rotation": {"angle": 0, "axis": "y", "origin": [3.15, 0.16875, 10.575]},
			"faces": {
				"north": {"uv": [6.375, 1.25, 6.5, 1.375], "texture": "#0"},
				"east": {"uv": [1.375, 6.375, 1.5, 6.5], "texture": "#0"},
				"south": {"uv": [6.375, 1.375, 6.5, 1.5], "texture": "#0"},
				"west": {"uv": [1.5, 6.375, 1.625, 6.5], "texture": "#0"},
				"up": {"uv": [6.5, 1.625, 6.375, 1.5], "texture": "#0"},
				"down": {"uv": [1.75, 6.375, 1.625, 6.5], "texture": "#0"}
			}
		},
		{
			"from": [11.025, 13.91875, 9.4],
			"to": [11.575, 14.46875, 9.95],
			"rotation": {"angle": 0, "axis": "y", "origin": [3.15, 0.16875, 10.575]},
			"faces": {
				"north": {"uv": [6.375, 1.625, 6.5, 1.75], "texture": "#0"},
				"east": {"uv": [1.75, 6.375, 1.875, 6.5], "texture": "#0"},
				"south": {"uv": [6.375, 1.75, 6.5, 1.875], "texture": "#0"},
				"west": {"uv": [1.875, 6.375, 2, 6.5], "texture": "#0"},
				"up": {"uv": [6.5, 2, 6.375, 1.875], "texture": "#0"},
				"down": {"uv": [2.125, 6.375, 2, 6.5], "texture": "#0"}
			}
		},
		{
			"from": [10.3375, 13.91875, 9.4],
			"to": [10.8875, 14.46875, 9.95],
			"rotation": {"angle": 0, "axis": "y", "origin": [3.15, 0.16875, 10.575]},
			"faces": {
				"north": {"uv": [6.375, 3, 6.5, 3.125], "texture": "#0"},
				"east": {"uv": [3.125, 6.375, 3.25, 6.5], "texture": "#0"},
				"south": {"uv": [6.375, 3.125, 6.5, 3.25], "texture": "#0"},
				"west": {"uv": [3.25, 6.375, 3.375, 6.5], "texture": "#0"},
				"up": {"uv": [6.5, 3.375, 6.375, 3.25], "texture": "#0"},
				"down": {"uv": [3.5, 6.375, 3.375, 6.5], "texture": "#0"}
			}
		},
		{
			"from": [9.65, 13.91875, 9.4],
			"to": [10.2, 14.46875, 9.95],
			"rotation": {"angle": 0, "axis": "y", "origin": [3.15, 0.16875, 10.575]},
			"faces": {
				"north": {"uv": [6.375, 2.625, 6.5, 2.75], "texture": "#0"},
				"east": {"uv": [2.75, 6.375, 2.875, 6.5], "texture": "#0"},
				"south": {"uv": [6.375, 2.75, 6.5, 2.875], "texture": "#0"},
				"west": {"uv": [2.875, 6.375, 3, 6.5], "texture": "#0"},
				"up": {"uv": [6.5, 3, 6.375, 2.875], "texture": "#0"},
				"down": {"uv": [3.125, 6.375, 3, 6.5], "texture": "#0"}
			}
		},
		{
			"from": [8.9625, 13.91875, 9.4],
			"to": [9.5125, 14.46875, 9.95],
			"rotation": {"angle": 0, "axis": "y", "origin": [3.15, 0.16875, 10.575]},
			"faces": {
				"north": {"uv": [2.125, 6.375, 2.25, 6.5], "texture": "#0"},
				"east": {"uv": [2.25, 6.375, 2.375, 6.5], "texture": "#0"},
				"south": {"uv": [2.375, 6.375, 2.5, 6.5], "texture": "#0"},
				"west": {"uv": [2.5, 6.375, 2.625, 6.5], "texture": "#0"},
				"up": {"uv": [6.5, 2.625, 6.375, 2.5], "texture": "#0"},
				"down": {"uv": [2.75, 6.375, 2.625, 6.5], "texture": "#0"}
			}
		},
		{
			"from": [8.275, 13.91875, 9.4],
			"to": [8.825, 14.46875, 9.95],
			"rotation": {"angle": 0, "axis": "y", "origin": [3.15, 0.16875, 10.575]},
			"faces": {
				"north": {"uv": [6.375, 4.25, 6.5, 4.375], "texture": "#0"},
				"east": {"uv": [6.375, 4.375, 6.5, 4.5], "texture": "#0"},
				"south": {"uv": [6.375, 4.5, 6.5, 4.625], "texture": "#0"},
				"west": {"uv": [6.375, 4.625, 6.5, 4.75], "texture": "#0"},
				"up": {"uv": [6.5, 4.875, 6.375, 4.75], "texture": "#0"},
				"down": {"uv": [6.5, 4.875, 6.375, 5], "texture": "#0"}
			}
		},
		{
			"from": [7.5875, 13.91875, 9.4],
			"to": [8.1375, 14.46875, 9.95],
			"rotation": {"angle": 0, "axis": "y", "origin": [3.15, 0.16875, 10.575]},
			"faces": {
				"north": {"uv": [6.375, 3.75, 6.5, 3.875], "texture": "#0"},
				"east": {"uv": [3.875, 6.375, 4, 6.5], "texture": "#0"},
				"south": {"uv": [6.375, 3.875, 6.5, 4], "texture": "#0"},
				"west": {"uv": [4, 6.375, 4.125, 6.5], "texture": "#0"},
				"up": {"uv": [4.25, 6.5, 4.125, 6.375], "texture": "#0"},
				"down": {"uv": [6.5, 4.125, 6.375, 4.25], "texture": "#0"}
			}
		},
		{
			"from": [6.9, 13.91875, 9.4],
			"to": [7.45, 14.46875, 9.95],
			"rotation": {"angle": 0, "axis": "y", "origin": [3.15, 0.16875, 10.575]},
			"faces": {
				"north": {"uv": [6.375, 3.375, 6.5, 3.5], "texture": "#0"},
				"east": {"uv": [3.5, 6.375, 3.625, 6.5], "texture": "#0"},
				"south": {"uv": [6.375, 3.5, 6.5, 3.625], "texture": "#0"},
				"west": {"uv": [3.625, 6.375, 3.75, 6.5], "texture": "#0"},
				"up": {"uv": [6.5, 3.75, 6.375, 3.625], "texture": "#0"},
				"down": {"uv": [3.875, 6.375, 3.75, 6.5], "texture": "#0"}
			}
		},
		{
			"from": [6.2125, 13.91875, 9.4],
			"to": [6.7625, 14.46875, 9.95],
			"rotation": {"angle": 0, "axis": "y", "origin": [3.15, 0.16875, 10.575]},
			"faces": {
				"north": {"uv": [5.75, 6.375, 5.875, 6.5], "texture": "#0"},
				"east": {"uv": [6.375, 5.75, 6.5, 5.875], "texture": "#0"},
				"south": {"uv": [5.875, 6.375, 6, 6.5], "texture": "#0"},
				"west": {"uv": [6.375, 5.875, 6.5, 6], "texture": "#0"},
				"up": {"uv": [6.125, 6.5, 6, 6.375], "texture": "#0"},
				"down": {"uv": [6.5, 6, 6.375, 6.125], "texture": "#0"}
			}
		},
		{
			"from": [5.525, 13.91875, 9.4],
			"to": [6.075, 14.46875, 9.95],
			"rotation": {"angle": 0, "axis": "y", "origin": [3.15, 0.16875, 10.575]},
			"faces": {
				"north": {"uv": [5.375, 6.375, 5.5, 6.5], "texture": "#0"},
				"east": {"uv": [6.375, 5.375, 6.5, 5.5], "texture": "#0"},
				"south": {"uv": [5.5, 6.375, 5.625, 6.5], "texture": "#0"},
				"west": {"uv": [6.375, 5.5, 6.5, 5.625], "texture": "#0"},
				"up": {"uv": [5.75, 6.5, 5.625, 6.375], "texture": "#0"},
				"down": {"uv": [6.5, 5.625, 6.375, 5.75], "texture": "#0"}
			}
		},
		{
			"from": [4.8375, 13.91875, 9.4],
			"to": [5.3875, 14.46875, 9.95],
			"rotation": {"angle": 0, "axis": "y", "origin": [3.15, 0.16875, 10.575]},
			"faces": {
				"north": {"uv": [5, 6.375, 5.125, 6.5], "texture": "#0"},
				"east": {"uv": [6.375, 5, 6.5, 5.125], "texture": "#0"},
				"south": {"uv": [5.125, 6.375, 5.25, 6.5], "texture": "#0"},
				"west": {"uv": [6.375, 5.125, 6.5, 5.25], "texture": "#0"},
				"up": {"uv": [5.375, 6.5, 5.25, 6.375], "texture": "#0"},
				"down": {"uv": [6.5, 5.25, 6.375, 5.375], "texture": "#0"}
			}
		},
		{
			"from": [4.15, 13.91875, 9.4],
			"to": [4.7, 14.46875, 9.95],
			"rotation": {"angle": 0, "axis": "y", "origin": [3.15, 0.16875, 10.575]},
			"faces": {
				"north": {"uv": [6.5, 0.125, 6.625, 0.25], "texture": "#0"},
				"east": {"uv": [6.5, 0.25, 6.625, 0.375], "texture": "#0"},
				"south": {"uv": [6.5, 0.375, 6.625, 0.5], "texture": "#0"},
				"west": {"uv": [6.5, 0.5, 6.625, 0.625], "texture": "#0"},
				"up": {"uv": [6.625, 0.75, 6.5, 0.625], "texture": "#0"},
				"down": {"uv": [6.625, 0.75, 6.5, 0.875], "texture": "#0"}
			}
		},
		{
			"from": [3.05, 13.91875, 9.4],
			"to": [4.0125, 14.46875, 9.95],
			"rotation": {"angle": 0, "axis": "y", "origin": [3.15, 0.16875, 10.575]},
			"faces": {
				"north": {"uv": [6.125, 6.375, 6.25, 6.5], "texture": "#0"},
				"east": {"uv": [6.375, 6.125, 6.5, 6.25], "texture": "#0"},
				"south": {"uv": [6.25, 6.375, 6.375, 6.5], "texture": "#0"},
				"west": {"uv": [6.375, 6.25, 6.5, 6.375], "texture": "#0"},
				"up": {"uv": [6.5, 6.5, 6.375, 6.375], "texture": "#0"},
				"down": {"uv": [6.625, 0, 6.5, 0.125], "texture": "#0"}
			}
		},
		{
			"from": [11.7125, 13.91875, 10.225],
			"to": [12.95, 14.46875, 10.775],
			"rotation": {"angle": 0, "axis": "y", "origin": [3.15, 0.16875, 10.575]},
			"faces": {
				"north": {"uv": [6.125, 6.5, 6.25, 6.625], "texture": "#0"},
				"east": {"uv": [6.5, 6.125, 6.625, 6.25], "texture": "#0"},
				"south": {"uv": [6.25, 6.5, 6.375, 6.625], "texture": "#0"},
				"west": {"uv": [6.5, 6.25, 6.625, 6.375], "texture": "#0"},
				"up": {"uv": [6.5, 6.625, 6.375, 6.5], "texture": "#0"},
				"down": {"uv": [6.625, 6.375, 6.5, 6.5], "texture": "#0"}
			}
		},
		{
			"from": [11.4375, 13.91875, 11.05],
			"to": [12.95, 14.46875, 11.6],
			"rotation": {"angle": 0, "axis": "y", "origin": [3.15, 0.16875, 10.575]},
			"faces": {
				"north": {"uv": [6, 1.5, 6.25, 1.625], "texture": "#0"},
				"east": {"uv": [6.5, 6.5, 6.625, 6.625], "texture": "#0"},
				"south": {"uv": [6, 1.625, 6.25, 1.75], "texture": "#0"},
				"west": {"uv": [0, 6.625, 0.125, 6.75], "texture": "#0"},
				"up": {"uv": [6.25, 1.875, 6, 1.75], "texture": "#0"},
				"down": {"uv": [6.25, 1.875, 6, 2], "texture": "#0"}
			}
		},
		{
			"from": [11.025, 13.91875, 10.225],
			"to": [11.575, 14.46875, 10.775],
			"rotation": {"angle": 0, "axis": "y", "origin": [3.15, 0.16875, 10.575]},
			"faces": {
				"north": {"uv": [5.75, 6.5, 5.875, 6.625], "texture": "#0"},
				"east": {"uv": [6.5, 5.75, 6.625, 5.875], "texture": "#0"},
				"south": {"uv": [5.875, 6.5, 6, 6.625], "texture": "#0"},
				"west": {"uv": [6.5, 5.875, 6.625, 6], "texture": "#0"},
				"up": {"uv": [6.125, 6.625, 6, 6.5], "texture": "#0"},
				"down": {"uv": [6.625, 6, 6.5, 6.125], "texture": "#0"}
			}
		},
		{
			"from": [8.9625, 13.91875, 10.225],
			"to": [9.5125, 14.46875, 10.775],
			"rotation": {"angle": 0, "axis": "y", "origin": [3.15, 0.16875, 10.575]},
			"faces": {
				"north": {"uv": [5.375, 6.5, 5.5, 6.625], "texture": "#0"},
				"east": {"uv": [6.5, 5.375, 6.625, 5.5], "texture": "#0"},
				"south": {"uv": [5.5, 6.5, 5.625, 6.625], "texture": "#0"},
				"west": {"uv": [6.5, 5.5, 6.625, 5.625], "texture": "#0"},
				"up": {"uv": [5.75, 6.625, 5.625, 6.5], "texture": "#0"},
				"down": {"uv": [6.625, 5.625, 6.5, 5.75], "texture": "#0"}
			}
		},
		{
			"from": [9.65, 13.91875, 10.225],
			"to": [10.2, 14.46875, 10.775],
			"rotation": {"angle": 0, "axis": "y", "origin": [3.15, 0.16875, 10.575]},
			"faces": {
				"north": {"uv": [5, 6.5, 5.125, 6.625], "texture": "#0"},
				"east": {"uv": [6.5, 5, 6.625, 5.125], "texture": "#0"},
				"south": {"uv": [5.125, 6.5, 5.25, 6.625], "texture": "#0"},
				"west": {"uv": [6.5, 5.125, 6.625, 5.25], "texture": "#0"},
				"up": {"uv": [5.375, 6.625, 5.25, 6.5], "texture": "#0"},
				"down": {"uv": [6.625, 5.25, 6.5, 5.375], "texture": "#0"}
			}
		},
		{
			"from": [10.3375, 13.91875, 10.225],
			"to": [10.8875, 14.46875, 10.775],
			"rotation": {"angle": 0, "axis": "y", "origin": [3.15, 0.16875, 10.575]},
			"faces": {
				"north": {"uv": [6.5, 4.25, 6.625, 4.375], "texture": "#0"},
				"east": {"uv": [6.5, 4.375, 6.625, 4.5], "texture": "#0"},
				"south": {"uv": [6.5, 4.5, 6.625, 4.625], "texture": "#0"},
				"west": {"uv": [6.5, 4.625, 6.625, 4.75], "texture": "#0"},
				"up": {"uv": [6.625, 4.875, 6.5, 4.75], "texture": "#0"},
				"down": {"uv": [6.625, 4.875, 6.5, 5], "texture": "#0"}
			}
		},
		{
			"from": [6.9, 13.91875, 10.225],
			"to": [7.45, 14.46875, 10.775],
			"rotation": {"angle": 0, "axis": "y", "origin": [3.15, 0.16875, 10.575]},
			"faces": {
				"north": {"uv": [6.5, 3.75, 6.625, 3.875], "texture": "#0"},
				"east": {"uv": [3.875, 6.5, 4, 6.625], "texture": "#0"},
				"south": {"uv": [6.5, 3.875, 6.625, 4], "texture": "#0"},
				"west": {"uv": [4, 6.5, 4.125, 6.625], "texture": "#0"},
				"up": {"uv": [4.25, 6.625, 4.125, 6.5], "texture": "#0"},
				"down": {"uv": [6.625, 4.125, 6.5, 4.25], "texture": "#0"}
			}
		},
		{
			"from": [7.5875, 13.91875, 10.225],
			"to": [8.1375, 14.46875, 10.775],
			"rotation": {"angle": 0, "axis": "y", "origin": [3.15, 0.16875, 10.575]},
			"faces": {
				"north": {"uv": [6.5, 3.375, 6.625, 3.5], "texture": "#0"},
				"east": {"uv": [3.5, 6.5, 3.625, 6.625], "texture": "#0"},
				"south": {"uv": [6.5, 3.5, 6.625, 3.625], "texture": "#0"},
				"west": {"uv": [3.625, 6.5, 3.75, 6.625], "texture": "#0"},
				"up": {"uv": [6.625, 3.75, 6.5, 3.625], "texture": "#0"},
				"down": {"uv": [3.875, 6.5, 3.75, 6.625], "texture": "#0"}
			}
		},
		{
			"from": [8.275, 13.91875, 10.225],
			"to": [8.825, 14.46875, 10.775],
			"rotation": {"angle": 0, "axis": "y", "origin": [3.15, 0.16875, 10.575]},
			"faces": {
				"north": {"uv": [6.5, 3, 6.625, 3.125], "texture": "#0"},
				"east": {"uv": [3.125, 6.5, 3.25, 6.625], "texture": "#0"},
				"south": {"uv": [6.5, 3.125, 6.625, 3.25], "texture": "#0"},
				"west": {"uv": [3.25, 6.5, 3.375, 6.625], "texture": "#0"},
				"up": {"uv": [6.625, 3.375, 6.5, 3.25], "texture": "#0"},
				"down": {"uv": [3.5, 6.5, 3.375, 6.625], "texture": "#0"}
			}
		},
		{
			"from": [4.8375, 13.91875, 10.225],
			"to": [5.3875, 14.46875, 10.775],
			"rotation": {"angle": 0, "axis": "y", "origin": [3.15, 0.16875, 10.575]},
			"faces": {
				"north": {"uv": [6.5, 2.625, 6.625, 2.75], "texture": "#0"},
				"east": {"uv": [2.75, 6.5, 2.875, 6.625], "texture": "#0"},
				"south": {"uv": [6.5, 2.75, 6.625, 2.875], "texture": "#0"},
				"west": {"uv": [2.875, 6.5, 3, 6.625], "texture": "#0"},
				"up": {"uv": [6.625, 3, 6.5, 2.875], "texture": "#0"},
				"down": {"uv": [3.125, 6.5, 3, 6.625], "texture": "#0"}
			}
		},
		{
			"from": [5.525, 13.91875, 10.225],
			"to": [6.075, 14.46875, 10.775],
			"rotation": {"angle": 0, "axis": "y", "origin": [3.15, 0.16875, 10.575]},
			"faces": {
				"north": {"uv": [6.5, 2.125, 6.625, 2.25], "texture": "#0"},
				"east": {"uv": [2.25, 6.5, 2.375, 6.625], "texture": "#0"},
				"south": {"uv": [2.375, 6.5, 2.5, 6.625], "texture": "#0"},
				"west": {"uv": [2.5, 6.5, 2.625, 6.625], "texture": "#0"},
				"up": {"uv": [6.625, 2.625, 6.5, 2.5], "texture": "#0"},
				"down": {"uv": [2.75, 6.5, 2.625, 6.625], "texture": "#0"}
			}
		},
		{
			"from": [6.2125, 13.91875, 10.225],
			"to": [6.7625, 14.46875, 10.775],
			"rotation": {"angle": 0, "axis": "y", "origin": [3.15, 0.16875, 10.575]},
			"faces": {
				"north": {"uv": [6.5, 1.75, 6.625, 1.875], "texture": "#0"},
				"east": {"uv": [1.875, 6.5, 2, 6.625], "texture": "#0"},
				"south": {"uv": [6.5, 1.875, 6.625, 2], "texture": "#0"},
				"west": {"uv": [2, 6.5, 2.125, 6.625], "texture": "#0"},
				"up": {"uv": [6.625, 2.125, 6.5, 2], "texture": "#0"},
				"down": {"uv": [2.25, 6.5, 2.125, 6.625], "texture": "#0"}
			}
		},
		{
			"from": [3.05, 13.91875, 10.225],
			"to": [4.0125, 14.46875, 10.775],
			"rotation": {"angle": 0, "axis": "y", "origin": [3.15, 0.16875, 10.575]},
			"faces": {
				"north": {"uv": [6.5, 1.375, 6.625, 1.5], "texture": "#0"},
				"east": {"uv": [1.5, 6.5, 1.625, 6.625], "texture": "#0"},
				"south": {"uv": [6.5, 1.5, 6.625, 1.625], "texture": "#0"},
				"west": {"uv": [1.625, 6.5, 1.75, 6.625], "texture": "#0"},
				"up": {"uv": [6.625, 1.75, 6.5, 1.625], "texture": "#0"},
				"down": {"uv": [1.875, 6.5, 1.75, 6.625], "texture": "#0"}
			}
		},
		{
			"from": [4.15, 13.91875, 10.225],
			"to": [4.7, 14.46875, 10.775],
			"rotation": {"angle": 0, "axis": "y", "origin": [3.15, 0.16875, 10.575]},
			"faces": {
				"north": {"uv": [6.5, 0.875, 6.625, 1], "texture": "#0"},
				"east": {"uv": [6.5, 1, 6.625, 1.125], "texture": "#0"},
				"south": {"uv": [6.5, 1.125, 6.625, 1.25], "texture": "#0"},
				"west": {"uv": [1.25, 6.5, 1.375, 6.625], "texture": "#0"},
				"up": {"uv": [6.625, 1.375, 6.5, 1.25], "texture": "#0"},
				"down": {"uv": [1.5, 6.5, 1.375, 6.625], "texture": "#0"}
			}
		},
		{
			"from": [5.9375, 13.91875, 11.05],
			"to": [6.4875, 14.46875, 11.6],
			"rotation": {"angle": 0, "axis": "y", "origin": [3.15, 0.16875, 10.575]},
			"faces": {
				"north": {"uv": [6.625, 2.75, 6.75, 2.875], "texture": "#0"},
				"east": {"uv": [2.875, 6.625, 3, 6.75], "texture": "#0"},
				"south": {"uv": [6.625, 2.875, 6.75, 3], "texture": "#0"},
				"west": {"uv": [3, 6.625, 3.125, 6.75], "texture": "#0"},
				"up": {"uv": [6.75, 3.125, 6.625, 3], "texture": "#0"},
				"down": {"uv": [3.25, 6.625, 3.125, 6.75], "texture": "#0"}
			}
		},
		{
			"from": [8, 13.91875, 11.05],
			"to": [8.55, 14.46875, 11.6],
			"rotation": {"angle": 0, "axis": "y", "origin": [3.15, 0.16875, 10.575]},
			"faces": {
				"north": {"uv": [2.375, 6.625, 2.5, 6.75], "texture": "#0"},
				"east": {"uv": [2.5, 6.625, 2.625, 6.75], "texture": "#0"},
				"south": {"uv": [6.625, 2.5, 6.75, 2.625], "texture": "#0"},
				"west": {"uv": [2.625, 6.625, 2.75, 6.75], "texture": "#0"},
				"up": {"uv": [6.75, 2.75, 6.625, 2.625], "texture": "#0"},
				"down": {"uv": [2.875, 6.625, 2.75, 6.75], "texture": "#0"}
			}
		},
		{
			"from": [7.3125, 13.91875, 11.05],
			"to": [7.8625, 14.46875, 11.6],
			"rotation": {"angle": 0, "axis": "y", "origin": [3.15, 0.16875, 10.575]},
			"faces": {
				"north": {"uv": [6.625, 1.875, 6.75, 2], "texture": "#0"},
				"east": {"uv": [2, 6.625, 2.125, 6.75], "texture": "#0"},
				"south": {"uv": [6.625, 2, 6.75, 2.125], "texture": "#0"},
				"west": {"uv": [2.125, 6.625, 2.25, 6.75], "texture": "#0"},
				"up": {"uv": [6.75, 2.25, 6.625, 2.125], "texture": "#0"},
				"down": {"uv": [2.375, 6.625, 2.25, 6.75], "texture": "#0"}
			}
		},
		{
			"from": [6.625, 13.91875, 11.05],
			"to": [7.175, 14.46875, 11.6],
			"rotation": {"angle": 0, "axis": "y", "origin": [3.15, 0.16875, 10.575]},
			"faces": {
				"north": {"uv": [6.625, 1.5, 6.75, 1.625], "texture": "#0"},
				"east": {"uv": [1.625, 6.625, 1.75, 6.75], "texture": "#0"},
				"south": {"uv": [6.625, 1.625, 6.75, 1.75], "texture": "#0"},
				"west": {"uv": [1.75, 6.625, 1.875, 6.75], "texture": "#0"},
				"up": {"uv": [6.75, 1.875, 6.625, 1.75], "texture": "#0"},
				"down": {"uv": [2, 6.625, 1.875, 6.75], "texture": "#0"}
			}
		},
		{
			"from": [10.0625, 13.91875, 11.05],
			"to": [10.6125, 14.46875, 11.6],
			"rotation": {"angle": 0, "axis": "y", "origin": [3.15, 0.16875, 10.575]},
			"faces": {
				"north": {"uv": [6.625, 1.125, 6.75, 1.25], "texture": "#0"},
				"east": {"uv": [1.25, 6.625, 1.375, 6.75], "texture": "#0"},
				"south": {"uv": [6.625, 1.25, 6.75, 1.375], "texture": "#0"},
				"west": {"uv": [1.375, 6.625, 1.5, 6.75], "texture": "#0"},
				"up": {"uv": [6.75, 1.5, 6.625, 1.375], "texture": "#0"},
				"down": {"uv": [1.625, 6.625, 1.5, 6.75], "texture": "#0"}
			}
		},
		{
			"from": [9.375, 13.91875, 11.05],
			"to": [9.925, 14.46875, 11.6],
			"rotation": {"angle": 0, "axis": "y", "origin": [3.15, 0.16875, 10.575]},
			"faces": {
				"north": {"uv": [6.625, 0.75, 6.75, 0.875], "texture": "#0"},
				"east": {"uv": [0.875, 6.625, 1, 6.75], "texture": "#0"},
				"south": {"uv": [6.625, 0.875, 6.75, 1], "texture": "#0"},
				"west": {"uv": [1, 6.625, 1.125, 6.75], "texture": "#0"},
				"up": {"uv": [6.75, 1.125, 6.625, 1], "texture": "#0"},
				"down": {"uv": [1.25, 6.625, 1.125, 6.75], "texture": "#0"}
			}
		},
		{
			"from": [8.6875, 13.91875, 11.05],
			"to": [9.2375, 14.46875, 11.6],
			"rotation": {"angle": 0, "axis": "y", "origin": [3.15, 0.16875, 10.575]},
			"faces": {
				"north": {"uv": [6.625, 0.375, 6.75, 0.5], "texture": "#0"},
				"east": {"uv": [0.5, 6.625, 0.625, 6.75], "texture": "#0"},
				"south": {"uv": [6.625, 0.5, 6.75, 0.625], "texture": "#0"},
				"west": {"uv": [0.625, 6.625, 0.75, 6.75], "texture": "#0"},
				"up": {"uv": [6.75, 0.75, 6.625, 0.625], "texture": "#0"},
				"down": {"uv": [0.875, 6.625, 0.75, 6.75], "texture": "#0"}
			}
		},
		{
			"from": [10.75, 13.91875, 11.05],
			"to": [11.3, 14.46875, 11.6],
			"rotation": {"angle": 0, "axis": "y", "origin": [3.15, 0.16875, 10.575]},
			"faces": {
				"north": {"uv": [6.625, 0, 6.75, 0.125], "texture": "#0"},
				"east": {"uv": [0.125, 6.625, 0.25, 6.75], "texture": "#0"},
				"south": {"uv": [6.625, 0.125, 6.75, 0.25], "texture": "#0"},
				"west": {"uv": [0.25, 6.625, 0.375, 6.75], "texture": "#0"},
				"up": {"uv": [6.75, 0.375, 6.625, 0.25], "texture": "#0"},
				"down": {"uv": [0.5, 6.625, 0.375, 6.75], "texture": "#0"}
			}
		},
		{
			"from": [4.5625, 13.91875, 11.05],
			"to": [5.1125, 14.46875, 11.6],
			"rotation": {"angle": 0, "axis": "y", "origin": [3.15, 0.16875, 10.575]},
			"faces": {
				"north": {"uv": [6.625, 3.875, 6.75, 4], "texture": "#0"},
				"east": {"uv": [4, 6.625, 4.125, 6.75], "texture": "#0"},
				"south": {"uv": [6.625, 4, 6.75, 4.125], "texture": "#0"},
				"west": {"uv": [4.125, 6.625, 4.25, 6.75], "texture": "#0"},
				"up": {"uv": [6.75, 4.25, 6.625, 4.125], "texture": "#0"},
				"down": {"uv": [4.375, 6.625, 4.25, 6.75], "texture": "#0"}
			}
		},
		{
			"from": [3.05, 13.91875, 11.05],
			"to": [4.425, 14.46875, 11.6],
			"rotation": {"angle": 0, "axis": "y", "origin": [3.15, 0.16875, 10.575]},
			"faces": {
				"north": {"uv": [6.625, 3.5, 6.75, 3.625], "texture": "#0"},
				"east": {"uv": [3.625, 6.625, 3.75, 6.75], "texture": "#0"},
				"south": {"uv": [6.625, 3.625, 6.75, 3.75], "texture": "#0"},
				"west": {"uv": [3.75, 6.625, 3.875, 6.75], "texture": "#0"},
				"up": {"uv": [6.75, 3.875, 6.625, 3.75], "texture": "#0"},
				"down": {"uv": [4, 6.625, 3.875, 6.75], "texture": "#0"}
			}
		},
		{
			"from": [5.25, 13.91875, 11.05],
			"to": [5.8, 14.46875, 11.6],
			"rotation": {"angle": 0, "axis": "y", "origin": [3.15, 0.16875, 10.575]},
			"faces": {
				"north": {"uv": [6.625, 3.125, 6.75, 3.25], "texture": "#0"},
				"east": {"uv": [3.25, 6.625, 3.375, 6.75], "texture": "#0"},
				"south": {"uv": [6.625, 3.25, 6.75, 3.375], "texture": "#0"},
				"west": {"uv": [3.375, 6.625, 3.5, 6.75], "texture": "#0"},
				"up": {"uv": [6.75, 3.5, 6.625, 3.375], "texture": "#0"},
				"down": {"uv": [3.625, 6.625, 3.5, 6.75], "texture": "#0"}
			}
		},
		{
			"from": [4.425, 13.91875, 11.875],
			"to": [4.975, 14.46875, 12.425],
			"rotation": {"angle": 0, "axis": "y", "origin": [3.15, 0.16875, 10.575]},
			"faces": {
				"north": {"uv": [6.625, 5.375, 6.75, 5.5], "texture": "#0"},
				"east": {"uv": [5.5, 6.625, 5.625, 6.75], "texture": "#0"},
				"south": {"uv": [6.625, 5.5, 6.75, 5.625], "texture": "#0"},
				"west": {"uv": [5.625, 6.625, 5.75, 6.75], "texture": "#0"},
				"up": {"uv": [6.75, 5.75, 6.625, 5.625], "texture": "#0"},
				"down": {"uv": [5.875, 6.625, 5.75, 6.75], "texture": "#0"}
			}
		},
		{
			"from": [5.1125, 13.91875, 11.875],
			"to": [5.6625, 14.46875, 12.425],
			"rotation": {"angle": 0, "axis": "y", "origin": [3.15, 0.16875, 10.575]},
			"faces": {
				"north": {"uv": [6.625, 5, 6.75, 5.125], "texture": "#0"},
				"east": {"uv": [5.125, 6.625, 5.25, 6.75], "texture": "#0"},
				"south": {"uv": [6.625, 5.125, 6.75, 5.25], "texture": "#0"},
				"west": {"uv": [5.25, 6.625, 5.375, 6.75], "texture": "#0"},
				"up": {"uv": [6.75, 5.375, 6.625, 5.25], "texture": "#0"},
				"down": {"uv": [5.5, 6.625, 5.375, 6.75], "texture": "#0"}
			}
		},
		{
			"from": [5.8, 13.91875, 11.875],
			"to": [9.1, 14.46875, 12.425],
			"rotation": {"angle": 0, "axis": "y", "origin": [3.15, 0.16875, 10.575]},
			"faces": {
				"north": {"uv": [6, 0.5, 6.375, 0.625], "texture": "#0"},
				"east": {"uv": [6.625, 5.75, 6.75, 5.875], "texture": "#0"},
				"south": {"uv": [6, 0.625, 6.375, 0.75], "texture": "#0"},
				"west": {"uv": [5.875, 6.625, 6, 6.75], "texture": "#0"},
				"up": {"uv": [6.375, 1.375, 6, 1.25], "texture": "#0"},
				"down": {"uv": [6.375, 1.375, 6, 1.5], "texture": "#0"}
			}
		},
		{
			"from": [3.7375, 13.91875, 11.875],
			"to": [4.2875, 14.46875, 12.425],
			"rotation": {"angle": 0, "axis": "y", "origin": [3.15, 0.16875, 10.575]},
			"faces": {
				"north": {"uv": [6.625, 4.625, 6.75, 4.75], "texture": "#0"},
				"east": {"uv": [4.75, 6.625, 4.875, 6.75], "texture": "#0"},
				"south": {"uv": [6.625, 4.75, 6.75, 4.875], "texture": "#0"},
				"west": {"uv": [4.875, 6.625, 5, 6.75], "texture": "#0"},
				"up": {"uv": [6.75, 5, 6.625, 4.875], "texture": "#0"},
				"down": {"uv": [5.125, 6.625, 5, 6.75], "texture": "#0"}
			}
		},
		{
			"from": [3.05, 13.91875, 11.875],
			"to": [3.6, 14.46875, 12.425],
			"rotation": {"angle": 0, "axis": "y", "origin": [3.15, 0.16875, 10.575]},
			"faces": {
				"north": {"uv": [6.625, 4.25, 6.75, 4.375], "texture": "#0"},
				"east": {"uv": [4.375, 6.625, 4.5, 6.75], "texture": "#0"},
				"south": {"uv": [6.625, 4.375, 6.75, 4.5], "texture": "#0"},
				"west": {"uv": [4.5, 6.625, 4.625, 6.75], "texture": "#0"},
				"up": {"uv": [6.75, 4.625, 6.625, 4.5], "texture": "#0"},
				"down": {"uv": [4.75, 6.625, 4.625, 6.75], "texture": "#0"}
			}
		},
		{
			"from": [9.2375, 13.91875, 11.875],
			"to": [9.7875, 14.46875, 12.425],
			"rotation": {"angle": 0, "axis": "y", "origin": [3.15, 0.16875, 10.575]},
			"faces": {
				"north": {"uv": [0.375, 6.75, 0.5, 6.875], "texture": "#0"},
				"east": {"uv": [6.75, 0.375, 6.875, 0.5], "texture": "#0"},
				"south": {"uv": [0.5, 6.75, 0.625, 6.875], "texture": "#0"},
				"west": {"uv": [6.75, 0.5, 6.875, 0.625], "texture": "#0"},
				"up": {"uv": [0.75, 6.875, 0.625, 6.75], "texture": "#0"},
				"down": {"uv": [6.875, 0.625, 6.75, 0.75], "texture": "#0"}
			}
		},
		{
			"from": [9.925, 13.91875, 11.875],
			"to": [10.475, 14.46875, 12.425],
			"rotation": {"angle": 0, "axis": "y", "origin": [3.15, 0.16875, 10.575]},
			"faces": {
				"north": {"uv": [0, 6.75, 0.125, 6.875], "texture": "#0"},
				"east": {"uv": [6.75, 0, 6.875, 0.125], "texture": "#0"},
				"south": {"uv": [0.125, 6.75, 0.25, 6.875], "texture": "#0"},
				"west": {"uv": [6.75, 0.125, 6.875, 0.25], "texture": "#0"},
				"up": {"uv": [0.375, 6.875, 0.25, 6.75], "texture": "#0"},
				"down": {"uv": [6.875, 0.25, 6.75, 0.375], "texture": "#0"}
			}
		},
		{
			"from": [11.3, 13.91875, 11.875],
			"to": [11.85, 14.46875, 12.425],
			"rotation": {"angle": 0, "axis": "y", "origin": [3.15, 0.16875, 10.575]},
			"faces": {
				"north": {"uv": [6.625, 6.25, 6.75, 6.375], "texture": "#0"},
				"east": {"uv": [6.375, 6.625, 6.5, 6.75], "texture": "#0"},
				"south": {"uv": [6.625, 6.375, 6.75, 6.5], "texture": "#0"},
				"west": {"uv": [6.5, 6.625, 6.625, 6.75], "texture": "#0"},
				"up": {"uv": [6.75, 6.625, 6.625, 6.5], "texture": "#0"},
				"down": {"uv": [6.75, 6.625, 6.625, 6.75], "texture": "#0"}
			}
		},
		{
			"from": [11.9875, 13.91875, 11.875],
			"to": [12.95, 14.46875, 12.425],
			"rotation": {"angle": 0, "axis": "y", "origin": [3.15, 0.16875, 10.575]},
			"faces": {
				"north": {"uv": [0.75, 6.75, 0.875, 6.875], "texture": "#0"},
				"east": {"uv": [6.75, 0.75, 6.875, 0.875], "texture": "#0"},
				"south": {"uv": [0.875, 6.75, 1, 6.875], "texture": "#0"},
				"west": {"uv": [6.75, 0.875, 6.875, 1], "texture": "#0"},
				"up": {"uv": [1.125, 6.875, 1, 6.75], "texture": "#0"},
				"down": {"uv": [6.875, 1, 6.75, 1.125], "texture": "#0"}
			}
		},
		{
			"from": [10.6125, 13.91875, 11.875],
			"to": [11.1625, 14.46875, 12.425],
			"rotation": {"angle": 0, "axis": "y", "origin": [3.15, 0.16875, 10.575]},
			"faces": {
				"north": {"uv": [6.625, 5.875, 6.75, 6], "texture": "#0"},
				"east": {"uv": [6, 6.625, 6.125, 6.75], "texture": "#0"},
				"south": {"uv": [6.625, 6, 6.75, 6.125], "texture": "#0"},
				"west": {"uv": [6.125, 6.625, 6.25, 6.75], "texture": "#0"},
				"up": {"uv": [6.75, 6.25, 6.625, 6.125], "texture": "#0"},
				"down": {"uv": [6.375, 6.625, 6.25, 6.75], "texture": "#0"}
			}
		},
		{
			"from": [11.9875, 13.91875, 8.575],
			"to": [12.95, 14.46875, 9.125],
			"rotation": {"angle": 0, "axis": "y", "origin": [3.15, 0.16875, 10.575]},
			"faces": {
				"north": {"uv": [6.125, 6.25, 6.25, 6.375], "texture": "#0"},
				"east": {"uv": [6.25, 6.125, 6.375, 6.25], "texture": "#0"},
				"south": {"uv": [6.25, 6.25, 6.375, 6.375], "texture": "#0"},
				"west": {"uv": [6.375, 0, 6.5, 0.125], "texture": "#0"},
				"up": {"uv": [6.5, 0.25, 6.375, 0.125], "texture": "#0"},
				"down": {"uv": [6.5, 0.25, 6.375, 0.375], "texture": "#0"}
			}
		},
		{
			"from": [3.7375, 13.91875, 8.575],
			"to": [4.2875, 14.46875, 9.125],
			"rotation": {"angle": 0, "axis": "y", "origin": [3.15, 0.16875, 10.575]},
			"faces": {
				"north": {"uv": [2.625, 6.125, 2.75, 6.25], "texture": "#0"},
				"east": {"uv": [2.75, 6.125, 2.875, 6.25], "texture": "#0"},
				"south": {"uv": [3.375, 6.125, 3.5, 6.25], "texture": "#0"},
				"west": {"uv": [3.5, 6.125, 3.625, 6.25], "texture": "#0"},
				"up": {"uv": [3.75, 6.25, 3.625, 6.125], "texture": "#0"},
				"down": {"uv": [3.875, 6.125, 3.75, 6.25], "texture": "#0"}
			}
		},
		{
			"from": [4.425, 13.91875, 8.575],
			"to": [4.975, 14.46875, 9.125],
			"rotation": {"angle": 0, "axis": "y", "origin": [3.15, 0.16875, 10.575]},
			"faces": {
				"north": {"uv": [3.875, 6.125, 4, 6.25], "texture": "#0"},
				"east": {"uv": [4, 6.125, 4.125, 6.25], "texture": "#0"},
				"south": {"uv": [4.125, 6.125, 4.25, 6.25], "texture": "#0"},
				"west": {"uv": [6.125, 4.375, 6.25, 4.5], "texture": "#0"},
				"up": {"uv": [6.25, 4.625, 6.125, 4.5], "texture": "#0"},
				"down": {"uv": [6.25, 4.625, 6.125, 4.75], "texture": "#0"}
			}
		},
		{
			"from": [5.1125, 13.91875, 8.575],
			"to": [5.6625, 14.46875, 9.125],
			"rotation": {"angle": 0, "axis": "y", "origin": [3.15, 0.16875, 10.575]},
			"faces": {
				"north": {"uv": [6.125, 4.75, 6.25, 4.875], "texture": "#0"},
				"east": {"uv": [6.125, 4.875, 6.25, 5], "texture": "#0"},
				"south": {"uv": [6.125, 5, 6.25, 5.125], "texture": "#0"},
				"west": {"uv": [6.125, 5.125, 6.25, 5.25], "texture": "#0"},
				"up": {"uv": [6.25, 5.375, 6.125, 5.25], "texture": "#0"},
				"down": {"uv": [6.25, 5.375, 6.125, 5.5], "texture": "#0"}
			}
		},
		{
			"from": [2.5, 13.91875, 8.025],
			"to": [13.5, 14.19375, 12.975],
			"rotation": {"angle": 0, "axis": "y", "origin": [3.15, 0.16875, 10.575]},
			"faces": {
				"north": {"uv": [5, 4.125, 6.375, 4.25], "texture": "#0"},
				"east": {"uv": [5.875, 2, 6.5, 2.125], "texture": "#0"},
				"south": {"uv": [5, 4.25, 6.375, 4.375], "texture": "#0"},
				"west": {"uv": [5.875, 2.125, 6.5, 2.25], "texture": "#0"},
				"up": {"uv": [5.625, 0.625, 4.25, 0], "texture": "#0"},
				"down": {"uv": [5.625, 0.625, 4.25, 1.25], "texture": "#0"}
			}
		},
		{
			"from": [-0.4, 16.075, 3.525],
			"to": [16.4, 23.925, 4],
			"faces": {
				"north": {"uv": [0, 4, 2.125, 5], "texture": "#0"},
				"east": {"uv": [4.375, 5.625, 4.5, 6.625], "texture": "#0"},
				"south": {"uv": [2.125, 4, 4.25, 5], "texture": "#0"},
				"west": {"uv": [5.625, 4.375, 5.75, 5.375], "texture": "#0"},
				"up": {"uv": [6.375, 2.625, 4.25, 2.5], "texture": "#0"},
				"down": {"uv": [6.375, 2.625, 4.25, 2.75], "texture": "#0"}
			}
		},
		{
			"from": [1.5, 18, 3],
			"to": [14.5, 22, 3.5],
			"faces": {
				"north": {"uv": [4.25, 1.25, 5.875, 1.75], "texture": "#0"},
				"east": {"uv": [5.875, 5.625, 6, 6.125], "texture": "#0"},
				"south": {"uv": [4.25, 1.75, 5.875, 2.25], "texture": "#0"},
				"west": {"uv": [6, 0, 6.125, 0.5], "texture": "#0"},
				"up": {"uv": [2.875, 5.125, 1.25, 5], "texture": "#0"},
				"down": {"uv": [6.625, 4, 5, 4.125], "texture": "#0"}
			}
		},
		{
			"from": [-0.5, 16, 3.5],
			"to": [0, 24, 4.25],
			"faces": {
				"north": {"uv": [4.5, 5.625, 4.625, 6.625], "texture": "#0"},
				"east": {"uv": [4.625, 5.625, 4.75, 6.625], "texture": "#0"},
				"south": {"uv": [4.75, 5.625, 4.875, 6.625], "texture": "#0"},
				"west": {"uv": [4.875, 5.625, 5, 6.625], "texture": "#0"},
				"up": {"uv": [1.25, 6.875, 1.125, 6.75], "texture": "#0"},
				"down": {"uv": [6.875, 1.125, 6.75, 1.25], "texture": "#0"}
			}
		},
		{
			"from": [16, 16, 3.5],
			"to": [16.5, 24, 4.25],
			"faces": {
				"north": {"uv": [5.625, 5.375, 5.75, 6.375], "texture": "#0"},
				"east": {"uv": [5.75, 0, 5.875, 1], "texture": "#0"},
				"south": {"uv": [5.75, 4.375, 5.875, 5.375], "texture": "#0"},
				"west": {"uv": [5.75, 5.375, 5.875, 6.375], "texture": "#0"},
				"up": {"uv": [1.375, 6.875, 1.25, 6.75], "texture": "#0"},
				"down": {"uv": [6.875, 1.25, 6.75, 1.375], "texture": "#0"}
			}
		},
		{
			"from": [0, 16, 3.5],
			"to": [16.5, 16.5, 4.25],
			"faces": {
				"north": {"uv": [4.25, 2.75, 6.375, 2.875], "texture": "#0"},
				"east": {"uv": [1.375, 6.75, 1.5, 6.875], "texture": "#0"},
				"south": {"uv": [4.25, 2.875, 6.375, 3], "texture": "#0"},
				"west": {"uv": [6.75, 1.375, 6.875, 1.5], "texture": "#0"},
				"up": {"uv": [6.375, 3.125, 4.25, 3], "texture": "#0"},
				"down": {"uv": [6.375, 3.125, 4.25, 3.25], "texture": "#0"}
			}
		},
		{
			"from": [0, 23.5, 3.5],
			"to": [16.5, 24, 4.25],
			"faces": {
				"north": {"uv": [4.25, 3.25, 6.375, 3.375], "texture": "#0"},
				"east": {"uv": [1.5, 6.75, 1.625, 6.875], "texture": "#0"},
				"south": {"uv": [4.25, 3.375, 6.375, 3.5], "texture": "#0"},
				"west": {"uv": [6.75, 1.5, 6.875, 1.625], "texture": "#0"},
				"up": {"uv": [6.375, 3.625, 4.25, 3.5], "texture": "#0"},
				"down": {"uv": [6.375, 3.625, 4.25, 3.75], "texture": "#0"}
			}
		},
		{
			"name": "text_NO",
			"from": [6.6399, 19.9485, 4.075],
			"to": [7.1019, 21.7965, 4.075],
			"rotation": {"angle": 0, "axis": "y", "origin": [10.3149, 15.3285, 6.1225]},
			"faces": {
				"north": {"uv": [0, 0, 0.125, 0.125], "texture": "#1"},
				"east": {"uv": [0, 0, 0.125, 0.125], "texture": "#1"},
				"south": {"uv": [0, 0, 0.125, 0.125], "texture": "#1"},
				"west": {"uv": [0, 0, 0.125, 0.125], "texture": "#1"},
				"up": {"uv": [0, 0, 0.125, 0.125], "rotation": 180, "texture": "#1"},
				"down": {"uv": [0, 0, 0.125, 0.125], "rotation": 180, "texture": "#1"}
			}
		},
		{
			"name": "text_NO",
			"from": [7.5639, 19.9485, 4.075],
			"to": [8.0259, 21.7965, 4.075],
			"rotation": {"angle": 0, "axis": "y", "origin": [10.3149, 15.3285, 6.1225]},
			"faces": {
				"north": {"uv": [0, 0, 0.125, 0.125], "texture": "#1"},
				"east": {"uv": [0, 0, 0.125, 0.125], "texture": "#1"},
				"south": {"uv": [0, 0, 0.125, 0.125], "texture": "#1"},
				"west": {"uv": [0, 0, 0.125, 0.125], "texture": "#1"},
				"up": {"uv": [0, 0, 0.125, 0.125], "rotation": 180, "texture": "#1"},
				"down": {"uv": [0, 0, 0.125, 0.125], "rotation": 180, "texture": "#1"}
			}
		},
		{
			"name": "text_NO",
			"from": [7.1019, 20.6415, 4.075],
			"to": [7.3329, 21.3345, 4.075],
			"rotation": {"angle": 0, "axis": "y", "origin": [10.3149, 15.3285, 6.1225]},
			"faces": {
				"north": {"uv": [0, 0, 0.125, 0.125], "texture": "#1"},
				"east": {"uv": [0, 0, 0.125, 0.125], "texture": "#1"},
				"south": {"uv": [0, 0, 0.125, 0.125], "texture": "#1"},
				"west": {"uv": [0, 0, 0.125, 0.125], "texture": "#1"},
				"up": {"uv": [0, 0, 0.125, 0.125], "rotation": 180, "texture": "#1"},
				"down": {"uv": [0, 0, 0.125, 0.125], "rotation": 180, "texture": "#1"}
			}
		},
		{
			"name": "text_NO",
			"from": [7.3329, 20.4105, 4.075],
			"to": [7.5639, 21.1035, 4.075],
			"rotation": {"angle": 0, "axis": "y", "origin": [10.3149, 15.3285, 6.1225]},
			"faces": {
				"north": {"uv": [0, 0, 0.125, 0.125], "texture": "#1"},
				"east": {"uv": [0, 0, 0.125, 0.125], "texture": "#1"},
				"south": {"uv": [0, 0, 0.125, 0.125], "texture": "#1"},
				"west": {"uv": [0, 0, 0.125, 0.125], "texture": "#1"},
				"up": {"uv": [0, 0, 0.125, 0.125], "rotation": 180, "texture": "#1"},
				"down": {"uv": [0, 0, 0.125, 0.125], "rotation": 180, "texture": "#1"}
			}
		},
		{
			"name": "text_NO",
			"from": [8.0952, 19.9485, 4.075],
			"to": [8.5572, 21.7965, 4.075],
			"rotation": {"angle": 0, "axis": "y", "origin": [10.3149, 15.3285, 6.1225]},
			"faces": {
				"north": {"uv": [0, 0, 0.125, 0.125], "texture": "#1"},
				"east": {"uv": [0, 0, 0.125, 0.125], "texture": "#1"},
				"south": {"uv": [0, 0, 0.125, 0.125], "texture": "#1"},
				"west": {"uv": [0, 0, 0.125, 0.125], "texture": "#1"},
				"up": {"uv": [0, 0, 0.125, 0.125], "rotation": 180, "texture": "#1"},
				"down": {"uv": [0, 0, 0.125, 0.125], "rotation": 180, "texture": "#1"}
			}
		},
		{
			"name": "text_NO",
			"from": [8.5572, 21.3345, 4.075],
			"to": [9.0192, 21.7965, 4.075],
			"rotation": {"angle": 0, "axis": "y", "origin": [10.3149, 15.3285, 6.1225]},
			"faces": {
				"north": {"uv": [0, 0, 0.125, 0.125], "texture": "#1"},
				"east": {"uv": [0, 0, 0.125, 0.125], "texture": "#1"},
				"south": {"uv": [0, 0, 0.125, 0.125], "texture": "#1"},
				"west": {"uv": [0, 0, 0.125, 0.125], "texture": "#1"},
				"up": {"uv": [0, 0, 0.125, 0.125], "rotation": 180, "texture": "#1"},
				"down": {"uv": [0, 0, 0.125, 0.125], "rotation": 180, "texture": "#1"}
			}
		},
		{
			"name": "text_NO",
			"from": [9.0192, 19.9485, 4.075],
			"to": [9.4812, 21.7965, 4.075],
			"rotation": {"angle": 0, "axis": "y", "origin": [10.3149, 15.3285, 6.1225]},
			"faces": {
				"north": {"uv": [0, 0, 0.125, 0.125], "texture": "#1"},
				"east": {"uv": [0, 0, 0.125, 0.125], "texture": "#1"},
				"south": {"uv": [0, 0, 0.125, 0.125], "texture": "#1"},
				"west": {"uv": [0, 0, 0.125, 0.125], "texture": "#1"},
				"up": {"uv": [0, 0, 0.125, 0.125], "rotation": 180, "texture": "#1"},
				"down": {"uv": [0, 0, 0.125, 0.125], "rotation": 180, "texture": "#1"}
			}
		},
		{
			"name": "text_NO",
			"from": [8.5572, 19.9485, 4.075],
			"to": [9.0192, 20.4105, 4.075],
			"rotation": {"angle": 0, "axis": "y", "origin": [10.3149, 15.3285, 6.1225]},
			"faces": {
				"north": {"uv": [0, 0, 0.125, 0.125], "texture": "#1"},
				"east": {"uv": [0, 0, 0.125, 0.125], "texture": "#1"},
				"south": {"uv": [0, 0, 0.125, 0.125], "texture": "#1"},
				"west": {"uv": [0, 0, 0.125, 0.125], "texture": "#1"},
				"up": {"uv": [0, 0, 0.125, 0.125], "rotation": 180, "texture": "#1"},
				"down": {"uv": [0, 0, 0.125, 0.125], "rotation": 180, "texture": "#1"}
			}
		},
		{
			"name": "text_SIGNAL",
			"from": [4.54375, 17.9535, 4.075],
			"to": [5.69875, 18.4155, 4.075],
			"rotation": {"angle": 0, "axis": "y", "origin": [12.24375, 15.3285, 6.1225]},
			"faces": {
				"north": {"uv": [0, 0, 0.125, 0.125], "texture": "#1"},
				"east": {"uv": [0, 0, 0.125, 0.125], "texture": "#1"},
				"south": {"uv": [0, 0, 0.125, 0.125], "texture": "#1"},
				"west": {"uv": [0, 0, 0.125, 0.125], "texture": "#1"},
				"up": {"uv": [0, 0, 0.125, 0.125], "rotation": 180, "texture": "#1"},
				"down": {"uv": [0, 0, 0.125, 0.125], "rotation": 180, "texture": "#1"}
			}
		},
		{
			"name": "text_SIGNAL",
			"from": [4.54375, 18.6465, 4.075],
			"to": [5.69875, 19.1085, 4.075],
			"rotation": {"angle": 0, "axis": "y", "origin": [12.24375, 15.3285, 6.1225]},
			"faces": {
				"north": {"uv": [0, 0, 0.125, 0.125], "texture": "#1"},
				"east": {"uv": [0, 0, 0.125, 0.125], "texture": "#1"},
				"south": {"uv": [0, 0, 0.125, 0.125], "texture": "#1"},
				"west": {"uv": [0, 0, 0.125, 0.125], "texture": "#1"},
				"up": {"uv": [0, 0, 0.125, 0.125], "rotation": 180, "texture": "#1"},
				"down": {"uv": [0, 0, 0.125, 0.125], "rotation": 180, "texture": "#1"}
			}
		},
		{
			"name": "text_SIGNAL",
			"from": [4.54375, 19.3395, 4.075],
			"to": [5.69875, 19.8015, 4.075],
			"rotation": {"angle": 0, "axis": "y", "origin": [12.24375, 15.3285, 6.1225]},
			"faces": {
				"north": {"uv": [0, 0, 0.125, 0.125], "texture": "#1"},
				"east": {"uv": [0, 0, 0.125, 0.125], "texture": "#1"},
				"south": {"uv": [0, 0, 0.125, 0.125], "texture": "#1"},
				"west": {"uv": [0, 0, 0.125, 0.125], "texture": "#1"},
				"up": {"uv": [0, 0, 0.125, 0.125], "rotation": 180, "texture": "#1"},
				"down": {"uv": [0, 0, 0.125, 0.125], "rotation": 180, "texture": "#1"}
			}
		},
		{
			"name": "text_SIGNAL",
			"from": [5.23675, 18.4155, 4.075],
			"to": [5.69875, 18.6465, 4.075],
			"rotation": {"angle": 0, "axis": "y", "origin": [12.24375, 15.3285, 6.1225]},
			"faces": {
				"north": {"uv": [0, 0, 0.125, 0.125], "texture": "#1"},
				"east": {"uv": [0, 0, 0.125, 0.125], "texture": "#1"},
				"south": {"uv": [0, 0, 0.125, 0.125], "texture": "#1"},
				"west": {"uv": [0, 0, 0.125, 0.125], "texture": "#1"},
				"up": {"uv": [0, 0, 0.125, 0.125], "rotation": 180, "texture": "#1"},
				"down": {"uv": [0, 0, 0.125, 0.125], "rotation": 180, "texture": "#1"}
			}
		},
		{
			"name": "text_SIGNAL",
			"from": [4.54375, 19.1085, 4.075],
			"to": [5.00575, 19.3395, 4.075],
			"rotation": {"angle": 0, "axis": "y", "origin": [12.24375, 15.3285, 6.1225]},
			"faces": {
				"north": {"uv": [0, 0, 0.125, 0.125], "texture": "#1"},
				"east": {"uv": [0, 0, 0.125, 0.125], "texture": "#1"},
				"south": {"uv": [0, 0, 0.125, 0.125], "texture": "#1"},
				"west": {"uv": [0, 0, 0.125, 0.125], "texture": "#1"},
				"up": {"uv": [0, 0, 0.125, 0.125], "rotation": 180, "texture": "#1"},
				"down": {"uv": [0, 0, 0.125, 0.125], "rotation": 180, "texture": "#1"}
			}
		},
		{
			"name": "text_SIGNAL",
			"from": [5.76805, 17.9535, 4.075],
			"to": [6.23005, 19.8015, 4.075],
			"rotation": {"angle": 0, "axis": "y", "origin": [12.24375, 15.3285, 6.1225]},
			"faces": {
				"north": {"uv": [0, 0, 0.125, 0.125], "texture": "#1"},
				"east": {"uv": [0, 0, 0.125, 0.125], "texture": "#1"},
				"south": {"uv": [0, 0, 0.125, 0.125], "texture": "#1"},
				"west": {"uv": [0, 0, 0.125, 0.125], "texture": "#1"},
				"up": {"uv": [0, 0, 0.125, 0.125], "rotation": 180, "texture": "#1"},
				"down": {"uv": [0, 0, 0.125, 0.125], "rotation": 180, "texture": "#1"}
			}
		},
		{
			"name": "text_SIGNAL",
			"from": [6.29935, 18.4155, 4.075],
			"to": [6.76135, 19.8015, 4.075],
			"rotation": {"angle": 0, "axis": "y", "origin": [12.24375, 15.3285, 6.1225]},
			"faces": {
				"north": {"uv": [0, 0, 0.125, 0.125], "texture": "#1"},
				"east": {"uv": [0, 0, 0.125, 0.125], "texture": "#1"},
				"south": {"uv": [0, 0, 0.125, 0.125], "texture": "#1"},
				"west": {"uv": [0, 0, 0.125, 0.125], "texture": "#1"},
				"up": {"uv": [0, 0, 0.125, 0.125], "rotation": 180, "texture": "#1"},
				"down": {"uv": [0, 0, 0.125, 0.125], "rotation": 180, "texture": "#1"}
			}
		},
		{
			"name": "text_SIGNAL",
			"from": [6.29935, 17.9535, 4.075],
			"to": [7.45435, 18.4155, 4.075],
			"rotation": {"angle": 0, "axis": "y", "origin": [12.24375, 15.3285, 6.1225]},
			"faces": {
				"north": {"uv": [0, 0, 0.125, 0.125], "texture": "#1"},
				"east": {"uv": [0, 0, 0.125, 0.125], "texture": "#1"},
				"south": {"uv": [0, 0, 0.125, 0.125], "texture": "#1"},
				"west": {"uv": [0, 0, 0.125, 0.125], "texture": "#1"},
				"up": {"uv": [0, 0, 0.125, 0.125], "rotation": 180, "texture": "#1"},
				"down": {"uv": [0, 0, 0.125, 0.125], "rotation": 180, "texture": "#1"}
			}
		},
		{
			"name": "text_SIGNAL",
			"from": [6.99235, 18.4155, 4.075],
			"to": [7.45435, 18.8775, 4.075],
			"rotation": {"angle": 0, "axis": "y", "origin": [12.24375, 15.3285, 6.1225]},
			"faces": {
				"north": {"uv": [0, 0, 0.125, 0.125], "texture": "#1"},
				"east": {"uv": [0, 0, 0.125, 0.125], "texture": "#1"},
				"south": {"uv": [0, 0, 0.125, 0.125], "texture": "#1"},
				"west": {"uv": [0, 0, 0.125, 0.125], "texture": "#1"},
				"up": {"uv": [0, 0, 0.125, 0.125], "rotation": 180, "texture": "#1"},
				"down": {"uv": [0, 0, 0.125, 0.125], "rotation": 180, "texture": "#1"}
			}
		},
		{
			"name": "text_SIGNAL",
			"from": [6.76135, 19.3395, 4.075],
			"to": [7.45435, 19.8015, 4.075],
			"rotation": {"angle": 0, "axis": "y", "origin": [12.24375, 15.3285, 6.1225]},
			"faces": {
				"north": {"uv": [0, 0, 0.125, 0.125], "texture": "#1"},
				"east": {"uv": [0, 0, 0.125, 0.125], "texture": "#1"},
				"south": {"uv": [0, 0, 0.125, 0.125], "texture": "#1"},
				"west": {"uv": [0, 0, 0.125, 0.125], "texture": "#1"},
				"up": {"uv": [0, 0, 0.125, 0.125], "rotation": 180, "texture": "#1"},
				"down": {"uv": [0, 0, 0.125, 0.125], "rotation": 180, "texture": "#1"}
			}
		},
		{
			"name": "text_SIGNAL",
			"from": [7.52365, 17.9535, 4.075],
			"to": [7.98565, 19.8015, 4.075],
			"rotation": {"angle": 0, "axis": "y", "origin": [12.24375, 15.3285, 6.1225]},
			"faces": {
				"north": {"uv": [0, 0, 0.125, 0.125], "texture": "#1"},
				"east": {"uv": [0, 0, 0.125, 0.125], "texture": "#1"},
				"south": {"uv": [0, 0, 0.125, 0.125], "texture": "#1"},
				"west": {"uv": [0, 0, 0.125, 0.125], "texture": "#1"},
				"up": {"uv": [0, 0, 0.125, 0.125], "rotation": 180, "texture": "#1"},
				"down": {"uv": [0, 0, 0.125, 0.125], "rotation": 180, "texture": "#1"}
			}
		},
		{
			"name": "text_SIGNAL",
			"from": [8.44765, 17.9535, 4.075],
			"to": [8.90965, 19.8015, 4.075],
			"rotation": {"angle": 0, "axis": "y", "origin": [12.24375, 15.3285, 6.1225]},
			"faces": {
				"north": {"uv": [0, 0, 0.125, 0.125], "texture": "#1"},
				"east": {"uv": [0, 0, 0.125, 0.125], "texture": "#1"},
				"south": {"uv": [0, 0, 0.125, 0.125], "texture": "#1"},
				"west": {"uv": [0, 0, 0.125, 0.125], "texture": "#1"},
				"up": {"uv": [0, 0, 0.125, 0.125], "rotation": 180, "texture": "#1"},
				"down": {"uv": [0, 0, 0.125, 0.125], "rotation": 180, "texture": "#1"}
			}
		},
		{
			"name": "text_SIGNAL",
			"from": [7.98565, 18.6465, 4.075],
			"to": [8.21665, 19.3395, 4.075],
			"rotation": {"angle": 0, "axis": "y", "origin": [12.24375, 15.3285, 6.1225]},
			"faces": {
				"north": {"uv": [0, 0, 0.125, 0.125], "texture": "#1"},
				"east": {"uv": [0, 0, 0.125, 0.125], "texture": "#1"},
				"south": {"uv": [0, 0, 0.125, 0.125], "texture": "#1"},
				"west": {"uv": [0, 0, 0.125, 0.125], "texture": "#1"},
				"up": {"uv": [0, 0, 0.125, 0.125], "rotation": 180, "texture": "#1"},
				"down": {"uv": [0, 0, 0.125, 0.125], "rotation": 180, "texture": "#1"}
			}
		},
		{
			"name": "text_SIGNAL",
			"from": [8.21665, 18.4155, 4.075],
			"to": [8.44765, 19.1085, 4.075],
			"rotation": {"angle": 0, "axis": "y", "origin": [12.24375, 15.3285, 6.1225]},
			"faces": {
				"north": {"uv": [0, 0, 0.125, 0.125], "texture": "#1"},
				"east": {"uv": [0, 0, 0.125, 0.125], "texture": "#1"},
				"south": {"uv": [0, 0, 0.125, 0.125], "texture": "#1"},
				"west": {"uv": [0, 0, 0.125, 0.125], "texture": "#1"},
				"up": {"uv": [0, 0, 0.125, 0.125], "rotation": 180, "texture": "#1"},
				"down": {"uv": [0, 0, 0.125, 0.125], "rotation": 180, "texture": "#1"}
			}
		},
		{
			"name": "text_SIGNAL",
			"from": [8.97895, 17.9535, 4.075],
			"to": [9.44095, 19.8015, 4.075],
			"rotation": {"angle": 0, "axis": "y", "origin": [12.24375, 15.3285, 6.1225]},
			"faces": {
				"north": {"uv": [0, 0, 0.125, 0.125], "texture": "#1"},
				"east": {"uv": [0, 0, 0.125, 0.125], "texture": "#1"},
				"south": {"uv": [0, 0, 0.125, 0.125], "texture": "#1"},
				"west": {"uv": [0, 0, 0.125, 0.125], "texture": "#1"},
				"up": {"uv": [0, 0, 0.125, 0.125], "rotation": 180, "texture": "#1"},
				"down": {"uv": [0, 0, 0.125, 0.125], "rotation": 180, "texture": "#1"}
			}
		},
		{
			"name": "text_SIGNAL",
			"from": [9.44095, 19.3395, 4.075],
			"to": [9.67195, 19.8015, 4.075],
			"rotation": {"angle": 0, "axis": "y", "origin": [12.24375, 15.3285, 6.1225]},
			"faces": {
				"north": {"uv": [0, 0, 0.125, 0.125], "texture": "#1"},
				"east": {"uv": [0, 0, 0.125, 0.125], "texture": "#1"},
				"south": {"uv": [0, 0, 0.125, 0.125], "texture": "#1"},
				"west": {"uv": [0, 0, 0.125, 0.125], "texture": "#1"},
				"up": {"uv": [0, 0, 0.125, 0.125], "rotation": 180, "texture": "#1"},
				"down": {"uv": [0, 0, 0.125, 0.125], "rotation": 180, "texture": "#1"}
			}
		},
		{
			"name": "text_SIGNAL",
			"from": [9.67195, 17.9535, 4.075],
			"to": [10.13395, 19.8015, 4.075],
			"rotation": {"angle": 0, "axis": "y", "origin": [12.24375, 15.3285, 6.1225]},
			"faces": {
				"north": {"uv": [0, 0, 0.125, 0.125], "texture": "#1"},
				"east": {"uv": [0, 0, 0.125, 0.125], "texture": "#1"},
				"south": {"uv": [0, 0, 0.125, 0.125], "texture": "#1"},
				"west": {"uv": [0, 0, 0.125, 0.125], "texture": "#1"},
				"up": {"uv": [0, 0, 0.125, 0.125], "rotation": 180, "texture": "#1"},
				"down": {"uv": [0, 0, 0.125, 0.125], "rotation": 180, "texture": "#1"}
			}
		},
		{
			"name": "text_SIGNAL",
			"from": [9.44095, 18.6465, 4.075],
			"to": [9.67195, 19.1085, 4.075],
			"rotation": {"angle": 0, "axis": "y", "origin": [12.24375, 15.3285, 6.1225]},
			"faces": {
				"north": {"uv": [0, 0, 0.125, 0.125], "texture": "#1"},
				"east": {"uv": [0, 0, 0.125, 0.125], "texture": "#1"},
				"south": {"uv": [0, 0, 0.125, 0.125], "texture": "#1"},
				"west": {"uv": [0, 0, 0.125, 0.125], "texture": "#1"},
				"up": {"uv": [0, 0, 0.125, 0.125], "rotation": 180, "texture": "#1"},
				"down": {"uv": [0, 0, 0.125, 0.125], "rotation": 180, "texture": "#1"}
			}
		},
		{
			"name": "text_SIGNAL",
			"from": [10.20325, 17.9535, 4.075],
			"to": [10.66525, 19.8015, 4.075],
			"rotation": {"angle": 0, "axis": "y", "origin": [12.24375, 15.3285, 6.1225]},
			"faces": {
				"north": {"uv": [0, 0, 0.125, 0.125], "texture": "#1"},
				"east": {"uv": [0, 0, 0.125, 0.125], "texture": "#1"},
				"south": {"uv": [0, 0, 0.125, 0.125], "texture": "#1"},
				"west": {"uv": [0, 0, 0.125, 0.125], "texture": "#1"},
				"up": {"uv": [0, 0, 0.125, 0.125], "rotation": 180, "texture": "#1"},
				"down": {"uv": [0, 0, 0.125, 0.125], "rotation": 180, "texture": "#1"}
			}
		},
		{
			"name": "text_SIGNAL",
			"from": [10.66525, 17.9535, 4.075],
			"to": [11.35825, 18.4155, 4.075],
			"rotation": {"angle": 0, "axis": "y", "origin": [12.24375, 15.3285, 6.1225]},
			"faces": {
				"north": {"uv": [0, 0, 0.125, 0.125], "texture": "#1"},
				"east": {"uv": [0, 0, 0.125, 0.125], "texture": "#1"},
				"south": {"uv": [0, 0, 0.125, 0.125], "texture": "#1"},
				"west": {"uv": [0, 0, 0.125, 0.125], "texture": "#1"},
				"up": {"uv": [0, 0, 0.125, 0.125], "rotation": 180, "texture": "#1"},
				"down": {"uv": [0, 0, 0.125, 0.125], "rotation": 180, "texture": "#1"}
			}
		}
	],
	"display": {
		"fixed": {
			"rotation": [-90, 0, 0],
			"translation": [0, 3.5, -17.5],
			"scale": [2.32, 2.32, 2.32]
		}
	},
	"groups": [
		{
			"name": "desk",
			"origin": [8, 8, 8],
			"color": 0,
			"children": [0, 1, 2, 3, 4, 5, 6, 7, 8, 9, 10, 11, 12]
		},
		{
			"name": "monitor",
			"origin": [8, 8, 8],
			"color": 0,
			"children": [13, 14, 15]
		},
		{
			"name": "keyboard",
			"origin": [8, 8, 8],
			"color": 0,
			"children": []
		},
		16,
		17,
		18,
		19,
		20,
		21,
		22,
		23,
		24,
		25,
		26,
		27,
		28,
		29,
		30,
		31,
		32,
		33,
		34,
		35,
		36,
		37,
		38,
		39,
		40,
		41,
		42,
		43,
		44,
		45,
		46,
		47,
		48,
		49,
		50,
		51,
		52,
		53,
		54,
		55,
		56,
		57,
		58,
		59,
		60,
		61,
		62,
		63,
		64,
		65,
		66,
		67,
		68,
		69,
		70,
		71,
		72,
		73,
		74,
		75,
		76,
		77,
		78,
		79,
		80,
		81,
		82,
		83,
		84,
		85,
		{
			"name": "text_NO",
			"origin": [18.15, 12, 15],
			"color": 0,
			"children": [
				{
					"name": "character_n",
					"origin": [18.15, 12, 15],
					"color": 0,
					"children": [86, 87, 88, 89]
				},
				{
					"name": "character_o",
					"origin": [18.15, 12, 15],
					"color": 0,
					"children": [90, 91, 92, 93]
				}
			]
		},
		{
			"name": "text_SIGNAL",
			"origin": [26.5, 12, 15],
			"color": 0,
			"children": [
				{
					"name": "character_s",
					"origin": [26.5, 12, 15],
					"color": 0,
					"children": [94, 95, 96, 97, 98]
				},
				{
					"name": "character_i",
					"origin": [26.5, 12, 15],
					"color": 0,
					"children": [99]
				},
				{
					"name": "character_g",
					"origin": [26.5, 12, 15],
					"color": 0,
					"children": [100, 101, 102, 103]
				},
				{
					"name": "character_n",
					"origin": [26.5, 12, 15],
					"color": 0,
					"children": [104, 105, 106, 107]
				},
				{
					"name": "character_a",
					"origin": [26.5, 12, 15],
					"color": 0,
					"children": [108, 109, 110, 111]
				},
				{
					"name": "character_l",
					"origin": [26.5, 12, 15],
					"color": 0,
					"children": [112, 113]
				}
			]
		}
	]
}