{
	"credit": "Made by FeignedMars4438 (Aidennn#0682 on discord)",
	"texture_size": [128, 128],
	"textures": {
		"0": "item/furniture/fan/fan",
		"1": "item/furniture/fan/fan_blade",
		"particle": "item/furniture/fan/fan"
	},
	"elements": [
		{
			"name": "hexadecagon",
			"from": [1.48213, 0.42607, -0.68585],
			"to": [3.53097, 0.63207, 15.68751],
			"rotation": {"angle": -45, "axis": "z", "origin": [2.50655, 5.57618, 0.00083]},
			"faces": {
				"north": {"uv": [2.75, 6.25, 3, 6.28125], "texture": "#1"},
				"east": {"uv": [5.25, 1.125, 7.28125, 1.15625], "texture": "#1"},
				"south": {"uv": [3, 6.25, 3.25, 6.28125], "texture": "#1"},
				"west": {"uv": [5.25, 1.25, 7.28125, 1.28125], "texture": "#1"},
				"up": {"uv": [0.25, 2.03125, 0, 0], "texture": "#1"},
				"down": {"uv": [0.5, 0, 0.25, 2.03125], "texture": "#1"}
			}
		},
		{
			"name": "hexadecagon",
			"from": [1.48213, 0.42607, -0.68585],
			"to": [3.53097, 0.63207, 15.68751],
			"rotation": {"angle": -22.5, "axis": "z", "origin": [2.50655, 5.57618, 0.00083]},
			"faces": {
				"north": {"uv": [3.25, 6.25, 3.5, 6.28125], "texture": "#1"},
				"east": {"uv": [5.25, 1.375, 7.28125, 1.40625], "texture": "#1"},
				"south": {"uv": [3.5, 6.25, 3.75, 6.28125], "texture": "#1"},
				"west": {"uv": [5.125, 5.25, 7.15625, 5.28125], "texture": "#1"},
				"up": {"uv": [0.75, 2.03125, 0.5, 0], "texture": "#1"},
				"down": {"uv": [1, 0, 0.75, 2.03125], "texture": "#1"}
			}
		},
		{
			"name": "hexadecagon",
			"from": [1.48213, 0.42607, -0.68585],
			"to": [3.53097, 0.63207, 15.68751],
			"rotation": {"angle": 0, "axis": "z", "origin": [2.50655, 5.57618, 0.00083]},
			"faces": {
				"north": {"uv": [7, 6.375, 7.25, 6.40625], "texture": "#1"},
				"east": {"uv": [5.125, 5.375, 7.15625, 5.40625], "texture": "#1"},
				"south": {"uv": [7.25, 6, 7.5, 6.03125], "texture": "#1"},
				"west": {"uv": [5.125, 5.5, 7.15625, 5.53125], "texture": "#1"},
				"up": {"uv": [1.25, 2.03125, 1, 0], "texture": "#1"},
				"down": {"uv": [1.5, 0, 1.25, 2.03125], "texture": "#1"}
			}
		},
		{
			"name": "hexadecagon",
			"from": [1.48213, 0.42607, -0.68585],
			"to": [3.53097, 0.63207, 15.68751],
			"rotation": {"angle": 22.5, "axis": "z", "origin": [2.50655, 5.57618, 0.00083]},
			"faces": {
				"north": {"uv": [7.25, 6.375, 7.5, 6.40625], "texture": "#1"},
				"east": {"uv": [5.125, 5.625, 7.15625, 5.65625], "texture": "#1"},
				"south": {"uv": [7.375, 1.375, 7.625, 1.40625], "texture": "#1"},
				"west": {"uv": [5.125, 5.75, 7.15625, 5.78125], "texture": "#1"},
				"up": {"uv": [1.75, 2.03125, 1.5, 0], "texture": "#1"},
				"down": {"uv": [2, 0, 1.75, 2.03125], "texture": "#1"}
			}
		},
		{
			"name": "hexadecagon",
			"from": [1.48213, 0.42607, -0.68585],
			"to": [3.53097, 0.63207, 15.68751],
			"rotation": {"angle": 45, "axis": "z", "origin": [2.50655, 5.57618, 0.00083]},
			"faces": {
				"north": {"uv": [7.5, 5.75, 7.75, 5.78125], "texture": "#1"},
				"east": {"uv": [5.125, 5.875, 7.15625, 5.90625], "texture": "#1"},
				"south": {"uv": [5.875, 7.5, 6.125, 7.53125], "texture": "#1"},
				"west": {"uv": [5.125, 6, 7.15625, 6.03125], "texture": "#1"},
				"up": {"uv": [2.25, 2.03125, 2, 0], "texture": "#1"},
				"down": {"uv": [0.25, 2.125, 0, 4.15625], "texture": "#1"}
			}
		},
		{
			"name": "hexadecagon",
			"from": [1.48213, 10.52028, -0.68585],
			"to": [3.53097, 10.72629, 15.68751],
			"rotation": {"angle": -45, "axis": "z", "origin": [2.50655, 5.57618, 0.00083]},
			"faces": {
				"north": {"uv": [7.5, 5.875, 7.75, 5.90625], "texture": "#1"},
				"east": {"uv": [6.125, 1.5, 8.15625, 1.53125], "texture": "#1"},
				"south": {"uv": [7.5, 6, 7.75, 6.03125], "texture": "#1"},
				"west": {"uv": [6.125, 1.625, 8.15625, 1.65625], "texture": "#1"},
				"up": {"uv": [0.5, 4.15625, 0.25, 2.125], "texture": "#1"},
				"down": {"uv": [0.75, 2.125, 0.5, 4.15625], "texture": "#1"}
			}
		},
		{
			"name": "hexadecagon",
			"from": [1.48213, 10.52028, -0.68585],
			"to": [3.53097, 10.72629, 15.68751],
			"rotation": {"angle": -22.5, "axis": "z", "origin": [2.50655, 5.57618, 0.00083]},
			"faces": {
				"north": {"uv": [6.125, 7.5, 6.375, 7.53125], "texture": "#1"},
				"east": {"uv": [6.125, 1.75, 8.15625, 1.78125], "texture": "#1"},
				"south": {"uv": [6.375, 7.5, 6.625, 7.53125], "texture": "#1"},
				"west": {"uv": [6.125, 1.875, 8.15625, 1.90625], "texture": "#1"},
				"up": {"uv": [1, 4.15625, 0.75, 2.125], "texture": "#1"},
				"down": {"uv": [1.25, 2.125, 1, 4.15625], "texture": "#1"}
			}
		},
		{
			"name": "hexadecagon",
			"from": [1.48213, 10.52028, -0.68585],
			"to": [3.53097, 10.72629, 15.68751],
			"rotation": {"angle": 0, "axis": "z", "origin": [2.50655, 5.57618, 0.00083]},
			"faces": {
				"north": {"uv": [7.5, 6.375, 7.75, 6.40625], "texture": "#1"},
				"east": {"uv": [6.125, 2, 8.15625, 2.03125], "texture": "#1"},
				"south": {"uv": [7.5, 6.75, 7.75, 6.78125], "texture": "#1"},
				"west": {"uv": [4.75, 6.125, 6.78125, 6.15625], "texture": "#1"},
				"up": {"uv": [1.5, 4.15625, 1.25, 2.125], "texture": "#1"},
				"down": {"uv": [1.75, 2.125, 1.5, 4.15625], "texture": "#1"}
			}
		},
		{
			"name": "hexadecagon",
			"from": [1.48213, 10.52028, -0.68585],
			"to": [3.53097, 10.72629, 15.68751],
			"rotation": {"angle": 22.5, "axis": "z", "origin": [2.50655, 5.57618, 0.00083]},
			"faces": {
				"north": {"uv": [7.5, 6.875, 7.75, 6.90625], "texture": "#1"},
				"east": {"uv": [4.75, 6.25, 6.78125, 6.28125], "texture": "#1"},
				"south": {"uv": [7, 7.5, 7.25, 7.53125], "texture": "#1"},
				"west": {"uv": [0, 6.375, 2.03125, 6.40625], "texture": "#1"},
				"up": {"uv": [2, 4.15625, 1.75, 2.125], "texture": "#1"},
				"down": {"uv": [2.25, 2.125, 2, 4.15625], "texture": "#1"}
			}
		},
		{
			"name": "hexadecagon",
			"from": [1.48213, 10.52028, -0.68585],
			"to": [3.53097, 10.72629, 15.68751],
			"rotation": {"angle": 45, "axis": "z", "origin": [2.50655, 5.57618, 0.00083]},
			"faces": {
				"north": {"uv": [7.5, 7, 7.75, 7.03125], "texture": "#1"},
				"east": {"uv": [2.75, 6.375, 4.78125, 6.40625], "texture": "#1"},
				"south": {"uv": [7.5, 7.125, 7.75, 7.15625], "texture": "#1"},
				"west": {"uv": [4.875, 6.375, 6.90625, 6.40625], "texture": "#1"},
				"up": {"uv": [2.5, 2.03125, 2.25, 0], "texture": "#1"},
				"down": {"uv": [2.5, 2.125, 2.25, 4.15625], "texture": "#1"}
			}
		},
		{
			"name": "hexadecagon",
			"from": [-2.64356, 4.55176, -0.68585],
			"to": [-2.43755, 6.6006, 15.68751],
			"rotation": {"angle": -22.5, "axis": "z", "origin": [2.50655, 5.57618, 0.00083]},
			"faces": {
				"north": {"uv": [3.625, 7, 3.65625, 7.25], "texture": "#1"},
				"east": {"uv": [2.5, 0, 4.53125, 0.25], "texture": "#1"},
				"south": {"uv": [3.625, 7.25, 3.65625, 7.5], "texture": "#1"},
				"west": {"uv": [2.5, 0.25, 4.53125, 0.5], "texture": "#1"},
				"up": {"uv": [2.15625, 8.40625, 2.125, 6.375], "texture": "#1"},
				"down": {"uv": [2.28125, 6.375, 2.25, 8.40625], "texture": "#1"}
			}
		},
		{
			"name": "hexadecagon",
			"from": [-2.64356, 4.55176, -0.68585],
			"to": [-2.43755, 6.6006, 15.68751],
			"rotation": {"angle": 0, "axis": "z", "origin": [2.50655, 5.57618, 0.00083]},
			"faces": {
				"north": {"uv": [3.625, 7.5, 3.65625, 7.75], "texture": "#1"},
				"east": {"uv": [2.5, 0.5, 4.53125, 0.75], "texture": "#1"},
				"south": {"uv": [7.25, 7.5, 7.28125, 7.75], "texture": "#1"},
				"west": {"uv": [2.5, 0.75, 4.53125, 1], "texture": "#1"},
				"up": {"uv": [2.40625, 8.40625, 2.375, 6.375], "texture": "#1"},
				"down": {"uv": [0.03125, 6.5, 0, 8.53125], "texture": "#1"}
			}
		},
		{
			"name": "hexadecagon",
			"from": [-2.64356, 4.55176, -0.68585],
			"to": [-2.43755, 6.6006, 15.68751],
			"rotation": {"angle": 22.5, "axis": "z", "origin": [2.50655, 5.57618, 0.00083]},
			"faces": {
				"north": {"uv": [7.5, 7.25, 7.53125, 7.5], "texture": "#1"},
				"east": {"uv": [2.5, 1, 4.53125, 1.25], "texture": "#1"},
				"south": {"uv": [7.375, 7.5, 7.40625, 7.75], "texture": "#1"},
				"west": {"uv": [2.5, 1.25, 4.53125, 1.5], "texture": "#1"},
				"up": {"uv": [0.15625, 8.53125, 0.125, 6.5], "texture": "#1"},
				"down": {"uv": [0.28125, 6.5, 0.25, 8.53125], "texture": "#1"}
			}
		},
		{
			"name": "hexadecagon",
			"from": [7.45066, 4.55176, -0.68585],
			"to": [7.65666, 6.6006, 15.68751],
			"rotation": {"angle": -22.5, "axis": "z", "origin": [2.50655, 5.57618, 0.00083]},
			"faces": {
				"north": {"uv": [7.5, 7.5, 7.53125, 7.75], "texture": "#1"},
				"east": {"uv": [2.5, 1.5, 4.53125, 1.75], "texture": "#1"},
				"south": {"uv": [7.625, 1.125, 7.65625, 1.375], "texture": "#1"},
				"west": {"uv": [2.5, 1.75, 4.53125, 2], "texture": "#1"},
				"up": {"uv": [0.40625, 8.53125, 0.375, 6.5], "texture": "#1"},
				"down": {"uv": [0.53125, 6.5, 0.5, 8.53125], "texture": "#1"}
			}
		},
		{
			"name": "hexadecagon",
			"from": [7.45066, 4.55176, -0.68585],
			"to": [7.65666, 6.6006, 15.68751],
			"rotation": {"angle": 0, "axis": "z", "origin": [2.50655, 5.57618, 0.00083]},
			"faces": {
				"north": {"uv": [5.875, 7.625, 5.90625, 7.875], "texture": "#1"},
				"east": {"uv": [2.5, 2, 4.53125, 2.25], "texture": "#1"},
				"south": {"uv": [6, 7.625, 6.03125, 7.875], "texture": "#1"},
				"west": {"uv": [2.5, 2.25, 4.53125, 2.5], "texture": "#1"},
				"up": {"uv": [0.65625, 8.53125, 0.625, 6.5], "texture": "#1"},
				"down": {"uv": [0.78125, 6.5, 0.75, 8.53125], "texture": "#1"}
			}
		},
		{
			"name": "hexadecagon",
			"from": [7.45066, 4.55176, -0.68585],
			"to": [7.65666, 6.6006, 15.68751],
			"rotation": {"angle": 22.5, "axis": "z", "origin": [2.50655, 5.57618, 0.00083]},
			"faces": {
				"north": {"uv": [6.125, 7.625, 6.15625, 7.875], "texture": "#1"},
				"east": {"uv": [2.5, 2.5, 4.53125, 2.75], "texture": "#1"},
				"south": {"uv": [6.25, 7.625, 6.28125, 7.875], "texture": "#1"},
				"west": {"uv": [2.5, 2.75, 4.53125, 3], "texture": "#1"},
				"up": {"uv": [0.90625, 8.53125, 0.875, 6.5], "texture": "#1"},
				"down": {"uv": [1.03125, 6.5, 1, 8.53125], "texture": "#1"}
			}
		},
		{
			"name": "hexadecagon",
			"from": [12.46903, 0.42607, -0.68585],
			"to": [14.51787, 0.63207, 15.68751],
			"rotation": {"angle": 45, "axis": "z", "origin": [13.49345, 5.57618, 0.00083]},
			"faces": {
				"north": {"uv": [7.625, 1.375, 7.875, 1.40625], "texture": "#1"},
				"east": {"uv": [6.375, 4.875, 8.40625, 4.90625], "texture": "#1"},
				"south": {"uv": [6.375, 7.625, 6.625, 7.65625], "texture": "#1"},
				"west": {"uv": [6.375, 5, 8.40625, 5.03125], "texture": "#1"},
				"up": {"uv": [2.75, 5.03125, 2.5, 3], "texture": "#1"},
				"down": {"uv": [3, 3, 2.75, 5.03125], "texture": "#1"}
			}
		},
		{
			"name": "hexadecagon",
			"from": [12.46903, 0.42607, -0.68585],
			"to": [14.51787, 0.63207, 15.68751],
			"rotation": {"angle": 22.5, "axis": "z", "origin": [13.49345, 5.57618, 0.00083]},
			"faces": {
				"north": {"uv": [7, 7.625, 7.25, 7.65625], "texture": "#1"},
				"east": {"uv": [6.375, 5.125, 8.40625, 5.15625], "texture": "#1"},
				"south": {"uv": [7.625, 7.25, 7.875, 7.28125], "texture": "#1"},
				"west": {"uv": [6.5, 0.25, 8.53125, 0.28125], "texture": "#1"},
				"up": {"uv": [3.25, 5.03125, 3, 3], "texture": "#1"},
				"down": {"uv": [3.5, 3, 3.25, 5.03125], "texture": "#1"}
			}
		},
		{
			"name": "hexadecagon",
			"from": [12.46903, 0.42607, -0.68585],
			"to": [14.51787, 0.63207, 15.68751],
			"rotation": {"angle": 0, "axis": "z", "origin": [13.49345, 5.57618, 0.00083]},
			"faces": {
				"north": {"uv": [7.625, 7.375, 7.875, 7.40625], "texture": "#1"},
				"east": {"uv": [6.5, 0.375, 8.53125, 0.40625], "texture": "#1"},
				"south": {"uv": [7.625, 7.5, 7.875, 7.53125], "texture": "#1"},
				"west": {"uv": [6.5, 0.5, 8.53125, 0.53125], "texture": "#1"},
				"up": {"uv": [3.75, 5.03125, 3.5, 3], "texture": "#1"},
				"down": {"uv": [4, 3, 3.75, 5.03125], "texture": "#1"}
			}
		},
		{
			"name": "hexadecagon",
			"from": [12.46903, 0.42607, -0.68585],
			"to": [14.51787, 0.63207, 15.68751],
			"rotation": {"angle": -22.5, "axis": "z", "origin": [13.49345, 5.57618, 0.00083]},
			"faces": {
				"north": {"uv": [7.625, 7.625, 7.875, 7.65625], "texture": "#1"},
				"east": {"uv": [6.5, 0.625, 8.53125, 0.65625], "texture": "#1"},
				"south": {"uv": [7.75, 1.125, 8, 1.15625], "texture": "#1"},
				"west": {"uv": [6.5, 0.75, 8.53125, 0.78125], "texture": "#1"},
				"up": {"uv": [4.25, 5.03125, 4, 3], "texture": "#1"},
				"down": {"uv": [0.25, 4.25, 0, 6.28125], "texture": "#1"}
			}
		},
		{
			"name": "hexadecagon",
			"from": [12.46903, 0.42607, -0.68585],
			"to": [14.51787, 0.63207, 15.68751],
			"rotation": {"angle": -45, "axis": "z", "origin": [13.49345, 5.57618, 0.00083]},
			"faces": {
				"north": {"uv": [7.75, 1.25, 8, 1.28125], "texture": "#1"},
				"east": {"uv": [6.5, 0.875, 8.53125, 0.90625], "texture": "#1"},
				"south": {"uv": [2.875, 7.75, 3.125, 7.78125], "texture": "#1"},
				"west": {"uv": [6.5, 1, 8.53125, 1.03125], "texture": "#1"},
				"up": {"uv": [0.5, 6.28125, 0.25, 4.25], "texture": "#1"},
				"down": {"uv": [0.75, 4.25, 0.5, 6.28125], "texture": "#1"}
			}
		},
		{
			"name": "hexadecagon",
			"from": [12.46903, 10.52028, -0.68585],
			"to": [14.51787, 10.72629, 15.68751],
			"rotation": {"angle": 45, "axis": "z", "origin": [13.49345, 5.57618, 0.00083]},
			"faces": {
				"north": {"uv": [7.75, 3, 8, 3.03125], "texture": "#1"},
				"east": {"uv": [2.5, 6.5, 4.53125, 6.53125], "texture": "#1"},
				"south": {"uv": [3.125, 7.75, 3.375, 7.78125], "texture": "#1"},
				"west": {"uv": [4.625, 6.5, 6.65625, 6.53125], "texture": "#1"},
				"up": {"uv": [1, 6.28125, 0.75, 4.25], "texture": "#1"},
				"down": {"uv": [1.25, 4.25, 1, 6.28125], "texture": "#1"}
			}
		},
		{
			"name": "hexadecagon",
			"from": [12.46903, 10.52028, -0.68585],
			"to": [14.51787, 10.72629, 15.68751],
			"rotation": {"angle": 22.5, "axis": "z", "origin": [13.49345, 5.57618, 0.00083]},
			"faces": {
				"north": {"uv": [7.75, 3.125, 8, 3.15625], "texture": "#1"},
				"east": {"uv": [2.5, 6.625, 4.53125, 6.65625], "texture": "#1"},
				"south": {"uv": [7.75, 3.25, 8, 3.28125], "texture": "#1"},
				"west": {"uv": [4.625, 6.625, 6.65625, 6.65625], "texture": "#1"},
				"up": {"uv": [1.5, 6.28125, 1.25, 4.25], "texture": "#1"},
				"down": {"uv": [1.75, 4.25, 1.5, 6.28125], "texture": "#1"}
			}
		},
		{
			"name": "hexadecagon",
			"from": [12.46903, 10.52028, -0.68585],
			"to": [14.51787, 10.72629, 15.68751],
			"rotation": {"angle": 0, "axis": "z", "origin": [13.49345, 5.57618, 0.00083]},
			"faces": {
				"north": {"uv": [3.375, 7.75, 3.625, 7.78125], "texture": "#1"},
				"east": {"uv": [6.75, 2.125, 8.78125, 2.15625], "texture": "#1"},
				"south": {"uv": [7.75, 3.375, 8, 3.40625], "texture": "#1"},
				"west": {"uv": [6.75, 2.25, 8.78125, 2.28125], "texture": "#1"},
				"up": {"uv": [2, 6.28125, 1.75, 4.25], "texture": "#1"},
				"down": {"uv": [2.25, 4.25, 2, 6.28125], "texture": "#1"}
			}
		},
		{
			"name": "hexadecagon",
			"from": [12.46903, 10.52028, -0.68585],
			"to": [14.51787, 10.72629, 15.68751],
			"rotation": {"angle": -22.5, "axis": "z", "origin": [13.49345, 5.57618, 0.00083]},
			"faces": {
				"north": {"uv": [7.75, 3.5, 8, 3.53125], "texture": "#1"},
				"east": {"uv": [6.75, 2.375, 8.78125, 2.40625], "texture": "#1"},
				"south": {"uv": [7.75, 3.625, 8, 3.65625], "texture": "#1"},
				"west": {"uv": [2.5, 6.75, 4.53125, 6.78125], "texture": "#1"},
				"up": {"uv": [2.5, 6.28125, 2.25, 4.25], "texture": "#1"},
				"down": {"uv": [4.5, 3, 4.25, 5.03125], "texture": "#1"}
			}
		},
		{
			"name": "hexadecagon",
			"from": [12.46903, 10.52028, -0.68585],
			"to": [14.51787, 10.72629, 15.68751],
			"rotation": {"angle": -45, "axis": "z", "origin": [13.49345, 5.57618, 0.00083]},
			"faces": {
				"north": {"uv": [7.75, 3.75, 8, 3.78125], "texture": "#1"},
				"east": {"uv": [6.75, 2.5, 8.78125, 2.53125], "texture": "#1"},
				"south": {"uv": [7.75, 3.875, 8, 3.90625], "texture": "#1"},
				"west": {"uv": [6.75, 2.625, 8.78125, 2.65625], "texture": "#1"},
				"up": {"uv": [4.75, 5.03125, 4.5, 3], "texture": "#1"},
				"down": {"uv": [4.875, 0, 4.625, 2.03125], "texture": "#1"}
			}
		},
		{
			"name": "hexadecagon",
			"from": [18.43755, 4.55176, -0.68585],
			"to": [18.64356, 6.6006, 15.68751],
			"rotation": {"angle": 22.5, "axis": "z", "origin": [13.49345, 5.57618, 0.00083]},
			"faces": {
				"north": {"uv": [3.625, 7.75, 3.65625, 8], "texture": "#1"},
				"east": {"uv": [4.625, 2.125, 6.65625, 2.375], "texture": "#1"},
				"south": {"uv": [7.75, 4, 7.78125, 4.25], "texture": "#1"},
				"west": {"uv": [4.625, 2.375, 6.65625, 2.625], "texture": "#1"},
				"up": {"uv": [1.15625, 8.53125, 1.125, 6.5], "texture": "#1"},
				"down": {"uv": [1.28125, 6.5, 1.25, 8.53125], "texture": "#1"}
			}
		},
		{
			"name": "hexadecagon",
			"from": [18.43755, 4.55176, -0.68585],
			"to": [18.64356, 6.6006, 15.68751],
			"rotation": {"angle": 0, "axis": "z", "origin": [13.49345, 5.57618, 0.00083]},
			"faces": {
				"north": {"uv": [7.75, 5.25, 7.78125, 5.5], "texture": "#1"},
				"east": {"uv": [4.625, 2.625, 6.65625, 2.875], "texture": "#1"},
				"south": {"uv": [5.375, 7.75, 5.40625, 8], "texture": "#1"},
				"west": {"uv": [4.75, 2.875, 6.78125, 3.125], "texture": "#1"},
				"up": {"uv": [1.40625, 8.53125, 1.375, 6.5], "texture": "#1"},
				"down": {"uv": [1.53125, 6.5, 1.5, 8.53125], "texture": "#1"}
			}
		},
		{
			"name": "hexadecagon",
			"from": [18.43755, 4.55176, -0.68585],
			"to": [18.64356, 6.6006, 15.68751],
			"rotation": {"angle": -22.5, "axis": "z", "origin": [13.49345, 5.57618, 0.00083]},
			"faces": {
				"north": {"uv": [5.5, 7.75, 5.53125, 8], "texture": "#1"},
				"east": {"uv": [4.75, 3.125, 6.78125, 3.375], "texture": "#1"},
				"south": {"uv": [7.75, 5.5, 7.78125, 5.75], "texture": "#1"},
				"west": {"uv": [4.75, 3.375, 6.78125, 3.625], "texture": "#1"},
				"up": {"uv": [1.65625, 8.53125, 1.625, 6.5], "texture": "#1"},
				"down": {"uv": [1.78125, 6.5, 1.75, 8.53125], "texture": "#1"}
			}
		},
		{
			"name": "hexadecagon",
			"from": [8.34334, 4.55176, -0.68585],
			"to": [8.54934, 6.6006, 15.68751],
			"rotation": {"angle": 22.5, "axis": "z", "origin": [13.49345, 5.57618, 0.00083]},
			"faces": {
				"north": {"uv": [5.625, 7.75, 5.65625, 8], "texture": "#1"},
				"east": {"uv": [4.75, 3.625, 6.78125, 3.875], "texture": "#1"},
				"south": {"uv": [5.75, 7.75, 5.78125, 8], "texture": "#1"},
				"west": {"uv": [4.75, 3.875, 6.78125, 4.125], "texture": "#1"},
				"up": {"uv": [1.90625, 8.53125, 1.875, 6.5], "texture": "#1"},
				"down": {"uv": [2.03125, 6.5, 2, 8.53125], "texture": "#1"}
			}
		},
		{
			"name": "hexadecagon",
			"from": [8.34334, 4.55176, -0.68585],
			"to": [8.54934, 6.6006, 15.68751],
			"rotation": {"angle": 0, "axis": "z", "origin": [13.49345, 5.57618, 0.00083]},
			"faces": {
				"north": {"uv": [7.75, 5.75, 7.78125, 6], "texture": "#1"},
				"east": {"uv": [4.75, 4.125, 6.78125, 4.375], "texture": "#1"},
				"south": {"uv": [6.375, 7.75, 6.40625, 8], "texture": "#1"},
				"west": {"uv": [4.75, 4.375, 6.78125, 4.625], "texture": "#1"},
				"up": {"uv": [4.65625, 8.78125, 4.625, 6.75], "texture": "#1"},
				"down": {"uv": [4.78125, 6.75, 4.75, 8.78125], "texture": "#1"}
			}
		},
		{
			"name": "hexadecagon",
			"from": [8.34334, 4.55176, -0.68585],
			"to": [8.54934, 6.6006, 15.68751],
			"rotation": {"angle": -22.5, "axis": "z", "origin": [13.49345, 5.57618, 0.00083]},
			"faces": {
				"north": {"uv": [6.5, 7.75, 6.53125, 8], "texture": "#1"},
				"east": {"uv": [4.75, 4.625, 6.78125, 4.875], "texture": "#1"},
				"south": {"uv": [6.75, 7.75, 6.78125, 8], "texture": "#1"},
				"west": {"uv": [4.875, 0, 6.90625, 0.25], "texture": "#1"},
				"up": {"uv": [4.90625, 8.78125, 4.875, 6.75], "texture": "#1"},
				"down": {"uv": [5.03125, 6.75, 5, 8.78125], "texture": "#1"}
			}
		},
		{
			"from": [-5, -1, -0.25],
			"to": [21, 12, -0.25],
			"rotation": {"angle": 0, "axis": "y", "origin": [8, 5.5, -0.25]},
			"faces": {
				"north": {"uv": [0, 0, 13, 6.5], "texture": "#0"},
				"east": {"uv": [0, 0, 0, 6.5], "texture": "#0"},
				"south": {"uv": [0, 6.5, 13, 13], "texture": "#0"},
				"west": {"uv": [0, 0, 0, 6.5], "texture": "#0"},
				"up": {"uv": [13, 0, 0, 0], "texture": "#0"},
				"down": {"uv": [13, 0, 0, 0], "texture": "#0"}
			}
		},
		{
			"name": "hexadecagon",
			"from": [2.38065, 4.9, 0.4],
			"to": [2.61935, 6.1, 1.6],
			"rotation": {"angle": -45, "axis": "z", "origin": [2.5, 5.5, 1]},
			"faces": {
				"north": {"uv": [7.75, 6.75, 7.78125, 6.90625], "texture": "#1"},
				"east": {"uv": [2.75, 5.25, 2.90625, 5.40625], "texture": "#1"},
				"south": {"uv": [7, 7.75, 7.03125, 7.90625], "texture": "#1"},
				"west": {"uv": [3, 5.25, 3.15625, 5.40625], "texture": "#1"},
				"up": {"uv": [7.78125, 7.15625, 7.75, 7], "texture": "#1"},
				"down": {"uv": [7.15625, 7.75, 7.125, 7.90625], "texture": "#1"}
			}
		},
		{
			"name": "hexadecagon",
			"from": [2.38065, 4.9, 0.4],
			"to": [2.61935, 6.1, 1.6],
			"rotation": {"angle": -22.5, "axis": "z", "origin": [2.5, 5.5, 1]},
			"faces": {
				"north": {"uv": [7.25, 7.75, 7.28125, 7.90625], "texture": "#1"},
				"east": {"uv": [3.25, 5.25, 3.40625, 5.40625], "texture": "#1"},
				"south": {"uv": [7.375, 7.75, 7.40625, 7.90625], "texture": "#1"},
				"west": {"uv": [3.5, 5.25, 3.65625, 5.40625], "texture": "#1"},
				"up": {"uv": [7.53125, 7.90625, 7.5, 7.75], "texture": "#1"},
				"down": {"uv": [7.65625, 7.75, 7.625, 7.90625], "texture": "#1"}
			}
		},
		{
			"name": "hexadecagon",
			"from": [2.38065, 4.9, 0.4],
			"to": [2.61935, 6.1, 1.6],
			"rotation": {"angle": 0, "axis": "z", "origin": [2.5, 5.5, 1]},
			"faces": {
				"north": {"uv": [7.75, 7.75, 7.78125, 7.90625], "texture": "#1"},
				"east": {"uv": [2.75, 5.5, 2.90625, 5.65625], "texture": "#1"},
				"south": {"uv": [2.875, 7.875, 2.90625, 8.03125], "texture": "#1"},
				"west": {"uv": [3, 5.5, 3.15625, 5.65625], "texture": "#1"},
				"up": {"uv": [3.03125, 8.03125, 3, 7.875], "texture": "#1"},
				"down": {"uv": [3.15625, 7.875, 3.125, 8.03125], "texture": "#1"}
			}
		},
		{
			"name": "hexadecagon",
			"from": [2.38065, 4.9, 0.4],
			"to": [2.61935, 6.1, 1.6],
			"rotation": {"angle": 22.5, "axis": "z", "origin": [2.5, 5.5, 1]},
			"faces": {
				"north": {"uv": [3.25, 7.875, 3.28125, 8.03125], "texture": "#1"},
				"east": {"uv": [3.25, 5.5, 3.40625, 5.65625], "texture": "#1"},
				"south": {"uv": [3.375, 7.875, 3.40625, 8.03125], "texture": "#1"},
				"west": {"uv": [3.5, 5.5, 3.65625, 5.65625], "texture": "#1"},
				"up": {"uv": [3.53125, 8.03125, 3.5, 7.875], "texture": "#1"},
				"down": {"uv": [7.90625, 4, 7.875, 4.15625], "texture": "#1"}
			}
		},
		{
			"name": "hexadecagon",
			"from": [2.38065, 4.9, 0.4],
			"to": [2.61935, 6.1, 1.6],
			"rotation": {"angle": 45, "axis": "z", "origin": [2.5, 5.5, 1]},
			"faces": {
				"north": {"uv": [7.875, 5.25, 7.90625, 5.40625], "texture": "#1"},
				"east": {"uv": [2.75, 5.75, 2.90625, 5.90625], "texture": "#1"},
				"south": {"uv": [7.875, 5.5, 7.90625, 5.65625], "texture": "#1"},
				"west": {"uv": [3, 5.75, 3.15625, 5.90625], "texture": "#1"},
				"up": {"uv": [7.90625, 5.90625, 7.875, 5.75], "texture": "#1"},
				"down": {"uv": [5.90625, 7.875, 5.875, 8.03125], "texture": "#1"}
			}
		},
		{
			"name": "hexadecagon",
			"from": [1.9, 5.38065, 0.4],
			"to": [3.1, 5.61935, 1.6],
			"rotation": {"angle": -22.5, "axis": "z", "origin": [2.5, 5.5, 1]},
			"faces": {
				"north": {"uv": [7.75, 6, 7.90625, 6.03125], "texture": "#1"},
				"east": {"uv": [7.75, 6.375, 7.90625, 6.40625], "texture": "#1"},
				"south": {"uv": [7.875, 1.375, 8.03125, 1.40625], "texture": "#1"},
				"west": {"uv": [6, 7.875, 6.15625, 7.90625], "texture": "#1"},
				"up": {"uv": [3.40625, 5.90625, 3.25, 5.75], "texture": "#1"},
				"down": {"uv": [3.65625, 5.75, 3.5, 5.90625], "texture": "#1"}
			}
		},
		{
			"name": "hexadecagon",
			"from": [1.9, 5.38065, 0.4],
			"to": [3.1, 5.61935, 1.6],
			"rotation": {"angle": 0, "axis": "z", "origin": [2.5, 5.5, 1]},
			"faces": {
				"north": {"uv": [7.875, 6.75, 8.03125, 6.78125], "texture": "#1"},
				"east": {"uv": [7.875, 6.875, 8.03125, 6.90625], "texture": "#1"},
				"south": {"uv": [7.875, 7, 8.03125, 7.03125], "texture": "#1"},
				"west": {"uv": [7.875, 7.125, 8.03125, 7.15625], "texture": "#1"},
				"up": {"uv": [2.90625, 6.15625, 2.75, 6], "texture": "#1"},
				"down": {"uv": [3.15625, 6, 3, 6.15625], "texture": "#1"}
			}
		},
		{
			"name": "hexadecagon",
			"from": [1.9, 5.38065, 0.4],
			"to": [3.1, 5.61935, 1.6],
			"rotation": {"angle": 22.5, "axis": "z", "origin": [2.5, 5.5, 1]},
			"faces": {
				"north": {"uv": [7.875, 7.25, 8.03125, 7.28125], "texture": "#1"},
				"east": {"uv": [7.875, 7.375, 8.03125, 7.40625], "texture": "#1"},
				"south": {"uv": [7.875, 7.5, 8.03125, 7.53125], "texture": "#1"},
				"west": {"uv": [7.875, 7.625, 8.03125, 7.65625], "texture": "#1"},
				"up": {"uv": [3.40625, 6.15625, 3.25, 6], "texture": "#1"},
				"down": {"uv": [3.65625, 6, 3.5, 6.15625], "texture": "#1"}
			}
		},
		{
			"name": "hexadecagon",
			"from": [2.38065, 4.9, 13.9],
			"to": [2.61935, 6.1, 15.1],
			"rotation": {"angle": -45, "axis": "z", "origin": [2.5, 5.5, 14.5]},
			"faces": {
				"north": {"uv": [6.25, 7.875, 6.28125, 8.03125], "texture": "#1"},
				"east": {"uv": [2.875, 7, 3.03125, 7.15625], "texture": "#1"},
				"south": {"uv": [7.875, 7.75, 7.90625, 7.90625], "texture": "#1"},
				"west": {"uv": [7, 3, 7.15625, 3.15625], "texture": "#1"},
				"up": {"uv": [8.03125, 1.28125, 8, 1.125], "texture": "#1"},
				"down": {"uv": [8.03125, 3, 8, 3.15625], "texture": "#1"}
			}
		},
		{
			"name": "hexadecagon",
			"from": [2.38065, 4.9, 13.9],
			"to": [2.61935, 6.1, 15.1],
			"rotation": {"angle": -22.5, "axis": "z", "origin": [2.5, 5.5, 14.5]},
			"faces": {
				"north": {"uv": [8, 3.25, 8.03125, 3.40625], "texture": "#1"},
				"east": {"uv": [3.125, 7, 3.28125, 7.15625], "texture": "#1"},
				"south": {"uv": [8, 3.5, 8.03125, 3.65625], "texture": "#1"},
				"west": {"uv": [7, 3.25, 7.15625, 3.40625], "texture": "#1"},
				"up": {"uv": [3.65625, 8.15625, 3.625, 8], "texture": "#1"},
				"down": {"uv": [8.03125, 3.75, 8, 3.90625], "texture": "#1"}
			}
		},
		{
			"name": "hexadecagon",
			"from": [2.38065, 4.9, 13.9],
			"to": [2.61935, 6.1, 15.1],
			"rotation": {"angle": 0, "axis": "z", "origin": [2.5, 5.5, 14.5]},
			"faces": {
				"north": {"uv": [8, 4, 8.03125, 4.15625], "texture": "#1"},
				"east": {"uv": [3.375, 7, 3.53125, 7.15625], "texture": "#1"},
				"south": {"uv": [5.125, 8, 5.15625, 8.15625], "texture": "#1"},
				"west": {"uv": [7, 3.5, 7.15625, 3.65625], "texture": "#1"},
				"up": {"uv": [5.28125, 8.15625, 5.25, 8], "texture": "#1"},
				"down": {"uv": [8.03125, 5.25, 8, 5.40625], "texture": "#1"}
			}
		},
		{
			"name": "hexadecagon",
			"from": [2.38065, 4.9, 13.9],
			"to": [2.61935, 6.1, 15.1],
			"rotation": {"angle": 22.5, "axis": "z", "origin": [2.5, 5.5, 14.5]},
			"faces": {
				"north": {"uv": [5.375, 8, 5.40625, 8.15625], "texture": "#1"},
				"east": {"uv": [7, 3.75, 7.15625, 3.90625], "texture": "#1"},
				"south": {"uv": [5.5, 8, 5.53125, 8.15625], "texture": "#1"},
				"west": {"uv": [7, 4, 7.15625, 4.15625], "texture": "#1"},
				"up": {"uv": [8.03125, 5.65625, 8, 5.5], "texture": "#1"},
				"down": {"uv": [5.65625, 8, 5.625, 8.15625], "texture": "#1"}
			}
		},
		{
			"name": "hexadecagon",
			"from": [2.38065, 4.9, 13.9],
			"to": [2.61935, 6.1, 15.1],
			"rotation": {"angle": 45, "axis": "z", "origin": [2.5, 5.5, 14.5]},
			"faces": {
				"north": {"uv": [5.75, 8, 5.78125, 8.15625], "texture": "#1"},
				"east": {"uv": [5.375, 7, 5.53125, 7.15625], "texture": "#1"},
				"south": {"uv": [8, 5.75, 8.03125, 5.90625], "texture": "#1"},
				"west": {"uv": [5.625, 7, 5.78125, 7.15625], "texture": "#1"},
				"up": {"uv": [6.03125, 8.15625, 6, 8], "texture": "#1"},
				"down": {"uv": [6.15625, 8, 6.125, 8.15625], "texture": "#1"}
			}
		},
		{
			"name": "hexadecagon",
			"from": [1.9, 5.38065, 13.9],
			"to": [3.1, 5.61935, 15.1],
			"rotation": {"angle": -22.5, "axis": "z", "origin": [2.5, 5.5, 14.5]},
			"faces": {
				"north": {"uv": [8, 2.75, 8.15625, 2.78125], "texture": "#1"},
				"east": {"uv": [8, 6, 8.15625, 6.03125], "texture": "#1"},
				"south": {"uv": [6.375, 8, 6.53125, 8.03125], "texture": "#1"},
				"west": {"uv": [8, 6.375, 8.15625, 6.40625], "texture": "#1"},
				"up": {"uv": [6.03125, 7.15625, 5.875, 7], "texture": "#1"},
				"down": {"uv": [6.28125, 7, 6.125, 7.15625], "texture": "#1"}
			}
		},
		{
			"name": "hexadecagon",
			"from": [1.9, 5.38065, 13.9],
			"to": [3.1, 5.61935, 15.1],
			"rotation": {"angle": 0, "axis": "z", "origin": [2.5, 5.5, 14.5]},
			"faces": {
				"north": {"uv": [6.625, 8, 6.78125, 8.03125], "texture": "#1"},
				"east": {"uv": [6.875, 8, 7.03125, 8.03125], "texture": "#1"},
				"south": {"uv": [7.125, 8, 7.28125, 8.03125], "texture": "#1"},
				"west": {"uv": [7.375, 8, 7.53125, 8.03125], "texture": "#1"},
				"up": {"uv": [6.53125, 7.15625, 6.375, 7], "texture": "#1"},
				"down": {"uv": [7.15625, 6.75, 7, 6.90625], "texture": "#1"}
			}
		},
		{
			"name": "hexadecagon",
			"from": [1.9, 5.38065, 13.9],
			"to": [3.1, 5.61935, 15.1],
			"rotation": {"angle": 22.5, "axis": "z", "origin": [2.5, 5.5, 14.5]},
			"faces": {
				"north": {"uv": [7.625, 8, 7.78125, 8.03125], "texture": "#1"},
				"east": {"uv": [8, 7.75, 8.15625, 7.78125], "texture": "#1"},
				"south": {"uv": [7.875, 8, 8.03125, 8.03125], "texture": "#1"},
				"west": {"uv": [8, 7.875, 8.15625, 7.90625], "texture": "#1"},
				"up": {"uv": [7.15625, 7.15625, 7, 7], "texture": "#1"},
				"down": {"uv": [3.03125, 7.25, 2.875, 7.40625], "texture": "#1"}
			}
		},
		{
			"from": [-2.35, 5.13065, 0.66],
			"to": [7.35, 5.86935, 0.86],
			"rotation": {"angle": 0, "axis": "z", "origin": [2.5, 5.5, 1]},
			"faces": {
				"north": {"uv": [4.875, 1.5, 6.09375, 1.59375], "texture": "#1"},
				"east": {"uv": [8.25, 2.75, 8.28125, 2.84375], "texture": "#1"},
				"south": {"uv": [4.875, 1.625, 6.09375, 1.71875], "texture": "#1"},
				"west": {"uv": [8.25, 2.875, 8.28125, 2.96875], "texture": "#1"},
				"up": {"uv": [7.96875, 2.78125, 6.75, 2.75], "texture": "#1"},
				"down": {"uv": [6.59375, 6.75, 5.375, 6.78125], "texture": "#1"}
			}
		},
		{
			"from": [-2.35, 5.13065, 0.65],
			"to": [7.35, 5.86935, 0.85],
			"rotation": {"angle": 45, "axis": "z", "origin": [2.5, 5.5, 1]},
			"faces": {
				"north": {"uv": [4.875, 1.75, 6.09375, 1.84375], "texture": "#1"},
				"east": {"uv": [8.25, 3.25, 8.28125, 3.34375], "texture": "#1"},
				"south": {"uv": [4.875, 1.875, 6.09375, 1.96875], "texture": "#1"},
				"west": {"uv": [8.25, 3.375, 8.28125, 3.46875], "texture": "#1"},
				"up": {"uv": [3.71875, 6.90625, 2.5, 6.875], "texture": "#1"},
				"down": {"uv": [8.09375, 2.875, 6.875, 2.90625], "texture": "#1"}
			}
		},
		{
			"from": [2.13065, 0.65, 0.65],
			"to": [2.86935, 10.35, 0.85],
			"rotation": {"angle": 45, "axis": "z", "origin": [2.5, 5.5, 1]},
			"faces": {
				"north": {"uv": [5, 4.875, 5.09375, 6.09375], "texture": "#1"},
				"east": {"uv": [6.875, 3, 6.90625, 4.21875], "texture": "#1"},
				"south": {"uv": [5.125, 0.25, 5.21875, 1.46875], "texture": "#1"},
				"west": {"uv": [3.75, 6.875, 3.78125, 8.09375], "texture": "#1"},
				"up": {"uv": [8.34375, 3.53125, 8.25, 3.5], "texture": "#1"},
				"down": {"uv": [3.71875, 8.25, 3.625, 8.28125], "texture": "#1"}
			}
		},
		{
			"from": [2.13065, 0.65, 0.645],
			"to": [2.86935, 10.35, 0.845],
			"rotation": {"angle": 0, "axis": "z", "origin": [2.5, 5.5, 1]},
			"faces": {
				"north": {"uv": [4.875, 4.875, 4.96875, 6.09375], "texture": "#1"},
				"east": {"uv": [6.75, 6.5, 6.78125, 7.71875], "texture": "#1"},
				"south": {"uv": [5, 0.25, 5.09375, 1.46875], "texture": "#1"},
				"west": {"uv": [6.625, 6.75, 6.65625, 7.96875], "texture": "#1"},
				"up": {"uv": [8.34375, 3.03125, 8.25, 3], "texture": "#1"},
				"down": {"uv": [8.34375, 3.125, 8.25, 3.15625], "texture": "#1"}
			}
		},
		{
			"from": [-2.35, 5.13065, 14.66],
			"to": [7.35, 5.86935, 14.86],
			"rotation": {"angle": 22.5, "axis": "z", "origin": [2.5, 5.5, 15]},
			"faces": {
				"north": {"uv": [4.875, 2, 6.09375, 2.09375], "texture": "#1"},
				"east": {"uv": [8.25, 3.625, 8.28125, 3.71875], "texture": "#1"},
				"south": {"uv": [2.5, 5.125, 3.71875, 5.21875], "texture": "#1"},
				"west": {"uv": [8.25, 3.75, 8.28125, 3.84375], "texture": "#1"},
				"up": {"uv": [8.09375, 4.28125, 6.875, 4.25], "texture": "#1"},
				"down": {"uv": [8.09375, 4.375, 6.875, 4.40625], "texture": "#1"}
			}
		},
		{
			"from": [2.13065, 0.65, 14.65],
			"to": [2.86935, 10.35, 14.85],
			"rotation": {"angle": -22.5, "axis": "z", "origin": [2.5, 5.5, 15]},
			"faces": {
				"north": {"uv": [3.75, 5.125, 3.84375, 6.34375], "texture": "#1"},
				"east": {"uv": [3.875, 6.875, 3.90625, 8.09375], "texture": "#1"},
				"south": {"uv": [3.875, 5.125, 3.96875, 6.34375], "texture": "#1"},
				"west": {"uv": [4, 6.875, 4.03125, 8.09375], "texture": "#1"},
				"up": {"uv": [8.34375, 3.90625, 8.25, 3.875], "texture": "#1"},
				"down": {"uv": [8.34375, 4, 8.25, 4.03125], "texture": "#1"}
			}
		},
		{
			"from": [-2.35, 5.13065, 14.65],
			"to": [7.35, 5.86935, 14.85],
			"rotation": {"angle": -22.5, "axis": "z", "origin": [2.5, 5.5, 15]},
			"faces": {
				"north": {"uv": [5.125, 4.875, 6.34375, 4.96875], "texture": "#1"},
				"east": {"uv": [8.25, 4.125, 8.28125, 4.21875], "texture": "#1"},
				"south": {"uv": [5.125, 5, 6.34375, 5.09375], "texture": "#1"},
				"west": {"uv": [8.25, 4.25, 8.28125, 4.34375], "texture": "#1"},
				"up": {"uv": [8.09375, 4.53125, 6.875, 4.5], "texture": "#1"},
				"down": {"uv": [8.09375, 4.625, 6.875, 4.65625], "texture": "#1"}
			}
		},
		{
			"from": [2.13065, 0.65, 14.645],
			"to": [2.86935, 10.35, 14.845],
			"rotation": {"angle": 22.5, "axis": "z", "origin": [2.5, 5.5, 15]},
			"faces": {
				"north": {"uv": [4, 5.125, 4.09375, 6.34375], "texture": "#1"},
				"east": {"uv": [4.125, 6.875, 4.15625, 8.09375], "texture": "#1"},
				"south": {"uv": [4.125, 5.125, 4.21875, 6.34375], "texture": "#1"},
				"west": {"uv": [4.25, 6.875, 4.28125, 8.09375], "texture": "#1"},
				"up": {"uv": [8.34375, 4.40625, 8.25, 4.375], "texture": "#1"},
				"down": {"uv": [8.34375, 4.5, 8.25, 4.53125], "texture": "#1"}
			}
		},
		{
			"name": "hexadecagon",
			"from": [13.38065, 4.9, 0.4],
			"to": [13.61935, 6.1, 1.6],
			"rotation": {"angle": -45, "axis": "z", "origin": [13.5, 5.5, 1]},
			"faces": {
				"north": {"uv": [8.125, 1.125, 8.15625, 1.28125], "texture": "#1"},
				"east": {"uv": [7.25, 3, 7.40625, 3.15625], "texture": "#1"},
				"south": {"uv": [2.875, 8.125, 2.90625, 8.28125], "texture": "#1"},
				"west": {"uv": [3.125, 7.25, 3.28125, 7.40625], "texture": "#1"},
				"up": {"uv": [8.15625, 3.03125, 8.125, 2.875], "texture": "#1"},
				"down": {"uv": [3.03125, 8.125, 3, 8.28125], "texture": "#1"}
			}
		},
		{
			"name": "hexadecagon",
			"from": [13.38065, 4.9, 0.4],
			"to": [13.61935, 6.1, 1.6],
			"rotation": {"angle": -22.5, "axis": "z", "origin": [13.5, 5.5, 1]},
			"faces": {
				"north": {"uv": [3.125, 8.125, 3.15625, 8.28125], "texture": "#1"},
				"east": {"uv": [7.25, 3.25, 7.40625, 3.40625], "texture": "#1"},
				"south": {"uv": [8.125, 3.125, 8.15625, 3.28125], "texture": "#1"},
				"west": {"uv": [3.375, 7.25, 3.53125, 7.40625], "texture": "#1"},
				"up": {"uv": [3.28125, 8.28125, 3.25, 8.125], "texture": "#1"},
				"down": {"uv": [3.40625, 8.125, 3.375, 8.28125], "texture": "#1"}
			}
		},
		{
			"name": "hexadecagon",
			"from": [13.38065, 4.9, 0.4],
			"to": [13.61935, 6.1, 1.6],
			"rotation": {"angle": 0, "axis": "z", "origin": [13.5, 5.5, 1]},
			"faces": {
				"north": {"uv": [8.125, 3.375, 8.15625, 3.53125], "texture": "#1"},
				"east": {"uv": [7.25, 3.5, 7.40625, 3.65625], "texture": "#1"},
				"south": {"uv": [3.5, 8.125, 3.53125, 8.28125], "texture": "#1"},
				"west": {"uv": [7.25, 3.75, 7.40625, 3.90625], "texture": "#1"},
				"up": {"uv": [8.15625, 3.78125, 8.125, 3.625], "texture": "#1"},
				"down": {"uv": [3.78125, 8.125, 3.75, 8.28125], "texture": "#1"}
			}
		},
		{
			"name": "hexadecagon",
			"from": [13.38065, 4.9, 0.4],
			"to": [13.61935, 6.1, 1.6],
			"rotation": {"angle": 22.5, "axis": "z", "origin": [13.5, 5.5, 1]},
			"faces": {
				"north": {"uv": [3.875, 8.125, 3.90625, 8.28125], "texture": "#1"},
				"east": {"uv": [7.25, 4, 7.40625, 4.15625], "texture": "#1"},
				"south": {"uv": [8.125, 3.875, 8.15625, 4.03125], "texture": "#1"},
				"west": {"uv": [7.25, 5.25, 7.40625, 5.40625], "texture": "#1"},
				"up": {"uv": [4.03125, 8.28125, 4, 8.125], "texture": "#1"},
				"down": {"uv": [4.15625, 8.125, 4.125, 8.28125], "texture": "#1"}
			}
		},
		{
			"name": "hexadecagon",
			"from": [13.38065, 4.9, 0.4],
			"to": [13.61935, 6.1, 1.6],
			"rotation": {"angle": 45, "axis": "z", "origin": [13.5, 5.5, 1]},
			"faces": {
				"north": {"uv": [8.125, 4.125, 8.15625, 4.28125], "texture": "#1"},
				"east": {"uv": [5.375, 7.25, 5.53125, 7.40625], "texture": "#1"},
				"south": {"uv": [4.25, 8.125, 4.28125, 8.28125], "texture": "#1"},
				"west": {"uv": [7.25, 5.5, 7.40625, 5.65625], "texture": "#1"},
				"up": {"uv": [4.40625, 8.28125, 4.375, 8.125], "texture": "#1"},
				"down": {"uv": [8.15625, 4.375, 8.125, 4.53125], "texture": "#1"}
			}
		},
		{
			"name": "hexadecagon",
			"from": [12.9, 5.38065, 0.4],
			"to": [14.1, 5.61935, 1.6],
			"rotation": {"angle": -22.5, "axis": "z", "origin": [13.5, 5.5, 1]},
			"faces": {
				"north": {"uv": [8.125, 1.375, 8.28125, 1.40625], "texture": "#1"},
				"east": {"uv": [8.125, 4.625, 8.28125, 4.65625], "texture": "#1"},
				"south": {"uv": [8.125, 4.75, 8.28125, 4.78125], "texture": "#1"},
				"west": {"uv": [8.125, 5.25, 8.28125, 5.28125], "texture": "#1"},
				"up": {"uv": [5.78125, 7.40625, 5.625, 7.25], "texture": "#1"},
				"down": {"uv": [7.40625, 5.75, 7.25, 5.90625], "texture": "#1"}
			}
		},
		{
			"name": "hexadecagon",
			"from": [12.9, 5.38065, 0.4],
			"to": [14.1, 5.61935, 1.6],
			"rotation": {"angle": 0, "axis": "z", "origin": [13.5, 5.5, 1]},
			"faces": {
				"north": {"uv": [8.125, 5.375, 8.28125, 5.40625], "texture": "#1"},
				"east": {"uv": [8.125, 5.5, 8.28125, 5.53125], "texture": "#1"},
				"south": {"uv": [8.125, 5.625, 8.28125, 5.65625], "texture": "#1"},
				"west": {"uv": [8.125, 5.75, 8.28125, 5.78125], "texture": "#1"},
				"up": {"uv": [6.03125, 7.40625, 5.875, 7.25], "texture": "#1"},
				"down": {"uv": [6.28125, 7.25, 6.125, 7.40625], "texture": "#1"}
			}
		},
		{
			"name": "hexadecagon",
			"from": [12.9, 5.38065, 0.4],
			"to": [14.1, 5.61935, 1.6],
			"rotation": {"angle": 22.5, "axis": "z", "origin": [13.5, 5.5, 1]},
			"faces": {
				"north": {"uv": [8.125, 5.875, 8.28125, 5.90625], "texture": "#1"},
				"east": {"uv": [8.125, 6.125, 8.28125, 6.15625], "texture": "#1"},
				"south": {"uv": [6.25, 8.125, 6.40625, 8.15625], "texture": "#1"},
				"west": {"uv": [8.125, 6.25, 8.28125, 6.28125], "texture": "#1"},
				"up": {"uv": [6.53125, 7.40625, 6.375, 7.25], "texture": "#1"},
				"down": {"uv": [7.40625, 6.75, 7.25, 6.90625], "texture": "#1"}
			}
		},
		{
			"name": "hexadecagon",
			"from": [13.38065, 4.9, 13.9],
			"to": [13.61935, 6.1, 15.1],
			"rotation": {"angle": -45, "axis": "z", "origin": [13.5, 5.5, 14.5]},
			"faces": {
				"north": {"uv": [4.5, 8.125, 4.53125, 8.28125], "texture": "#1"},
				"east": {"uv": [7, 7.25, 7.15625, 7.40625], "texture": "#1"},
				"south": {"uv": [5.875, 8.125, 5.90625, 8.28125], "texture": "#1"},
				"west": {"uv": [7.25, 7, 7.40625, 7.15625], "texture": "#1"},
				"up": {"uv": [6.53125, 8.28125, 6.5, 8.125], "texture": "#1"},
				"down": {"uv": [8.15625, 6.5, 8.125, 6.65625], "texture": "#1"}
			}
		},
		{
			"name": "hexadecagon",
			"from": [13.38065, 4.9, 13.9],
			"to": [13.61935, 6.1, 15.1],
			"rotation": {"angle": -22.5, "axis": "z", "origin": [13.5, 5.5, 14.5]},
			"faces": {
				"north": {"uv": [6.625, 8.125, 6.65625, 8.28125], "texture": "#1"},
				"east": {"uv": [7.25, 7.25, 7.40625, 7.40625], "texture": "#1"},
				"south": {"uv": [6.75, 8.125, 6.78125, 8.28125], "texture": "#1"},
				"west": {"uv": [7.375, 1.125, 7.53125, 1.28125], "texture": "#1"},
				"up": {"uv": [8.15625, 6.90625, 8.125, 6.75], "texture": "#1"},
				"down": {"uv": [6.90625, 8.125, 6.875, 8.28125], "texture": "#1"}
			}
		},
		{
			"name": "hexadecagon",
			"from": [13.38065, 4.9, 13.9],
			"to": [13.61935, 6.1, 15.1],
			"rotation": {"angle": 0, "axis": "z", "origin": [13.5, 5.5, 14.5]},
			"faces": {
				"north": {"uv": [7, 8.125, 7.03125, 8.28125], "texture": "#1"},
				"east": {"uv": [2.875, 7.5, 3.03125, 7.65625], "texture": "#1"},
				"south": {"uv": [8.125, 7, 8.15625, 7.15625], "texture": "#1"},
				"west": {"uv": [7.5, 3, 7.65625, 3.15625], "texture": "#1"},
				"up": {"uv": [7.15625, 8.28125, 7.125, 8.125], "texture": "#1"},
				"down": {"uv": [7.28125, 8.125, 7.25, 8.28125], "texture": "#1"}
			}
		},
		{
			"name": "hexadecagon",
			"from": [13.38065, 4.9, 13.9],
			"to": [13.61935, 6.1, 15.1],
			"rotation": {"angle": 22.5, "axis": "z", "origin": [13.5, 5.5, 14.5]},
			"faces": {
				"north": {"uv": [8.125, 7.25, 8.15625, 7.40625], "texture": "#1"},
				"east": {"uv": [3.125, 7.5, 3.28125, 7.65625], "texture": "#1"},
				"south": {"uv": [7.375, 8.125, 7.40625, 8.28125], "texture": "#1"},
				"west": {"uv": [7.5, 3.25, 7.65625, 3.40625], "texture": "#1"},
				"up": {"uv": [7.53125, 8.28125, 7.5, 8.125], "texture": "#1"},
				"down": {"uv": [8.15625, 7.5, 8.125, 7.65625], "texture": "#1"}
			}
		},
		{
			"name": "hexadecagon",
			"from": [13.38065, 4.9, 13.9],
			"to": [13.61935, 6.1, 15.1],
			"rotation": {"angle": 45, "axis": "z", "origin": [13.5, 5.5, 14.5]},
			"faces": {
				"north": {"uv": [7.625, 8.125, 7.65625, 8.28125], "texture": "#1"},
				"east": {"uv": [3.375, 7.5, 3.53125, 7.65625], "texture": "#1"},
				"south": {"uv": [7.75, 8.125, 7.78125, 8.28125], "texture": "#1"},
				"west": {"uv": [7.5, 3.5, 7.65625, 3.65625], "texture": "#1"},
				"up": {"uv": [7.90625, 8.28125, 7.875, 8.125], "texture": "#1"},
				"down": {"uv": [8.03125, 8.125, 8, 8.28125], "texture": "#1"}
			}
		},
		{
			"name": "hexadecagon",
			"from": [12.9, 5.38065, 13.9],
			"to": [14.1, 5.61935, 15.1],
			"rotation": {"angle": -22.5, "axis": "z", "origin": [13.5, 5.5, 14.5]},
			"faces": {
				"north": {"uv": [8.125, 8, 8.28125, 8.03125], "texture": "#1"},
				"east": {"uv": [8.125, 8.125, 8.28125, 8.15625], "texture": "#1"},
				"south": {"uv": [8.25, 0, 8.40625, 0.03125], "texture": "#1"},
				"west": {"uv": [8.25, 0.125, 8.40625, 0.15625], "texture": "#1"},
				"up": {"uv": [7.65625, 3.90625, 7.5, 3.75], "texture": "#1"},
				"down": {"uv": [7.65625, 4, 7.5, 4.15625], "texture": "#1"}
			}
		},
		{
			"name": "hexadecagon",
			"from": [12.9, 5.38065, 13.9],
			"to": [14.1, 5.61935, 15.1],
			"rotation": {"angle": 0, "axis": "z", "origin": [13.5, 5.5, 14.5]},
			"faces": {
				"north": {"uv": [8.25, 1.125, 8.40625, 1.15625], "texture": "#1"},
				"east": {"uv": [8.25, 1.25, 8.40625, 1.28125], "texture": "#1"},
				"south": {"uv": [8.25, 1.5, 8.40625, 1.53125], "texture": "#1"},
				"west": {"uv": [8.25, 1.625, 8.40625, 1.65625], "texture": "#1"},
				"up": {"uv": [7.65625, 5.40625, 7.5, 5.25], "texture": "#1"},
				"down": {"uv": [5.53125, 7.5, 5.375, 7.65625], "texture": "#1"}
			}
		},
		{
			"name": "hexadecagon",
			"from": [12.9, 5.38065, 13.9],
			"to": [14.1, 5.61935, 15.1],
			"rotation": {"angle": 22.5, "axis": "z", "origin": [13.5, 5.5, 14.5]},
			"faces": {
				"north": {"uv": [8.25, 1.75, 8.40625, 1.78125], "texture": "#1"},
				"east": {"uv": [8.25, 1.875, 8.40625, 1.90625], "texture": "#1"},
				"south": {"uv": [8.25, 2, 8.40625, 2.03125], "texture": "#1"},
				"west": {"uv": [2.5, 8.25, 2.65625, 8.28125], "texture": "#1"},
				"up": {"uv": [7.65625, 5.65625, 7.5, 5.5], "texture": "#1"},
				"down": {"uv": [5.78125, 7.5, 5.625, 7.65625], "texture": "#1"}
			}
		},
		{
			"from": [8.65, 5.13065, 0.66],
			"to": [18.35, 5.86935, 0.86],
			"rotation": {"angle": 0, "axis": "z", "origin": [13.5, 5.5, 1]},
			"faces": {
				"north": {"uv": [5.125, 5.125, 6.34375, 5.21875], "texture": "#1"},
				"east": {"uv": [5.125, 8.25, 5.15625, 8.34375], "texture": "#1"},
				"south": {"uv": [5.25, 0.25, 6.46875, 0.34375], "texture": "#1"},
				"west": {"uv": [5.25, 8.25, 5.28125, 8.34375], "texture": "#1"},
				"up": {"uv": [8.09375, 4.78125, 6.875, 4.75], "texture": "#1"},
				"down": {"uv": [6.59375, 6.875, 5.375, 6.90625], "texture": "#1"}
			}
		},
		{
			"from": [8.65, 5.13065, 0.65],
			"to": [18.35, 5.86935, 0.85],
			"rotation": {"angle": 45, "axis": "z", "origin": [13.5, 5.5, 1]},
			"faces": {
				"north": {"uv": [5.25, 0.375, 6.46875, 0.46875], "texture": "#1"},
				"east": {"uv": [5.375, 8.25, 5.40625, 8.34375], "texture": "#1"},
				"south": {"uv": [5.25, 0.5, 6.46875, 0.59375], "texture": "#1"},
				"west": {"uv": [5.5, 8.25, 5.53125, 8.34375], "texture": "#1"},
				"up": {"uv": [8.09375, 6.15625, 6.875, 6.125], "texture": "#1"},
				"down": {"uv": [8.09375, 6.25, 6.875, 6.28125], "texture": "#1"}
			}
		},
		{
			"from": [13.13065, 0.65, 0.65],
			"to": [13.86935, 10.35, 0.85],
			"rotation": {"angle": 45, "axis": "z", "origin": [13.5, 5.5, 1]},
			"faces": {
				"north": {"uv": [4.25, 5.125, 4.34375, 6.34375], "texture": "#1"},
				"east": {"uv": [4.375, 6.875, 4.40625, 8.09375], "texture": "#1"},
				"south": {"uv": [4.375, 5.125, 4.46875, 6.34375], "texture": "#1"},
				"west": {"uv": [4.5, 6.875, 4.53125, 8.09375], "texture": "#1"},
				"up": {"uv": [5.71875, 8.28125, 5.625, 8.25], "texture": "#1"},
				"down": {"uv": [5.84375, 8.25, 5.75, 8.28125], "texture": "#1"}
			}
		},
		{
			"from": [13.13065, 0.65, 0.645],
			"to": [13.86935, 10.35, 0.845],
			"rotation": {"angle": 0, "axis": "z", "origin": [13.5, 5.5, 1]},
			"faces": {
				"north": {"uv": [4.875, 0.25, 4.96875, 1.46875], "texture": "#1"},
				"east": {"uv": [5.125, 6.75, 5.15625, 7.96875], "texture": "#1"},
				"south": {"uv": [4.75, 4.875, 4.84375, 6.09375], "texture": "#1"},
				"west": {"uv": [5.25, 6.75, 5.28125, 7.96875], "texture": "#1"},
				"up": {"uv": [4.71875, 2.90625, 4.625, 2.875], "texture": "#1"},
				"down": {"uv": [2.84375, 8.25, 2.75, 8.28125], "texture": "#1"}
			}
		},
		{
			"from": [8.65, 5.13065, 14.66],
			"to": [18.35, 5.86935, 14.86],
			"rotation": {"angle": 22.5, "axis": "z", "origin": [13.5, 5.5, 15]},
			"faces": {
				"north": {"uv": [5.25, 0.625, 6.46875, 0.71875], "texture": "#1"},
				"east": {"uv": [6, 8.25, 6.03125, 8.34375], "texture": "#1"},
				"south": {"uv": [5.25, 0.75, 6.46875, 0.84375], "texture": "#1"},
				"west": {"uv": [8.25, 6, 8.28125, 6.09375], "texture": "#1"},
				"up": {"uv": [8.09375, 6.53125, 6.875, 6.5], "texture": "#1"},
				"down": {"uv": [8.09375, 6.625, 6.875, 6.65625], "texture": "#1"}
			}
		},
		{
			"from": [13.13065, 0.65, 14.65],
			"to": [13.86935, 10.35, 14.85],
			"rotation": {"angle": -22.5, "axis": "z", "origin": [13.5, 5.5, 15]},
			"faces": {
				"north": {"uv": [4.5, 5.125, 4.59375, 6.34375], "texture": "#1"},
				"east": {"uv": [6.875, 6.75, 6.90625, 7.96875], "texture": "#1"},
				"south": {"uv": [4.625, 5.125, 4.71875, 6.34375], "texture": "#1"},
				"west": {"uv": [2.5, 7, 2.53125, 8.21875], "texture": "#1"},
				"up": {"uv": [6.21875, 8.28125, 6.125, 8.25], "texture": "#1"},
				"down": {"uv": [6.34375, 8.25, 6.25, 8.28125], "texture": "#1"}
			}
		},
		{
			"from": [8.65, 5.13065, 14.65],
			"to": [18.35, 5.86935, 14.85],
			"rotation": {"angle": -22.5, "axis": "z", "origin": [13.5, 5.5, 15]},
			"faces": {
				"north": {"uv": [5.25, 0.875, 6.46875, 0.96875], "texture": "#1"},
				"east": {"uv": [6.375, 8.25, 6.40625, 8.34375], "texture": "#1"},
				"south": {"uv": [5.25, 1, 6.46875, 1.09375], "texture": "#1"},
				"west": {"uv": [8.25, 6.375, 8.28125, 6.46875], "texture": "#1"},
				"up": {"uv": [8.21875, 0.03125, 7, 0], "texture": "#1"},
				"down": {"uv": [8.21875, 0.125, 7, 0.15625], "texture": "#1"}
			}
		},
		{
			"from": [13.13065, 0.65, 14.645],
			"to": [13.86935, 10.35, 14.845],
			"rotation": {"angle": 22.5, "axis": "z", "origin": [13.5, 5.5, 15]},
			"faces": {
				"north": {"uv": [2.5, 5.25, 2.59375, 6.46875], "texture": "#1"},
				"east": {"uv": [2.625, 7, 2.65625, 8.21875], "texture": "#1"},
				"south": {"uv": [2.625, 5.25, 2.71875, 6.46875], "texture": "#1"},
				"west": {"uv": [2.75, 7, 2.78125, 8.21875], "texture": "#1"},
				"up": {"uv": [8.34375, 6.53125, 8.25, 6.5], "texture": "#1"},
				"down": {"uv": [8.34375, 6.625, 8.25, 6.65625], "texture": "#1"}
			}
		}
	],
	"display": {
		"thirdperson_righthand": {
			"rotation": [75, 45, 0],
			"translation": [0, 2.5, 0],
			"scale": [0.375, 0.375, 0.375]
		},
		"thirdperson_lefthand": {
			"rotation": [75, 45, 0],
			"translation": [0, 2.5, 0],
			"scale": [0.375, 0.375, 0.375]
		},
		"firstperson_righthand": {
			"rotation": [136, 0, 0],
			"scale": [0.54, 0.54, 0.54]
		},
		"firstperson_lefthand": {
			"rotation": [136, 0, 0],
			"scale": [0.54, 0.54, 0.54]
		},
		"ground": {
			"translation": [0, 9.25, 0]
		},
		"gui": {
			"rotation": [30, 225, 0],
			"translation": [0, 1.5, 0],
			"scale": [0.53, 0.53, 0.53]
		},
		"head": {
			"translation": [0, 2.25, -9],
			"scale": [0.78, 0.78, 0.78]
		},
		"fixed": {
			"rotation": [-90, 0, 0],
			"translation": [16, 8.75, -23],
			"scale": [3.01, 3.01, 3.01]
		}
	},
	"groups": [
		{
			"name": "hexadecagon",
			"origin": [8, 8, 8],
			"color": 0,
			"children": [0, 1, 2, 3, 4, 5, 6, 7, 8, 9, 10, 11, 12, 13, 14, 15]
		},
		{
			"name": "hexadecagon",
			"origin": [8, 8, 8],
			"color": 0,
			"children": [16, 17, 18, 19, 20, 21, 22, 23, 24, 25, 26, 27, 28, 29, 30, 31]
		},
		32,
		{
			"name": "fan",
			"origin": [8, 8, 8],
			"color": 0,
			"children": [
				{
					"name": "hexadecagon",
					"origin": [8, 8, 8],
					"color": 0,
					"children": [33, 34, 35, 36, 37, 38, 39, 40]
				},
				{
					"name": "hexadecagon",
					"origin": [8, 8, 8],
					"color": 0,
					"children": [41, 42, 43, 44, 45, 46, 47, 48]
				},
				{
					"name": "blade",
					"origin": [8, 8, 8],
					"color": 0,
					"children": [49, 50, 51, 52]
				},
				{
					"name": "blade",
					"origin": [8, 8, 8],
					"color": 0,
					"children": [
						53,
						54,
						55,
						56,
						{
							"name": "fan left",
							"origin": [8, 8, 8],
							"color": 0,
							"children": [
								{
									"name": "hexadecagon",
									"origin": [8, 8, 8],
									"color": 0,
									"children": [57, 58, 59, 60, 61, 62, 63, 64]
								},
								{
									"name": "hexadecagon",
									"origin": [8, 8, 8],
									"color": 0,
									"children": [65, 66, 67, 68, 69, 70, 71, 72]
								},
								{
									"name": "blade",
									"origin": [8, 8, 8],
									"color": 0,
									"children": [73, 74, 75, 76]
								},
								{
									"name": "blade",
									"origin": [8, 8, 8],
									"color": 0,
									"children": [77, 78, 79, 80]
								}
							]
						}
					]
				}
			]
		}
	]
}