{
	"credit": "Made by Aiden (feignedmars4438 on discord)",
	"texture_size": [64, 64],
	"textures": {
		"0": "item/furniture/light_on",
		"particle": "item/furniture/light_on"
	},
	"elements": [
		{
			"from": [5, 0, -8.5],
			"to": [11, 2, 24.5],
			"rotation": {"angle": 0, "axis": "y", "origin": [7.5, 0, 7.5]},
			"faces": {
				"north": {"uv": [4.5, 2.5, 6, 3], "texture": "#0"},
				"east": {"uv": [3, 0, 11.25, 0.5], "texture": "#0"},
				"south": {"uv": [4.5, 3, 6, 3.5], "texture": "#0"},
				"west": {"uv": [3, 0.5, 11.25, 1], "texture": "#0"},
				"up": {"uv": [1.5, 8.25, 0, 0], "texture": "#0"},
				"down": {"uv": [3, 0, 1.5, 8.25], "texture": "#0"}
			}
		},
		{
			"from": [5.1, -6.01041, -10.98959],
			"to": [10.9, -0.51041, -9.48959],
			"rotation": {"angle": -45, "axis": "x", "origin": [3, 0, -17]},
			"faces": {
				"north": {"uv": [3, 1, 4.5, 2.375], "texture": "#0"},
				"east": {"uv": [3, 5.5, 3.375, 6.875], "texture": "#0"},
				"south": {"uv": [3, 2.5, 4.5, 3.875], "texture": "#0"},
				"west": {"uv": [3.5, 5.5, 3.875, 6.875], "texture": "#0"},
				"up": {"uv": [6, 3.875, 4.5, 3.5], "texture": "#0"},
				"down": {"uv": [6, 4, 4.5, 4.375], "texture": "#0"}
			}
		},
		{
			"from": [5.1, -6.01041, 25.48959],
			"to": [10.9, -0.51041, 26.98959],
			"rotation": {"angle": 45, "axis": "x", "origin": [3, 0, 33]},
			"faces": {
				"north": {"uv": [3, 4, 4.5, 5.375], "texture": "#0"},
				"east": {"uv": [4, 5.5, 4.375, 6.875], "texture": "#0"},
				"south": {"uv": [4.5, 1, 6, 2.375], "texture": "#0"},
				"west": {"uv": [4.5, 5.5, 4.875, 6.875], "texture": "#0"},
				"up": {"uv": [6, 4.875, 4.5, 4.5], "texture": "#0"},
				"down": {"uv": [6, 5, 4.5, 5.375], "texture": "#0"}
			}
		}
	],
	"display": {
		"fixed": {
			"rotation": [-90, 0, 180],
			"translation": [0, 0, 9.5],
			"scale": [2.11, 2.11, 2.11]
		}
	}
}