{
	"credit": "Made by Aiden (feignedmars4438 on discord)",
	"texture_size": [128, 128],
	"textures": {
		"0": "item/furniture/locker/locker_texture",
		"particle": "item/furniture/locker/locker_texture"
	},
	"elements": [
		{
			"from": [1.3, -12, 1],
			"to": [9.95, 25, 2],
			"rotation": {"angle": 0, "axis": "y", "origin": [0, 3, 0]},
			"faces": {
				"north": {"uv": [5.25, 5.125, 6.375, 9.75], "texture": "#0"},
				"east": {"uv": [8.375, 7.75, 8.5, 12.375], "texture": "#0"},
				"south": {"uv": [5.75, 0, 6.875, 4.625], "texture": "#0"},
				"west": {"uv": [8.5, 7.75, 8.625, 12.375], "texture": "#0"},
				"up": {"uv": [8, 3.625, 6.875, 3.5], "texture": "#0"},
				"down": {"uv": [8, 3.625, 6.875, 3.75], "texture": "#0"}
			}
		},
		{
			"from": [0.55, 18.5, 0.5],
			"to": [2.05, 21.5, 3.25],
			"rotation": {"angle": 0, "axis": "y", "origin": [0, 3, 0]},
			"faces": {
				"north": {"uv": [6.125, 4.625, 6.375, 5], "texture": "#0"},
				"east": {"uv": [5.75, 4.625, 6.125, 5], "texture": "#0"},
				"south": {"uv": [7.625, 3.75, 7.875, 4.125], "texture": "#0"},
				"west": {"uv": [6.875, 3.75, 7.25, 4.125], "texture": "#0"},
				"up": {"uv": [8.125, 4.125, 7.875, 3.75], "texture": "#0"},
				"down": {"uv": [9.125, 5.5, 8.875, 5.875], "texture": "#0"}
			}
		},
		{
			"from": [0.55, -8.5, 0.5],
			"to": [2.05, -5.5, 3.25],
			"rotation": {"angle": 0, "axis": "y", "origin": [0, 3, 0]},
			"faces": {
				"north": {"uv": [8.875, 5.875, 9.125, 6.25], "texture": "#0"},
				"east": {"uv": [6.875, 4.125, 7.25, 4.5], "texture": "#0"},
				"south": {"uv": [8.875, 6.25, 9.125, 6.625], "texture": "#0"},
				"west": {"uv": [7.25, 3.75, 7.625, 4.125], "texture": "#0"},
				"up": {"uv": [9.125, 7, 8.875, 6.625], "texture": "#0"},
				"down": {"uv": [9.125, 7, 8.875, 7.375], "texture": "#0"}
			}
		},
		{
			"from": [0.8, -15.5, 1.5],
			"to": [2.3, -12.5, 2.75],
			"rotation": {"angle": 0, "axis": "y", "origin": [0, 3, 0]},
			"faces": {
				"north": {"uv": [8.875, 5.875, 9.125, 6.25], "texture": "#0"},
				"east": {"uv": [6.875, 4.125, 7.25, 4.5], "texture": "#0"},
				"south": {"uv": [8.875, 6.25, 9.125, 6.625], "texture": "#0"},
				"west": {"uv": [7.25, 3.75, 7.625, 4.125], "texture": "#0"},
				"up": {"uv": [9.125, 7, 8.875, 6.625], "texture": "#0"},
				"down": {"uv": [9.125, 7, 8.875, 7.375], "texture": "#0"}
			}
		},
		{
			"from": [13.7, -15.5, 1.5],
			"to": [15.2, -12.5, 2.75],
			"rotation": {"angle": 0, "axis": "y", "origin": [16, 3, 0]},
			"faces": {
				"north": {"uv": [9.125, 5.875, 8.875, 6.25], "texture": "#0"},
				"east": {"uv": [7.625, 3.75, 7.25, 4.125], "texture": "#0"},
				"south": {"uv": [9.125, 6.25, 8.875, 6.625], "texture": "#0"},
				"west": {"uv": [7.25, 4.125, 6.875, 4.5], "texture": "#0"},
				"up": {"uv": [8.875, 7, 9.125, 6.625], "texture": "#0"},
				"down": {"uv": [8.875, 7, 9.125, 7.375], "texture": "#0"}
			}
		},
		{
			"from": [13.7, -15.5, 14.25],
			"to": [15.2, -12.5, 15.5],
			"rotation": {"angle": 0, "axis": "y", "origin": [16, 3, 16]},
			"faces": {
				"north": {"uv": [8.875, 6.25, 9.125, 6.625], "texture": "#0"},
				"east": {"uv": [7.25, 3.75, 7.625, 4.125], "texture": "#0"},
				"south": {"uv": [8.875, 5.875, 9.125, 6.25], "texture": "#0"},
				"west": {"uv": [6.875, 4.125, 7.25, 4.5], "texture": "#0"},
				"up": {"uv": [8.875, 6.625, 9.125, 7], "texture": "#0"},
				"down": {"uv": [8.875, 7.375, 9.125, 7], "texture": "#0"}
			}
		},
		{
			"from": [0.8, -15.5, 14.25],
			"to": [2.3, -12.5, 15.5],
			"rotation": {"angle": 0, "axis": "y", "origin": [0, 3, 16]},
			"faces": {
				"north": {"uv": [9.125, 6.25, 8.875, 6.625], "texture": "#0"},
				"east": {"uv": [7.25, 4.125, 6.875, 4.5], "texture": "#0"},
				"south": {"uv": [9.125, 5.875, 8.875, 6.25], "texture": "#0"},
				"west": {"uv": [7.625, 3.75, 7.25, 4.125], "texture": "#0"},
				"up": {"uv": [9.125, 6.625, 8.875, 7], "texture": "#0"},
				"down": {"uv": [9.125, 7.375, 8.875, 7], "texture": "#0"}
			}
		},
		{
			"from": [12.56219, 5.40685, 0.987],
			"to": [13.29219, 6.86685, 1.717],
			"rotation": {"angle": 0, "axis": "y", "origin": [15.48219, 6.13685, 0.987]},
			"faces": {
				"north": {"uv": [8, 4.5, 8.125, 4.625], "texture": "#0"},
				"east": {"uv": [8.625, 3.375, 8.75, 3.5], "texture": "#0"},
				"south": {"uv": [9.5, 1.625, 9.625, 1.75], "texture": "#0"},
				"west": {"uv": [9.625, 1.625, 9.75, 1.75], "texture": "#0"},
				"up": {"uv": [9.75, 9.75, 9.625, 9.625], "texture": "#0"},
				"down": {"uv": [9.875, 0, 9.75, 0.125], "texture": "#0"}
			}
		},
		{
			"from": [12.39548, 7.70492, 0.987],
			"to": [13.12548, 8.43492, 1.717],
			"rotation": {"angle": 22.5, "axis": "z", "origin": [15.31548, 7.70492, 0.987]},
			"faces": {
				"north": {"uv": [9.75, 0.125, 9.875, 0.25], "texture": "#0"},
				"east": {"uv": [9.75, 0.25, 9.875, 0.375], "texture": "#0"},
				"south": {"uv": [9.75, 0.375, 9.875, 0.5], "texture": "#0"},
				"west": {"uv": [9.75, 0.5, 9.875, 0.625], "texture": "#0"},
				"up": {"uv": [9.875, 0.75, 9.75, 0.625], "texture": "#0"},
				"down": {"uv": [9.875, 0.75, 9.75, 0.875], "texture": "#0"}
			}
		},
		{
			"from": [11.64139, 9.08984, 0.987],
			"to": [12.37139, 9.81984, 1.717],
			"rotation": {"angle": 45, "axis": "z", "origin": [14.56139, 9.08984, 0.987]},
			"faces": {
				"north": {"uv": [9.75, 0.875, 9.875, 1], "texture": "#0"},
				"east": {"uv": [9.75, 1, 9.875, 1.125], "texture": "#0"},
				"south": {"uv": [9.75, 1.125, 9.875, 1.25], "texture": "#0"},
				"west": {"uv": [9.75, 1.25, 9.875, 1.375], "texture": "#0"},
				"up": {"uv": [9.875, 1.5, 9.75, 1.375], "texture": "#0"},
				"down": {"uv": [9.875, 1.5, 9.75, 1.625], "texture": "#0"}
			}
		},
		{
			"from": [12.60472, 7.16076, 0.987],
			"to": [13.33472, 7.89076, 1.717],
			"rotation": {"angle": -22.5, "axis": "z", "origin": [13.33472, 10.08076, 0.987]},
			"faces": {
				"north": {"uv": [9.75, 1.625, 9.875, 1.75], "texture": "#0"},
				"east": {"uv": [9.75, 2.75, 9.875, 2.875], "texture": "#0"},
				"south": {"uv": [9.75, 2.875, 9.875, 3], "texture": "#0"},
				"west": {"uv": [9.75, 3, 9.875, 3.125], "texture": "#0"},
				"up": {"uv": [9.875, 3.25, 9.75, 3.125], "texture": "#0"},
				"down": {"uv": [9.875, 3.25, 9.75, 3.375], "texture": "#0"}
			}
		},
		{
			"from": [10.90971, 7.60682, 0.987],
			"to": [11.82221, 8.33682, 1.717],
			"rotation": {"angle": 0, "axis": "z", "origin": [11.82221, 10.52682, 0.987]},
			"faces": {
				"north": {"uv": [9.75, 3.375, 9.875, 3.5], "texture": "#0"},
				"east": {"uv": [9.75, 3.5, 9.875, 3.625], "texture": "#0"},
				"south": {"uv": [9.75, 3.625, 9.875, 3.75], "texture": "#0"},
				"west": {"uv": [9.75, 3.75, 9.875, 3.875], "texture": "#0"},
				"up": {"uv": [9.875, 4, 9.75, 3.875], "texture": "#0"},
				"down": {"uv": [9.875, 4, 9.75, 4.125], "texture": "#0"}
			}
		},
		{
			"from": [10.59751, 7.26961, 0.987],
			"to": [11.32751, 7.99961, 1.717],
			"rotation": {"angle": 22.5, "axis": "z", "origin": [10.28346, 7.18089, 1.352]},
			"faces": {
				"north": {"uv": [9.75, 4.125, 9.875, 4.25], "texture": "#0"},
				"east": {"uv": [9.75, 4.5, 9.875, 4.625], "texture": "#0"},
				"south": {"uv": [9.75, 4.625, 9.875, 4.75], "texture": "#0"},
				"west": {"uv": [9.75, 4.75, 9.875, 4.875], "texture": "#0"},
				"up": {"uv": [9.875, 5, 9.75, 4.875], "texture": "#0"},
				"down": {"uv": [9.875, 5, 9.75, 5.125], "texture": "#0"}
			}
		},
		{
			"from": [9.64724, 7.05433, 0.987],
			"to": [10.37724, 7.78433, 1.717],
			"rotation": {"angle": -45, "axis": "z", "origin": [10.28346, 7.18089, 1.352]},
			"faces": {
				"north": {"uv": [9.75, 5.125, 9.875, 5.25], "texture": "#0"},
				"east": {"uv": [5.25, 9.75, 5.375, 9.875], "texture": "#0"},
				"south": {"uv": [9.75, 5.25, 9.875, 5.375], "texture": "#0"},
				"west": {"uv": [5.375, 9.75, 5.5, 9.875], "texture": "#0"},
				"up": {"uv": [9.875, 5.5, 9.75, 5.375], "texture": "#0"},
				"down": {"uv": [5.625, 9.75, 5.5, 9.875], "texture": "#0"}
			}
		},
		{
			"from": [9.64724, 6.57744, 0.987],
			"to": [10.37724, 7.30744, 1.717],
			"rotation": {"angle": -22.5, "axis": "z", "origin": [10.28346, 7.18089, 1.352]},
			"faces": {
				"north": {"uv": [9.75, 5.5, 9.875, 5.625], "texture": "#0"},
				"east": {"uv": [5.625, 9.75, 5.75, 9.875], "texture": "#0"},
				"south": {"uv": [9.75, 5.625, 9.875, 5.75], "texture": "#0"},
				"west": {"uv": [5.75, 9.75, 5.875, 9.875], "texture": "#0"},
				"up": {"uv": [9.875, 5.875, 9.75, 5.75], "texture": "#0"},
				"down": {"uv": [6, 9.75, 5.875, 9.875], "texture": "#0"}
			}
		},
		{
			"from": [9.46474, 5.40685, 0.987],
			"to": [10.19474, 6.86685, 1.717],
			"rotation": {"angle": 0, "axis": "y", "origin": [10.28346, 7.18089, 1.352]},
			"faces": {
				"north": {"uv": [9.75, 5.875, 9.875, 6], "texture": "#0"},
				"east": {"uv": [6, 9.75, 6.125, 9.875], "texture": "#0"},
				"south": {"uv": [9.75, 6, 9.875, 6.125], "texture": "#0"},
				"west": {"uv": [6.125, 9.75, 6.25, 9.875], "texture": "#0"},
				"up": {"uv": [9.875, 6.25, 9.75, 6.125], "texture": "#0"},
				"down": {"uv": [6.375, 9.75, 6.25, 9.875], "texture": "#0"}
			}
		},
		{
			"from": [9.45969, 4.67685, 0.987],
			"to": [13.29219, 5.40685, 1.717],
			"rotation": {"angle": 0, "axis": "y", "origin": [15.48219, 6.13685, 0.987]},
			"faces": {
				"north": {"uv": [9.125, 5.875, 9.625, 6], "texture": "#0"},
				"east": {"uv": [9.75, 6.25, 9.875, 6.375], "texture": "#0"},
				"south": {"uv": [9.125, 6, 9.625, 6.125], "texture": "#0"},
				"west": {"uv": [9.75, 6.375, 9.875, 6.5], "texture": "#0"},
				"up": {"uv": [9.625, 6.25, 9.125, 6.125], "texture": "#0"},
				"down": {"uv": [9.625, 6.25, 9.125, 6.375], "texture": "#0"}
			}
		},
		{
			"from": [9.45969, 5.40685, 1.717],
			"to": [13.29219, 6.86685, 1.717],
			"rotation": {"angle": 0, "axis": "y", "origin": [15.48219, 6.13685, 0.987]},
			"faces": {
				"north": {"uv": [9.125, 6.375, 9.625, 6.5], "texture": "#0"},
				"east": {"uv": [0, 0, 0, 0.125], "texture": "#0"},
				"south": {"uv": [9.125, 6.5, 9.625, 6.625], "texture": "#0"},
				"west": {"uv": [0, 0, 0, 0.125], "texture": "#0"},
				"up": {"uv": [0.5, 0, 0, 0], "texture": "#0"},
				"down": {"uv": [0.5, 0, 0, 0], "texture": "#0"}
			}
		},
		{
			"from": [10.20794, 6.86685, 1.717],
			"to": [12.56219, 7.77935, 1.717],
			"rotation": {"angle": 0, "axis": "y", "origin": [15.48219, 6.13685, 0.987]},
			"faces": {
				"north": {"uv": [7.75, 4.5, 8, 4.625], "texture": "#0"},
				"east": {"uv": [0, 0, 0, 0.125], "texture": "#0"},
				"south": {"uv": [9.125, 6.625, 9.375, 6.75], "texture": "#0"},
				"west": {"uv": [0, 0, 0, 0.125], "texture": "#0"},
				"up": {"uv": [0.25, 0, 0, 0], "texture": "#0"},
				"down": {"uv": [0.25, 0, 0, 0], "texture": "#0"}
			}
		},
		{
			"from": [11.25646, 6.87682, 0.987],
			"to": [11.47546, 7.60682, 1.352],
			"rotation": {"angle": 0, "axis": "z", "origin": [11.82221, 10.52682, 0.987]},
			"faces": {
				"north": {"uv": [9.75, 6.5, 9.875, 6.625], "texture": "#0"},
				"east": {"uv": [9.75, 6.625, 9.875, 6.75], "texture": "#0"},
				"south": {"uv": [9.75, 6.75, 9.875, 6.875], "texture": "#0"},
				"west": {"uv": [9.75, 6.875, 9.875, 7], "texture": "#0"},
				"up": {"uv": [9.875, 7.125, 9.75, 7], "texture": "#0"},
				"down": {"uv": [9.875, 7.125, 9.75, 7.25], "texture": "#0"}
			}
		},
		{
			"from": [11.25646, 7.05932, 0.987],
			"to": [11.47546, 7.60682, 1.717],
			"rotation": {"angle": 0, "axis": "z", "origin": [11.82221, 10.52682, 0.987]},
			"faces": {
				"north": {"uv": [9.75, 7.25, 9.875, 7.375], "texture": "#0"},
				"east": {"uv": [9.75, 7.375, 9.875, 7.5], "texture": "#0"},
				"south": {"uv": [9.75, 7.5, 9.875, 7.625], "texture": "#0"},
				"west": {"uv": [9.75, 7.625, 9.875, 7.75], "texture": "#0"},
				"up": {"uv": [9.875, 7.875, 9.75, 7.75], "texture": "#0"},
				"down": {"uv": [9.875, 7.875, 9.75, 8], "texture": "#0"}
			}
		},
		{
			"from": [10.8809, 6.40334, 1.0381],
			"to": [11.0707, 7.14064, 1.2279],
			"rotation": {"angle": 0, "axis": "y", "origin": [11.09376, 7.22229, 1.133]},
			"faces": {
				"north": {"uv": [9.75, 8, 9.875, 8.125], "texture": "#0"},
				"east": {"uv": [9.75, 8.125, 9.875, 8.25], "texture": "#0"},
				"south": {"uv": [9.75, 8.25, 9.875, 8.375], "texture": "#0"},
				"west": {"uv": [9.75, 8.375, 9.875, 8.5], "texture": "#0"},
				"up": {"uv": [9.875, 8.625, 9.75, 8.5], "texture": "#0"},
				"down": {"uv": [9.875, 8.625, 9.75, 8.75], "texture": "#0"}
			}
		},
		{
			"from": [10.92835, 7.06539, 1.0381],
			"to": [11.11815, 7.25519, 1.2279],
			"rotation": {"angle": -22.5, "axis": "z", "origin": [11.09376, 7.22229, 1.133]},
			"faces": {
				"north": {"uv": [8.75, 9.75, 8.875, 9.875], "texture": "#0"},
				"east": {"uv": [9.75, 8.75, 9.875, 8.875], "texture": "#0"},
				"south": {"uv": [9.75, 8.875, 9.875, 9], "texture": "#0"},
				"west": {"uv": [9.75, 9, 9.875, 9.125], "texture": "#0"},
				"up": {"uv": [9.25, 9.875, 9.125, 9.75], "texture": "#0"},
				"down": {"uv": [9.875, 9.125, 9.75, 9.25], "texture": "#0"}
			}
		},
		{
			"from": [10.92835, 7.18938, 1.0381],
			"to": [11.11815, 7.37918, 1.2279],
			"rotation": {"angle": -45, "axis": "z", "origin": [11.09376, 7.22229, 1.133]},
			"faces": {
				"north": {"uv": [9.25, 9.75, 9.375, 9.875], "texture": "#0"},
				"east": {"uv": [9.75, 9.25, 9.875, 9.375], "texture": "#0"},
				"south": {"uv": [9.375, 9.75, 9.5, 9.875], "texture": "#0"},
				"west": {"uv": [9.75, 9.375, 9.875, 9.5], "texture": "#0"},
				"up": {"uv": [9.625, 9.875, 9.5, 9.75], "texture": "#0"},
				"down": {"uv": [9.875, 9.5, 9.75, 9.625], "texture": "#0"}
			}
		},
		{
			"from": [11.17541, 7.24536, 1.0381],
			"to": [11.36521, 7.43516, 1.2279],
			"rotation": {"angle": 22.5, "axis": "z", "origin": [11.09376, 7.22229, 1.133]},
			"faces": {
				"north": {"uv": [9.625, 9.75, 9.75, 9.875], "texture": "#0"},
				"east": {"uv": [9.75, 9.625, 9.875, 9.75], "texture": "#0"},
				"south": {"uv": [9.75, 9.75, 9.875, 9.875], "texture": "#0"},
				"west": {"uv": [9.875, 0, 10, 0.125], "texture": "#0"},
				"up": {"uv": [10, 0.25, 9.875, 0.125], "texture": "#0"},
				"down": {"uv": [10, 0.25, 9.875, 0.375], "texture": "#0"}
			}
		},
		{
			"from": [11.25659, 7.33303, 1.0381],
			"to": [11.49384, 7.52283, 1.2279],
			"rotation": {"angle": 0, "axis": "z", "origin": [11.49384, 8.09223, 1.0381]},
			"faces": {
				"north": {"uv": [9.875, 0.375, 10, 0.5], "texture": "#0"},
				"east": {"uv": [9.875, 0.5, 10, 0.625], "texture": "#0"},
				"south": {"uv": [9.875, 0.625, 10, 0.75], "texture": "#0"},
				"west": {"uv": [9.875, 0.75, 10, 0.875], "texture": "#0"},
				"up": {"uv": [10, 1, 9.875, 0.875], "texture": "#0"},
				"down": {"uv": [10, 1, 9.875, 1.125], "texture": "#0"}
			}
		},
		{
			"from": [11.69729, 7.21706, 1.0381],
			"to": [11.88709, 7.40686, 1.2279],
			"rotation": {"angle": -22.5, "axis": "z", "origin": [11.88709, 7.97626, 1.0381]},
			"faces": {
				"north": {"uv": [9.875, 1.125, 10, 1.25], "texture": "#0"},
				"east": {"uv": [9.875, 1.25, 10, 1.375], "texture": "#0"},
				"south": {"uv": [9.875, 1.375, 10, 1.5], "texture": "#0"},
				"west": {"uv": [9.875, 1.5, 10, 1.625], "texture": "#0"},
				"up": {"uv": [10, 1.75, 9.875, 1.625], "texture": "#0"},
				"down": {"uv": [10, 2.75, 9.875, 2.875], "texture": "#0"}
			}
		},
		{
			"from": [11.44682, 7.71862, 1.0381],
			"to": [11.63662, 7.90842, 1.2279],
			"rotation": {"angle": 45, "axis": "z", "origin": [12.20602, 7.71862, 1.0381]},
			"faces": {
				"north": {"uv": [9.875, 2.875, 10, 3], "texture": "#0"},
				"east": {"uv": [9.875, 3, 10, 3.125], "texture": "#0"},
				"south": {"uv": [9.875, 3.125, 10, 3.25], "texture": "#0"},
				"west": {"uv": [9.875, 3.25, 10, 3.375], "texture": "#0"},
				"up": {"uv": [10, 3.5, 9.875, 3.375], "texture": "#0"},
				"down": {"uv": [10, 3.5, 9.875, 3.625], "texture": "#0"}
			}
		},
		{
			"from": [11.64289, 7.35854, 1.0381],
			"to": [11.83269, 7.54834, 1.2279],
			"rotation": {"angle": 22.5, "axis": "z", "origin": [12.40209, 7.35854, 1.0381]},
			"faces": {
				"north": {"uv": [9.875, 3.625, 10, 3.75], "texture": "#0"},
				"east": {"uv": [9.875, 3.75, 10, 3.875], "texture": "#0"},
				"south": {"uv": [9.875, 3.875, 10, 4], "texture": "#0"},
				"west": {"uv": [9.875, 4, 10, 4.125], "texture": "#0"},
				"up": {"uv": [10, 4.25, 9.875, 4.125], "texture": "#0"},
				"down": {"uv": [10, 4.5, 9.875, 4.625], "texture": "#0"}
			}
		},
		{
			"from": [11.68623, 6.40334, 1.0381],
			"to": [11.87603, 7.14064, 1.2279],
			"rotation": {"angle": 0, "axis": "y", "origin": [12.44543, 6.95084, 1.0381]},
			"faces": {
				"north": {"uv": [9.875, 4.625, 10, 4.75], "texture": "#0"},
				"east": {"uv": [9.875, 4.75, 10, 4.875], "texture": "#0"},
				"south": {"uv": [9.875, 4.875, 10, 5], "texture": "#0"},
				"west": {"uv": [9.875, 5, 10, 5.125], "texture": "#0"},
				"up": {"uv": [10, 5.25, 9.875, 5.125], "texture": "#0"},
				"down": {"uv": [5.375, 9.875, 5.25, 10], "texture": "#0"}
			}
		},
		{
			"from": [10.81023, 5.67334, 0.94685],
			"to": [11.94903, 6.41064, 1.31915],
			"rotation": {"angle": 0, "axis": "y", "origin": [12.44543, 6.95084, 1.0381]},
			"faces": {
				"north": {"uv": [9.875, 5.25, 10, 5.375], "texture": "#0"},
				"east": {"uv": [5.375, 9.875, 5.5, 10], "texture": "#0"},
				"south": {"uv": [9.875, 5.375, 10, 5.5], "texture": "#0"},
				"west": {"uv": [5.5, 9.875, 5.625, 10], "texture": "#0"},
				"up": {"uv": [10, 5.625, 9.875, 5.5], "texture": "#0"},
				"down": {"uv": [5.75, 9.875, 5.625, 10], "texture": "#0"}
			}
		},
		{
			"from": [4.3, -7.5, 0.5],
			"to": [11.7, -7, 1],
			"rotation": {"angle": 0, "axis": "y", "origin": [0, 3, 0]},
			"faces": {
				"north": {"uv": [6.875, 4.5, 7.75, 4.625], "texture": "#0"},
				"east": {"uv": [9.875, 5.625, 10, 5.75], "texture": "#0"},
				"south": {"uv": [7.25, 4.125, 8.125, 4.25], "texture": "#0"},
				"west": {"uv": [5.75, 9.875, 5.875, 10], "texture": "#0"},
				"up": {"uv": [8.125, 4.375, 7.25, 4.25], "texture": "#0"},
				"down": {"uv": [8.125, 4.375, 7.25, 4.5], "texture": "#0"}
			}
		},
		{
			"from": [11.05, -9, 0.5],
			"to": [11.7, -7.5, 1],
			"rotation": {"angle": 0, "axis": "y", "origin": [0, 3, 0]},
			"faces": {
				"north": {"uv": [8, 3.5, 8.125, 3.75], "texture": "#0"},
				"east": {"uv": [8.625, 2.875, 8.75, 3.125], "texture": "#0"},
				"south": {"uv": [8.625, 3.125, 8.75, 3.375], "texture": "#0"},
				"west": {"uv": [9.125, 6.75, 9.25, 7], "texture": "#0"},
				"up": {"uv": [10, 5.875, 9.875, 5.75], "texture": "#0"},
				"down": {"uv": [6, 9.875, 5.875, 10], "texture": "#0"}
			}
		},
		{
			"from": [4.3, -9, 0.5],
			"to": [4.95, -7.5, 1],
			"rotation": {"angle": 0, "axis": "y", "origin": [0, 3, 0]},
			"faces": {
				"north": {"uv": [9.125, 7, 9.25, 7.25], "texture": "#0"},
				"east": {"uv": [9.125, 9, 9.25, 9.25], "texture": "#0"},
				"south": {"uv": [9.25, 1.375, 9.375, 1.625], "texture": "#0"},
				"west": {"uv": [9.25, 6.75, 9.375, 7], "texture": "#0"},
				"up": {"uv": [10, 6, 9.875, 5.875], "texture": "#0"},
				"down": {"uv": [6.125, 9.875, 6, 10], "texture": "#0"}
			}
		},
		{
			"from": [4.95, -8.75, 0.25],
			"to": [11.05, -7.5, 0.5],
			"rotation": {"angle": 0, "axis": "y", "origin": [0, 3, 0]},
			"faces": {
				"north": {"uv": [8.875, 7.375, 9.625, 7.5], "texture": "#0"},
				"east": {"uv": [9.875, 6, 10, 6.125], "texture": "#0"},
				"south": {"uv": [8.875, 7.5, 9.625, 7.625], "texture": "#0"},
				"west": {"uv": [6.125, 9.875, 6.25, 10], "texture": "#0"},
				"up": {"uv": [9.625, 7.75, 8.875, 7.625], "texture": "#0"},
				"down": {"uv": [9.625, 7.75, 8.875, 7.875], "texture": "#0"}
			}
		},
		{
			"from": [4.95, -5.75, 0.25],
			"to": [11.05, -4.5, 0.5],
			"rotation": {"angle": 0, "axis": "y", "origin": [0, 3, 0]},
			"faces": {
				"north": {"uv": [8.875, 7.875, 9.625, 8], "texture": "#0"},
				"east": {"uv": [9.875, 6.125, 10, 6.25], "texture": "#0"},
				"south": {"uv": [8.875, 8, 9.625, 8.125], "texture": "#0"},
				"west": {"uv": [6.25, 9.875, 6.375, 10], "texture": "#0"},
				"up": {"uv": [9.625, 8.25, 8.875, 8.125], "texture": "#0"},
				"down": {"uv": [9.625, 8.25, 8.875, 8.375], "texture": "#0"}
			}
		},
		{
			"from": [4.3, -4.5, 0.5],
			"to": [11.7, -4, 1],
			"rotation": {"angle": 0, "axis": "y", "origin": [0, 3, 0]},
			"faces": {
				"north": {"uv": [8.875, 2.75, 9.75, 2.875], "texture": "#0"},
				"east": {"uv": [9.875, 6.25, 10, 6.375], "texture": "#0"},
				"south": {"uv": [8.875, 2.875, 9.75, 3], "texture": "#0"},
				"west": {"uv": [9.875, 6.375, 10, 6.5], "texture": "#0"},
				"up": {"uv": [9.75, 3.125, 8.875, 3], "texture": "#0"},
				"down": {"uv": [9.75, 3.125, 8.875, 3.25], "texture": "#0"}
			}
		},
		{
			"from": [4.3, -6, 0.5],
			"to": [4.95, -4.5, 1],
			"rotation": {"angle": 0, "axis": "y", "origin": [0, 3, 0]},
			"faces": {
				"north": {"uv": [9.25, 7, 9.375, 7.25], "texture": "#0"},
				"east": {"uv": [9.25, 9, 9.375, 9.25], "texture": "#0"},
				"south": {"uv": [9.125, 9.25, 9.25, 9.5], "texture": "#0"},
				"west": {"uv": [9.25, 9.25, 9.375, 9.5], "texture": "#0"},
				"up": {"uv": [10, 6.625, 9.875, 6.5], "texture": "#0"},
				"down": {"uv": [10, 6.625, 9.875, 6.75], "texture": "#0"}
			}
		},
		{
			"from": [11.05, -6, 0.5],
			"to": [11.7, -4.5, 1],
			"rotation": {"angle": 0, "axis": "y", "origin": [0, 3, 0]},
			"faces": {
				"north": {"uv": [9.375, 1.375, 9.5, 1.625], "texture": "#0"},
				"east": {"uv": [9.375, 6.625, 9.5, 6.875], "texture": "#0"},
				"south": {"uv": [9.375, 6.875, 9.5, 7.125], "texture": "#0"},
				"west": {"uv": [9.375, 7.125, 9.5, 7.375], "texture": "#0"},
				"up": {"uv": [10, 6.875, 9.875, 6.75], "texture": "#0"},
				"down": {"uv": [10, 6.875, 9.875, 7], "texture": "#0"}
			}
		},
		{
			"from": [4.95, -2.75, 0.25],
			"to": [11.05, -1.5, 0.5],
			"rotation": {"angle": 0, "axis": "y", "origin": [0, 3, 0]},
			"faces": {
				"north": {"uv": [8.875, 8.375, 9.625, 8.5], "texture": "#0"},
				"east": {"uv": [9.875, 7, 10, 7.125], "texture": "#0"},
				"south": {"uv": [8.875, 8.5, 9.625, 8.625], "texture": "#0"},
				"west": {"uv": [9.875, 7.125, 10, 7.25], "texture": "#0"},
				"up": {"uv": [9.625, 8.75, 8.875, 8.625], "texture": "#0"},
				"down": {"uv": [9.625, 8.75, 8.875, 8.875], "texture": "#0"}
			}
		},
		{
			"from": [4.3, -1.5, 0.5],
			"to": [11.7, -1, 1],
			"rotation": {"angle": 0, "axis": "y", "origin": [0, 3, 0]},
			"faces": {
				"north": {"uv": [8.875, 3.25, 9.75, 3.375], "texture": "#0"},
				"east": {"uv": [9.875, 7.25, 10, 7.375], "texture": "#0"},
				"south": {"uv": [8.875, 3.375, 9.75, 3.5], "texture": "#0"},
				"west": {"uv": [9.875, 7.375, 10, 7.5], "texture": "#0"},
				"up": {"uv": [9.75, 3.625, 8.875, 3.5], "texture": "#0"},
				"down": {"uv": [9.75, 3.625, 8.875, 3.75], "texture": "#0"}
			}
		},
		{
			"from": [4.3, -3, 0.5],
			"to": [4.95, -1.5, 1],
			"rotation": {"angle": 0, "axis": "y", "origin": [0, 3, 0]},
			"faces": {
				"north": {"uv": [8.875, 9.375, 9, 9.625], "texture": "#0"},
				"east": {"uv": [9, 9.375, 9.125, 9.625], "texture": "#0"},
				"south": {"uv": [9.375, 9, 9.5, 9.25], "texture": "#0"},
				"west": {"uv": [9.375, 9.25, 9.5, 9.5], "texture": "#0"},
				"up": {"uv": [10, 7.625, 9.875, 7.5], "texture": "#0"},
				"down": {"uv": [10, 7.625, 9.875, 7.75], "texture": "#0"}
			}
		},
		{
			"from": [11.05, -3, 0.5],
			"to": [11.7, -1.5, 1],
			"rotation": {"angle": 0, "axis": "y", "origin": [0, 3, 0]},
			"faces": {
				"north": {"uv": [9.5, 1.375, 9.625, 1.625], "texture": "#0"},
				"east": {"uv": [9.5, 6.625, 9.625, 6.875], "texture": "#0"},
				"south": {"uv": [9.5, 6.875, 9.625, 7.125], "texture": "#0"},
				"west": {"uv": [9.5, 7.125, 9.625, 7.375], "texture": "#0"},
				"up": {"uv": [10, 7.875, 9.875, 7.75], "texture": "#0"},
				"down": {"uv": [10, 7.875, 9.875, 8], "texture": "#0"}
			}
		},
		{
			"from": [4.95, 22.25, 0.25],
			"to": [11.05, 23.5, 0.5],
			"rotation": {"angle": 0, "axis": "y", "origin": [0, 3, 0]},
			"faces": {
				"north": {"uv": [8.875, 8.875, 9.625, 9], "texture": "#0"},
				"east": {"uv": [9.875, 8, 10, 8.125], "texture": "#0"},
				"south": {"uv": [9, 0, 9.75, 0.125], "texture": "#0"},
				"west": {"uv": [9.875, 8.125, 10, 8.25], "texture": "#0"},
				"up": {"uv": [9.75, 0.25, 9, 0.125], "texture": "#0"},
				"down": {"uv": [9.75, 0.25, 9, 0.375], "texture": "#0"}
			}
		},
		{
			"from": [4.3, 23.5, 0.5],
			"to": [11.7, 24, 1],
			"rotation": {"angle": 0, "axis": "y", "origin": [0, 3, 0]},
			"faces": {
				"north": {"uv": [8.875, 3.75, 9.75, 3.875], "texture": "#0"},
				"east": {"uv": [9.875, 8.25, 10, 8.375], "texture": "#0"},
				"south": {"uv": [8.875, 3.875, 9.75, 4], "texture": "#0"},
				"west": {"uv": [9.875, 8.375, 10, 8.5], "texture": "#0"},
				"up": {"uv": [9.75, 4.125, 8.875, 4], "texture": "#0"},
				"down": {"uv": [9.75, 4.125, 8.875, 4.25], "texture": "#0"}
			}
		},
		{
			"from": [4.3, 22, 0.5],
			"to": [4.95, 23.5, 1],
			"rotation": {"angle": 0, "axis": "y", "origin": [0, 3, 0]},
			"faces": {
				"north": {"uv": [9.5, 9, 9.625, 9.25], "texture": "#0"},
				"east": {"uv": [9.125, 9.5, 9.25, 9.75], "texture": "#0"},
				"south": {"uv": [9.25, 9.5, 9.375, 9.75], "texture": "#0"},
				"west": {"uv": [9.5, 9.25, 9.625, 9.5], "texture": "#0"},
				"up": {"uv": [10, 8.625, 9.875, 8.5], "texture": "#0"},
				"down": {"uv": [8.75, 9.875, 8.625, 10], "texture": "#0"}
			}
		},
		{
			"from": [11.05, 22, 0.5],
			"to": [11.7, 23.5, 1],
			"rotation": {"angle": 0, "axis": "y", "origin": [0, 3, 0]},
			"faces": {
				"north": {"uv": [9.375, 9.5, 9.5, 9.75], "texture": "#0"},
				"east": {"uv": [9.5, 9.5, 9.625, 9.75], "texture": "#0"},
				"south": {"uv": [9.625, 1.375, 9.75, 1.625], "texture": "#0"},
				"west": {"uv": [9.625, 5.875, 9.75, 6.125], "texture": "#0"},
				"up": {"uv": [10, 8.75, 9.875, 8.625], "texture": "#0"},
				"down": {"uv": [8.875, 9.875, 8.75, 10], "texture": "#0"}
			}
		},
		{
			"from": [4.95, 19.25, 0.25],
			"to": [11.05, 20.5, 0.5],
			"rotation": {"angle": 0, "axis": "y", "origin": [0, 3, 0]},
			"faces": {
				"north": {"uv": [9, 0.375, 9.75, 0.5], "texture": "#0"},
				"east": {"uv": [9.875, 8.75, 10, 8.875], "texture": "#0"},
				"south": {"uv": [9, 0.5, 9.75, 0.625], "texture": "#0"},
				"west": {"uv": [8.875, 9.875, 9, 10], "texture": "#0"},
				"up": {"uv": [9.75, 0.75, 9, 0.625], "texture": "#0"},
				"down": {"uv": [9.75, 0.75, 9, 0.875], "texture": "#0"}
			}
		},
		{
			"from": [4.3, 20.5, 0.5],
			"to": [11.7, 21, 1],
			"rotation": {"angle": 0, "axis": "y", "origin": [0, 3, 0]},
			"faces": {
				"north": {"uv": [8.875, 4.5, 9.75, 4.625], "texture": "#0"},
				"east": {"uv": [9.875, 8.875, 10, 9], "texture": "#0"},
				"south": {"uv": [8.875, 4.625, 9.75, 4.75], "texture": "#0"},
				"west": {"uv": [9, 9.875, 9.125, 10], "texture": "#0"},
				"up": {"uv": [9.75, 4.875, 8.875, 4.75], "texture": "#0"},
				"down": {"uv": [9.75, 4.875, 8.875, 5], "texture": "#0"}
			}
		},
		{
			"from": [4.3, 19, 0.5],
			"to": [4.95, 20.5, 1],
			"rotation": {"angle": 0, "axis": "y", "origin": [0, 3, 0]},
			"faces": {
				"north": {"uv": [9.625, 6.125, 9.75, 6.375], "texture": "#0"},
				"east": {"uv": [9.625, 6.375, 9.75, 6.625], "texture": "#0"},
				"south": {"uv": [9.625, 6.625, 9.75, 6.875], "texture": "#0"},
				"west": {"uv": [9.625, 6.875, 9.75, 7.125], "texture": "#0"},
				"up": {"uv": [10, 9.125, 9.875, 9], "texture": "#0"},
				"down": {"uv": [9.25, 9.875, 9.125, 10], "texture": "#0"}
			}
		},
		{
			"from": [11.05, 19, 0.5],
			"to": [11.7, 20.5, 1],
			"rotation": {"angle": 0, "axis": "y", "origin": [0, 3, 0]},
			"faces": {
				"north": {"uv": [9.625, 7.125, 9.75, 7.375], "texture": "#0"},
				"east": {"uv": [9.625, 7.375, 9.75, 7.625], "texture": "#0"},
				"south": {"uv": [9.625, 7.625, 9.75, 7.875], "texture": "#0"},
				"west": {"uv": [9.625, 7.875, 9.75, 8.125], "texture": "#0"},
				"up": {"uv": [10, 9.25, 9.875, 9.125], "texture": "#0"},
				"down": {"uv": [9.375, 9.875, 9.25, 10], "texture": "#0"}
			}
		},
		{
			"from": [4.95, 16.25, 0.25],
			"to": [11.05, 17.5, 0.5],
			"rotation": {"angle": 0, "axis": "y", "origin": [0, 3, 0]},
			"faces": {
				"north": {"uv": [9, 0.875, 9.75, 1], "texture": "#0"},
				"east": {"uv": [9.875, 9.25, 10, 9.375], "texture": "#0"},
				"south": {"uv": [9, 1, 9.75, 1.125], "texture": "#0"},
				"west": {"uv": [9.375, 9.875, 9.5, 10], "texture": "#0"},
				"up": {"uv": [9.75, 1.25, 9, 1.125], "texture": "#0"},
				"down": {"uv": [9.75, 1.25, 9, 1.375], "texture": "#0"}
			}
		},
		{
			"from": [4.3, 17.5, 0.5],
			"to": [11.7, 18, 1],
			"rotation": {"angle": 0, "axis": "y", "origin": [0, 3, 0]},
			"faces": {
				"north": {"uv": [8.875, 5, 9.75, 5.125], "texture": "#0"},
				"east": {"uv": [9.875, 9.375, 10, 9.5], "texture": "#0"},
				"south": {"uv": [8.875, 5.125, 9.75, 5.25], "texture": "#0"},
				"west": {"uv": [9.5, 9.875, 9.625, 10], "texture": "#0"},
				"up": {"uv": [9.75, 5.375, 8.875, 5.25], "texture": "#0"},
				"down": {"uv": [9.75, 5.375, 8.875, 5.5], "texture": "#0"}
			}
		},
		{
			"from": [4.3, 16, 0.5],
			"to": [4.95, 17.5, 1],
			"rotation": {"angle": 0, "axis": "y", "origin": [0, 3, 0]},
			"faces": {
				"north": {"uv": [9.625, 8.125, 9.75, 8.375], "texture": "#0"},
				"east": {"uv": [9.625, 8.375, 9.75, 8.625], "texture": "#0"},
				"south": {"uv": [9.625, 8.625, 9.75, 8.875], "texture": "#0"},
				"west": {"uv": [8.875, 9.625, 9, 9.875], "texture": "#0"},
				"up": {"uv": [10, 9.625, 9.875, 9.5], "texture": "#0"},
				"down": {"uv": [9.75, 9.875, 9.625, 10], "texture": "#0"}
			}
		},
		{
			"from": [11.05, 16, 0.5],
			"to": [11.7, 17.5, 1],
			"rotation": {"angle": 0, "axis": "y", "origin": [0, 3, 0]},
			"faces": {
				"north": {"uv": [9.625, 8.875, 9.75, 9.125], "texture": "#0"},
				"east": {"uv": [9, 9.625, 9.125, 9.875], "texture": "#0"},
				"south": {"uv": [9.625, 9.125, 9.75, 9.375], "texture": "#0"},
				"west": {"uv": [9.625, 9.375, 9.75, 9.625], "texture": "#0"},
				"up": {"uv": [10, 9.75, 9.875, 9.625], "texture": "#0"},
				"down": {"uv": [9.875, 9.875, 9.75, 10], "texture": "#0"}
			}
		},
		{
			"from": [9.95, 7.75, 1],
			"to": [14.75, 25, 2],
			"rotation": {"angle": 0, "axis": "y", "origin": [0, 3, 0]},
			"faces": {
				"north": {"uv": [8.125, 3.5, 8.75, 5.625], "texture": "#0"},
				"east": {"uv": [8.625, 0, 8.75, 2.125], "texture": "#0"},
				"south": {"uv": [8.125, 5.625, 8.75, 7.75], "texture": "#0"},
				"west": {"uv": [8.625, 7.75, 8.75, 9.875], "texture": "#0"},
				"up": {"uv": [6.375, 5.125, 5.75, 5], "texture": "#0"},
				"down": {"uv": [9.75, 5.5, 9.125, 5.625], "texture": "#0"}
			}
		},
		{
			"from": [9.95, -12.25, 1],
			"to": [14.75, 5, 2],
			"rotation": {"angle": 0, "axis": "y", "origin": [0, 3, 0]},
			"faces": {
				"north": {"uv": [6.375, 8.125, 7, 10.25], "texture": "#0"},
				"east": {"uv": [8.75, 0, 8.875, 2.125], "texture": "#0"},
				"south": {"uv": [7, 8.125, 7.625, 10.25], "texture": "#0"},
				"west": {"uv": [8.75, 2.125, 8.875, 4.25], "texture": "#0"},
				"up": {"uv": [9.75, 5.75, 9.125, 5.625], "texture": "#0"},
				"down": {"uv": [9.75, 5.75, 9.125, 5.875], "texture": "#0"}
			}
		},
		{
			"from": [12.7, 5, 1],
			"to": [14.75, 7.75, 2],
			"rotation": {"angle": 0, "axis": "y", "origin": [0, 3, 0]},
			"faces": {
				"north": {"uv": [9, 1.375, 9.25, 1.75], "texture": "#0"},
				"east": {"uv": [8.625, 2.125, 8.75, 2.5], "texture": "#0"},
				"south": {"uv": [8.875, 9, 9.125, 9.375], "texture": "#0"},
				"west": {"uv": [8.625, 2.5, 8.75, 2.875], "texture": "#0"},
				"up": {"uv": [9.375, 7.375, 9.125, 7.25], "texture": "#0"},
				"down": {"uv": [9.5, 1.625, 9.25, 1.75], "texture": "#0"}
			}
		},
		{
			"from": [15, -13, 1],
			"to": [16, 28, 15],
			"rotation": {"angle": 0, "axis": "y", "origin": [0, 3, 15]},
			"faces": {
				"north": {"uv": [8.125, 7.75, 8.25, 12.875], "texture": "#0"},
				"east": {"uv": [4, 0, 5.75, 5.125], "texture": "#0"},
				"south": {"uv": [7.875, 8.125, 8, 13.25], "texture": "#0"},
				"west": {"uv": [0, 5.125, 1.75, 10.25], "texture": "#0"},
				"up": {"uv": [8.875, 6.25, 8.75, 4.5], "texture": "#0"},
				"down": {"uv": [8.875, 6.25, 8.75, 8], "texture": "#0"}
			}
		},
		{
			"from": [0, -13, 1],
			"to": [1, 28, 15],
			"rotation": {"angle": 0, "axis": "y", "origin": [0, 3, 15]},
			"faces": {
				"north": {"uv": [8, 8.125, 8.125, 13.25], "texture": "#0"},
				"east": {"uv": [1.75, 5.125, 3.5, 10.25], "texture": "#0"},
				"south": {"uv": [8.25, 7.75, 8.375, 12.875], "texture": "#0"},
				"west": {"uv": [3.5, 5.125, 5.25, 10.25], "texture": "#0"},
				"up": {"uv": [8.875, 9.75, 8.75, 8], "texture": "#0"},
				"down": {"uv": [9, 0, 8.875, 1.75], "texture": "#0"}
			}
		},
		{
			"from": [1, -13, 1],
			"to": [15, -12, 15],
			"rotation": {"angle": 0, "axis": "y", "origin": [0, 3, 15]},
			"faces": {
				"north": {"uv": [8.875, 1.75, 10.625, 1.875], "texture": "#0"},
				"east": {"uv": [8.875, 1.875, 10.625, 2], "texture": "#0"},
				"south": {"uv": [8.875, 2, 10.625, 2.125], "texture": "#0"},
				"west": {"uv": [8.875, 2.125, 10.625, 2.25], "texture": "#0"},
				"up": {"uv": [8.125, 6.375, 6.375, 4.625], "texture": "#0"},
				"down": {"uv": [8.125, 6.375, 6.375, 8.125], "texture": "#0"}
			}
		},
		{
			"from": [1, 27, 1],
			"to": [15, 28, 15],
			"rotation": {"angle": 0, "axis": "y", "origin": [0, 3, 15]},
			"faces": {
				"north": {"uv": [8.875, 2.25, 10.625, 2.375], "texture": "#0"},
				"east": {"uv": [8.875, 2.375, 10.625, 2.5], "texture": "#0"},
				"south": {"uv": [8.875, 2.5, 10.625, 2.625], "texture": "#0"},
				"west": {"uv": [8.875, 2.625, 10.625, 2.75], "texture": "#0"},
				"up": {"uv": [8.625, 1.75, 6.875, 0], "texture": "#0"},
				"down": {"uv": [8.625, 1.75, 6.875, 3.5], "texture": "#0"}
			}
		},
		{
			"from": [0, -13, 15],
			"to": [16, 28, 16],
			"rotation": {"angle": 0, "axis": "y", "origin": [0, 3, 0]},
			"faces": {
				"north": {"uv": [0, 0, 2, 5.125], "texture": "#0"},
				"east": {"uv": [7.625, 8.125, 7.75, 13.25], "texture": "#0"},
				"south": {"uv": [2, 0, 4, 5.125], "texture": "#0"},
				"west": {"uv": [7.75, 8.125, 7.875, 13.25], "texture": "#0"},
				"up": {"uv": [10.75, 4.375, 8.75, 4.25], "texture": "#0"},
				"down": {"uv": [10.75, 4.375, 8.75, 4.5], "texture": "#0"}
			}
		}
	],
	"display": {
		"thirdperson_righthand": {
			"rotation": [75, 45, 0],
			"translation": [0, 2.5, 0],
			"scale": [0.375, 0.375, 0.375]
		},
		"thirdperson_lefthand": {
			"rotation": [75, 45, 0],
			"translation": [0, 2.5, 0],
			"scale": [0.375, 0.375, 0.375]
		},
		"firstperson_righthand": {
			"rotation": [0, 142, 0],
			"translation": [0, 5.25, 0],
			"scale": [0.29, 0.29, 0.29]
		},
		"firstperson_lefthand": {
			"rotation": [0, 142, 0],
			"translation": [0, 5.25, 0],
			"scale": [0.29, 0.29, 0.29]
		},
		"ground": {
			"translation": [0, 8.5, 0],
			"scale": [0.41, 0.41, 0.41]
		},
		"gui": {
			"rotation": [30, 225, 0],
			"translation": [0, 1, 0],
			"scale": [0.33, 0.33, 0.33]
		},
		"head": {
			"translation": [0, 46.5, 0],
			"scale": [4, 4, 4]
		},
		"fixed": {
			"rotation": [-90, 0, 0],
			"translation": [0, 0, -46],
			"scale": [1.96, 1.96, 1.96]
		}
	},
	"groups": [
		{
			"name": "door",
			"origin": [0, 0, 0],
			"color": 0,
			"children": [
				0,
				1,
				2,
				3,
				4,
				5,
				6,
				7,
				8,
				9,
				10,
				11,
				12,
				13,
				14,
				15,
				16,
				17,
				18,
				19,
				20,
				21,
				22,
				23,
				24,
				25,
				26,
				27,
				28,
				29,
				30,
				31,
				32,
				33,
				34,
				35,
				36,
				37,
				38,
				39,
				40,
				41,
				42,
				43,
				44,
				45,
				46,
				47,
				48,
				49,
				50,
				51,
				52,
				53,
				54,
				55,
				56,
				57
			]
		},
		58,
		59,
		60,
		61,
		62
	]
}