{
	"credit": "Made by Aiden (feignedmars4438 on discord)",
	"textures": {
		"0": "item/furniture/target",
		"particle": "item/furniture/target"
	},
	"elements": [
		{
			"from": [-1.75, -1, 7.8625],
			"to": [17.75, 28, 8.0125],
			"rotation": {"angle": 0, "axis": "y", "origin": [0, 0, 7.8125]},
			"faces": {
				"north": {"uv": [16, 0, 0, 16], "texture": "#0"},
				"east": {"uv": [0, 0, 0.75, 16], "texture": "#0"},
				"south": {"uv": [0, 0, 16, 16], "texture": "#0"},
				"west": {"uv": [0, 0, 0.75, 16], "texture": "#0"},
				"up": {"uv": [0, 0, 16, 0.05769], "texture": "#0"},
				"down": {"uv": [0, 0, 16, 0.30769], "texture": "#0"}
			}
		},
		{
			"from": [-1.74584, 31.87908, 7.8625],
			"to": [8.50416, 32, 8.0125],
			"rotation": {"angle": 22.5, "axis": "z", "origin": [8.25416, 29.97908, 7.9375]},
			"faces": {
				"north": {"uv": [7.30769, 2.76923, 8.5, 3.38462], "texture": "#0"},
				"east": {"uv": [7.30769, 2.76923, 7.57265, 3.38462], "texture": "#0"},
				"south": {"uv": [7.30769, 2.76923, 8.5, 3.38462], "texture": "#0"},
				"west": {"uv": [7.30769, 2.76923, 7.57265, 3.38462], "texture": "#0"},
				"up": {"uv": [7.30769, 2.76923, 8.5, 2.76923], "texture": "#0"},
				"down": {"uv": [7.30769, 2.76923, 8.5, 2.76923], "texture": "#0"}
			}
		},
		{
			"from": [7.71176, 31.82091, 7.8625],
			"to": [8.31176, 31.94184, 8.0125],
			"rotation": {"angle": 0, "axis": "z", "origin": [7.96176, 29.92091, 7.9375]},
			"faces": {
				"north": {"uv": [7.30769, 2.76923, 8.5, 3.38462], "texture": "#0"},
				"east": {"uv": [7.30769, 2.76923, 7.57265, 3.38462], "texture": "#0"},
				"south": {"uv": [7.30769, 2.76923, 8.5, 3.38462], "texture": "#0"},
				"west": {"uv": [7.30769, 2.76923, 7.57265, 3.38462], "texture": "#0"},
				"up": {"uv": [7.30769, 2.76923, 8.5, 2.76923], "texture": "#0"},
				"down": {"uv": [7.30769, 2.76923, 8.5, 2.76923], "texture": "#0"}
			}
		},
		{
			"from": [7.49584, 31.87908, 7.8625],
			"to": [17.74584, 32, 8.0125],
			"rotation": {"angle": -22.5, "axis": "z", "origin": [7.74584, 29.97908, 7.9375]},
			"faces": {
				"north": {"uv": [8.5, 2.76923, 7.30769, 3.38462], "texture": "#0"},
				"east": {"uv": [7.57265, 2.76923, 7.30769, 3.38462], "texture": "#0"},
				"south": {"uv": [8.5, 2.76923, 7.30769, 3.38462], "texture": "#0"},
				"west": {"uv": [7.57265, 2.76923, 7.30769, 3.38462], "texture": "#0"},
				"up": {"uv": [8.5, 2.76923, 7.30769, 2.76923], "texture": "#0"},
				"down": {"uv": [8.5, 2.76923, 7.30769, 2.76923], "texture": "#0"}
			}
		}
	],
	"display": {
		"firstperson_righthand": {
			"scale": [0.52, 0.52, 0.52]
		},
		"firstperson_lefthand": {
			"scale": [0.52, 0.52, 0.52]
		},
		"head": {
			"rotation": [0, 180, 0],
			"translation": [0, -29.25, 0.25],
			"scale": [1.83, 1.83, 1.83]
		}
	}
}