{
	"credit": "designed_by_yom_with_cubik_studio_-_https://cubik.studio",
	"textures": {
		"0": "item/guns/pistol/usp/lightgrey",
		"1": "item/guns/pistol/usp/gray2",
		"particle": "item/guns/pistol/usp/lightgrey"
	},
	"elements": [
		{
			"name": "element",
			"from": [7.7929, 7.65, 8.47],
			"to": [8.20712, 8.65, 10.97],
			"rotation": {"angle": 45, "axis": "z", "origin": [8, 8.15, 9.22]},
			"faces": {
				"north": {"uv": [10, 0, 12.999, 1.999], "texture": "#0"},
				"east": {"uv": [10, 0, 12.999, 1.999], "texture": "#0"},
				"south": {"uv": [10, 0, 12.999, 1.999], "texture": "#0"},
				"west": {"uv": [10, 0, 12.999, 1.999], "texture": "#0"},
				"up": {"uv": [10, 0, 12.999, 1.999], "texture": "#0"},
				"down": {"uv": [10, 0, 12.999, 1.999], "texture": "#0"}
			}
		},
		{
			"name": "element",
			"from": [7.7929, 7.65, 8.47],
			"to": [8.20712, 8.65, 10.97],
			"faces": {
				"north": {"uv": [10, 0, 12.999, 1.999], "texture": "#0"},
				"east": {"uv": [10, 0, 12.999, 1.999], "texture": "#0"},
				"south": {"uv": [10, 0, 12.999, 1.999], "texture": "#0"},
				"west": {"uv": [10, 0, 12.999, 1.999], "texture": "#0"},
				"up": {"uv": [10, 0, 12.999, 1.999], "texture": "#0"},
				"down": {"uv": [10, 0, 12.999, 1.999], "texture": "#0"}
			}
		},
		{
			"name": "element",
			"from": [7.7929, 6.94, 10.53],
			"to": [8.20712, 7.94, 11.03],
			"rotation": {"angle": -22.5, "axis": "x", "origin": [8, 8.15, 9.22]},
			"faces": {
				"north": {"uv": [10, 0, 12.999, 1.999], "texture": "#0"},
				"east": {"uv": [10, 0, 12.999, 1.999], "texture": "#0"},
				"south": {"uv": [10, 0, 12.999, 1.999], "texture": "#0"},
				"west": {"uv": [10, 0, 12.999, 1.999], "texture": "#0"},
				"up": {"uv": [10, 0, 12.999, 1.999], "texture": "#0"},
				"down": {"uv": [10, 0, 12.999, 1.999], "texture": "#0"}
			}
		},
		{
			"name": "element",
			"from": [7.825, 6.94, 10.53],
			"to": [8.175, 7.84, 11.05],
			"rotation": {"angle": -22.5, "axis": "x", "origin": [8.03211, 8.15, 9.22]},
			"faces": {
				"north": {"uv": [10, 0, 12.999, 1.999], "texture": "#0"},
				"east": {"uv": [10, 0, 12.999, 1.999], "texture": "#0"},
				"south": {"uv": [0, 0, 4, 4], "texture": "#1"},
				"west": {"uv": [10, 0, 12.999, 1.999], "texture": "#0"},
				"up": {"uv": [10, 0, 12.999, 1.999], "texture": "#0"},
				"down": {"uv": [10, 0, 12.999, 1.999], "texture": "#0"}
			}
		},
		{
			"name": "element",
			"from": [7.5, 7.9429, 8.47],
			"to": [8.5, 8.35712, 10.97],
			"rotation": {"angle": 45, "axis": "z", "origin": [8, 8.15, 9.22]},
			"faces": {
				"north": {"uv": [10, 0, 12.999, 1.999], "texture": "#0"},
				"east": {"uv": [10, 0, 12.999, 1.999], "texture": "#0"},
				"south": {"uv": [10, 0, 12.999, 1.999], "texture": "#0"},
				"west": {"uv": [10, 0, 12.999, 1.999], "texture": "#0"},
				"up": {"uv": [10, 0, 12.999, 1.999], "texture": "#0"},
				"down": {"uv": [10, 0, 12.999, 1.999], "texture": "#0"}
			}
		},
		{
			"name": "element",
			"from": [7.5, 7.9429, 8.47],
			"to": [8.5, 8.35712, 10.97],
			"faces": {
				"north": {"uv": [10, 0, 12.999, 1.999], "texture": "#0"},
				"east": {"uv": [10, 0, 12.999, 1.999], "texture": "#0"},
				"south": {"uv": [10, 0, 12.999, 1.999], "texture": "#0"},
				"west": {"uv": [10, 0, 12.999, 1.999], "texture": "#0"},
				"up": {"uv": [10, 0, 12.999, 1.999], "texture": "#0"},
				"down": {"uv": [10, 0, 12.999, 1.999], "texture": "#0"}
			}
		},
		{
			"name": "element",
			"from": [7.5, 8.19, 8.47],
			"to": [8.5, 8.34, 11.1],
			"faces": {
				"north": {"uv": [10, 0, 12.999, 1.999], "texture": "#0"},
				"east": {"uv": [10, 0, 12.999, 1.999], "texture": "#0"},
				"south": {"uv": [10, 0, 12.999, 1.999], "texture": "#0"},
				"west": {"uv": [10, 0, 12.999, 1.999], "texture": "#0"},
				"up": {"uv": [10, 0, 12.999, 1.999], "texture": "#0"},
				"down": {"uv": [10, 0, 12.999, 1.999], "texture": "#0"}
			}
		},
		{
			"name": "element",
			"from": [7.5, 7.6929, 6.97],
			"to": [8.5, 8.10712, 10.97],
			"faces": {
				"north": {"uv": [10, 0, 12.999, 1.999], "texture": "#0"},
				"east": {"uv": [10, 0, 12.999, 1.999], "texture": "#0"},
				"south": {"uv": [10, 0, 12.999, 1.999], "texture": "#0"},
				"west": {"uv": [10, 0, 12.999, 1.999], "texture": "#0"},
				"up": {"uv": [10, 0, 12.999, 1.999], "texture": "#0"},
				"down": {"uv": [10, 0, 12.999, 1.999], "texture": "#0"}
			}
		},
		{
			"name": "element",
			"from": [7.5, 7.4429, 8.47],
			"to": [8.5, 8.10712, 10.97],
			"faces": {
				"north": {"uv": [10, 0, 12.999, 1.999], "texture": "#0"},
				"east": {"uv": [10, 0, 12.999, 1.999], "texture": "#0"},
				"south": {"uv": [10, 0, 12.999, 1.999], "texture": "#0"},
				"west": {"uv": [10, 0, 12.999, 1.999], "texture": "#0"},
				"up": {"uv": [10, 0, 12.999, 1.999], "texture": "#0"},
				"down": {"uv": [10, 0, 12.999, 1.999], "texture": "#0"}
			}
		},
		{
			"name": "element",
			"from": [7.475, 7.4429, 9.9],
			"to": [8.525, 8.2229, 10],
			"faces": {
				"north": {"uv": [10, 0, 12.999, 1.999], "texture": "#0"},
				"east": {"uv": [10, 0, 12.999, 1.999], "texture": "#0"},
				"south": {"uv": [10, 0, 12.999, 1.999], "texture": "#0"},
				"west": {"uv": [10, 0, 12.999, 1.999], "texture": "#0"},
				"up": {"uv": [10, 0, 12.999, 1.999], "texture": "#0"},
				"down": {"uv": [10, 0, 12.999, 1.999], "texture": "#0"}
			}
		},
		{
			"name": "element",
			"from": [7.475, 7.4429, 9.4],
			"to": [8.525, 8.2229, 9.5],
			"faces": {
				"north": {"uv": [10, 0, 12.999, 1.999], "texture": "#0"},
				"east": {"uv": [10, 0, 12.999, 1.999], "texture": "#0"},
				"south": {"uv": [10, 0, 12.999, 1.999], "texture": "#0"},
				"west": {"uv": [10, 0, 12.999, 1.999], "texture": "#0"},
				"up": {"uv": [10, 0, 12.999, 1.999], "texture": "#0"},
				"down": {"uv": [10, 0, 12.999, 1.999], "texture": "#0"}
			}
		},
		{
			"name": "element",
			"from": [7.475, 7.4429, 10.4],
			"to": [8.525, 8.2229, 10.5],
			"faces": {
				"north": {"uv": [10, 0, 12.999, 1.999], "texture": "#0"},
				"east": {"uv": [10, 0, 12.999, 1.999], "texture": "#0"},
				"south": {"uv": [10, 0, 12.999, 1.999], "texture": "#0"},
				"west": {"uv": [10, 0, 12.999, 1.999], "texture": "#0"},
				"up": {"uv": [10, 0, 12.999, 1.999], "texture": "#0"},
				"down": {"uv": [10, 0, 12.999, 1.999], "texture": "#0"}
			}
		},
		{
			"name": "element",
			"from": [7.475, 7.4429, 10.15],
			"to": [8.525, 8.2229, 10.25],
			"faces": {
				"north": {"uv": [10, 0, 12.999, 1.999], "texture": "#0"},
				"east": {"uv": [10, 0, 12.999, 1.999], "texture": "#0"},
				"south": {"uv": [10, 0, 12.999, 1.999], "texture": "#0"},
				"west": {"uv": [10, 0, 12.999, 1.999], "texture": "#0"},
				"up": {"uv": [10, 0, 12.999, 1.999], "texture": "#0"},
				"down": {"uv": [10, 0, 12.999, 1.999], "texture": "#0"}
			}
		},
		{
			"name": "element",
			"from": [7.475, 7.4429, 9.65],
			"to": [8.525, 8.2229, 9.75],
			"faces": {
				"north": {"uv": [10, 0, 12.999, 1.999], "texture": "#0"},
				"east": {"uv": [10, 0, 12.999, 1.999], "texture": "#0"},
				"south": {"uv": [10, 0, 12.999, 1.999], "texture": "#0"},
				"west": {"uv": [10, 0, 12.999, 1.999], "texture": "#0"},
				"up": {"uv": [10, 0, 12.999, 1.999], "texture": "#0"},
				"down": {"uv": [10, 0, 12.999, 1.999], "texture": "#0"}
			}
		},
		{
			"name": "element",
			"from": [7.475, 7.4429, 10.65],
			"to": [8.525, 8.2229, 10.75],
			"faces": {
				"north": {"uv": [10, 0, 12.999, 1.999], "texture": "#0"},
				"east": {"uv": [10, 0, 12.999, 1.999], "texture": "#0"},
				"south": {"uv": [10, 0, 12.999, 1.999], "texture": "#0"},
				"west": {"uv": [10, 0, 12.999, 1.999], "texture": "#0"},
				"up": {"uv": [10, 0, 12.999, 1.999], "texture": "#0"},
				"down": {"uv": [10, 0, 12.999, 1.999], "texture": "#0"}
			}
		},
		{
			"name": "element",
			"from": [7.5, 7.4429, 8.47],
			"to": [8.5, 7.7229, 11.356],
			"faces": {
				"north": {"uv": [10, 0, 12.999, 1.999], "texture": "#0"},
				"east": {"uv": [10, 0, 12.999, 1.999], "texture": "#0"},
				"south": {"uv": [10, 0, 12.999, 1.999], "texture": "#0"},
				"west": {"uv": [10, 0, 12.999, 1.999], "texture": "#0"},
				"up": {"uv": [10, 0, 12.999, 1.999], "texture": "#0"},
				"down": {"uv": [10, 0, 12.999, 1.999], "texture": "#0"}
			}
		},
		{
			"name": "element",
			"from": [7.5, 7.79, 8.243],
			"to": [8.5, 8.07, 9.129],
			"rotation": {"angle": -22.5, "axis": "x", "origin": [8, 8.15, 9.22]},
			"faces": {
				"north": {"uv": [10, 0, 12.999, 1.999], "texture": "#0"},
				"east": {"uv": [10, 0, 12.999, 1.999], "texture": "#0"},
				"south": {"uv": [10, 0, 12.999, 1.999], "texture": "#0"},
				"west": {"uv": [10, 0, 12.999, 1.999], "texture": "#0"},
				"up": {"uv": [10, 0, 12.999, 1.999], "texture": "#0"},
				"down": {"uv": [10, 0, 12.999, 1.999], "texture": "#0"}
			}
		},
		{
			"name": "element",
			"from": [7.5, 7.32, 8.05],
			"to": [8.5, 7.456, 8.83],
			"rotation": {"angle": 22.5, "axis": "x", "origin": [8, 8.15, 9.22]},
			"faces": {
				"north": {"uv": [10, 0, 12.999, 1.999], "texture": "#0"},
				"east": {"uv": [10, 0, 12.999, 1.999], "texture": "#0"},
				"south": {"uv": [10, 0, 12.999, 1.999], "texture": "#0"},
				"west": {"uv": [0, 0, 16, 16], "texture": "#0"},
				"up": {"uv": [10, 0, 12.999, 1.999], "texture": "#0"},
				"down": {"uv": [10, 0, 12.999, 1.999], "texture": "#0"}
			}
		},
		{
			"name": "element",
			"from": [7.5, 6.9429, 10.47],
			"to": [8.5, 7.60712, 11.0287],
			"rotation": {"angle": -22.5, "axis": "x", "origin": [8, 8.15, 9.22]},
			"faces": {
				"north": {"uv": [10, 0, 12.999, 1.999], "texture": "#0"},
				"east": {"uv": [10, 0, 12.999, 1.999], "texture": "#0"},
				"south": {"uv": [10, 0, 12.999, 1.999], "texture": "#0"},
				"west": {"uv": [10, 0, 12.999, 1.999], "texture": "#0"},
				"up": {"uv": [10, 0, 12.999, 1.999], "texture": "#0"},
				"down": {"uv": [10, 0, 12.999, 1.999], "texture": "#0"}
			}
		},
		{
			"name": "element",
			"from": [7.7929, 7.65, 4.92],
			"to": [8.20712, 8.65, 7.47],
			"rotation": {"angle": 45, "axis": "z", "origin": [8, 8.15, 9.22]},
			"faces": {
				"north": {"uv": [10, 0, 12.999, 1.999], "texture": "#0"},
				"east": {"uv": [10, 0, 12.999, 1.999], "texture": "#0"},
				"south": {"uv": [10, 0, 12.999, 1.999], "texture": "#0"},
				"west": {"uv": [10, 0, 12.999, 1.999], "texture": "#0"},
				"up": {"uv": [10, 0, 12.999, 1.999], "texture": "#0"},
				"down": {"uv": [10, 0, 12.999, 1.999], "texture": "#0"}
			}
		},
		{
			"name": "element",
			"from": [7.7929, 7.65, 4.945],
			"to": [8.20712, 8.65, 7.47],
			"faces": {
				"north": {"uv": [10, 0, 12.999, 1.999], "texture": "#0"},
				"east": {"uv": [10, 0, 12.999, 1.999], "texture": "#0"},
				"south": {"uv": [10, 0, 12.999, 1.999], "texture": "#0"},
				"west": {"uv": [10, 0, 12.999, 1.999], "texture": "#0"},
				"up": {"uv": [10, 0, 12.999, 1.999], "texture": "#0"},
				"down": {"uv": [10, 0, 12.999, 1.999], "texture": "#0"}
			}
		},
		{
			"name": "element",
			"from": [7.5, 7.9429, 4.92],
			"to": [8.5, 8.35712, 7.47],
			"rotation": {"angle": 45, "axis": "z", "origin": [8, 8.15, 9.22]},
			"faces": {
				"north": {"uv": [10, 0, 12.999, 1.999], "texture": "#0"},
				"east": {"uv": [10, 0, 12.999, 1.999], "texture": "#0"},
				"south": {"uv": [10, 0, 12.999, 1.999], "texture": "#0"},
				"west": {"uv": [10, 0, 12.999, 1.999], "texture": "#0"},
				"up": {"uv": [10, 0, 12.999, 1.999], "texture": "#0"},
				"down": {"uv": [10, 0, 12.999, 1.999], "texture": "#0"}
			}
		},
		{
			"name": "element",
			"from": [7.5, 7.6929, 4.92],
			"to": [8.5, 8.35712, 7.47],
			"faces": {
				"north": {"uv": [10, 0, 12.999, 1.999], "texture": "#0"},
				"east": {"uv": [10, 0, 12.999, 1.999], "texture": "#0"},
				"south": {"uv": [10, 0, 12.999, 1.999], "texture": "#0"},
				"west": {"uv": [10, 0, 12.999, 1.999], "texture": "#0"},
				"up": {"uv": [10, 0, 12.999, 1.999], "texture": "#0"},
				"down": {"uv": [10, 0, 12.999, 1.999], "texture": "#0"}
			}
		},
		{
			"name": "element",
			"from": [7.55, 7.4429, 4.92],
			"to": [8.45, 8.35712, 10.97],
			"faces": {
				"north": {"uv": [10, 0, 12.999, 1.999], "texture": "#0"},
				"east": {"uv": [10, 0, 12.999, 1.999], "texture": "#0"},
				"south": {"uv": [10, 0, 12.999, 1.999], "texture": "#0"},
				"west": {"uv": [10, 0, 12.999, 1.999], "texture": "#0"},
				"up": {"uv": [10, 0, 12.999, 1.999], "texture": "#0"},
				"down": {"uv": [10, 0, 12.999, 1.999], "texture": "#0"}
			}
		},
		{
			"name": "element",
			"from": [7.67, 7.324, 4.97],
			"to": [8.33, 7.48821, 11.08],
			"faces": {
				"north": {"uv": [0, 0, 4, 4], "texture": "#1"},
				"east": {"uv": [0, 0, 4, 4], "texture": "#1"},
				"south": {"uv": [0, 0, 4, 4], "texture": "#1"},
				"west": {"uv": [0, 0, 4, 4], "texture": "#1"},
				"up": {"uv": [0, 0, 4, 4], "texture": "#1"},
				"down": {"uv": [0, 0, 4, 4], "texture": "#1"}
			}
		},
		{
			"name": "element",
			"from": [7.65, 7.15, 9.22],
			"to": [8.35, 7.56421, 11.33],
			"faces": {
				"north": {"uv": [0, 0, 4, 4], "texture": "#1"},
				"east": {"uv": [0, 0, 4, 4], "texture": "#1"},
				"south": {"uv": [0, 0, 4, 4], "texture": "#1"},
				"west": {"uv": [0, 0, 4, 4], "texture": "#1"},
				"up": {"uv": [0, 0, 4, 4], "texture": "#1"},
				"down": {"uv": [0, 0, 4, 4], "texture": "#1"}
			}
		},
		{
			"name": "element",
			"from": [7.725, 7.15, 5.095],
			"to": [8.275, 7.56421, 9.33],
			"faces": {
				"north": {"uv": [0, 0, 16, 16], "texture": "#1"},
				"east": {"uv": [0, 0, 16, 16], "texture": "#1"},
				"south": {"uv": [0, 0, 16, 16], "texture": "#1"},
				"west": {"uv": [0, 0, 16, 16], "texture": "#1"},
				"up": {"uv": [0, 0, 16, 16], "texture": "#1"},
				"down": {"uv": [0, 0, 16, 16], "texture": "#1"}
			}
		},
		{
			"name": "element",
			"from": [7.8, 7.08, 5.095],
			"to": [8.2, 7.49421, 9.33],
			"faces": {
				"north": {"uv": [0, 0, 4, 4], "texture": "#1"},
				"east": {"uv": [0, 0, 4, 4], "texture": "#1"},
				"south": {"uv": [0, 0, 4, 4], "texture": "#1"},
				"west": {"uv": [0, 0, 4, 4], "texture": "#1"},
				"up": {"uv": [0, 0, 4, 4], "texture": "#1"},
				"down": {"uv": [0, 0, 4, 4], "texture": "#1"}
			}
		},
		{
			"name": "element",
			"from": [7.8, 6.33, 8.17],
			"to": [8.2, 7.24421, 8.32],
			"faces": {
				"north": {"uv": [0, 0, 4, 4], "texture": "#1"},
				"east": {"uv": [0, 0, 4, 4], "texture": "#1"},
				"south": {"uv": [0, 0, 4, 4], "texture": "#1"},
				"west": {"uv": [0, 0, 4, 4], "texture": "#1"},
				"up": {"uv": [0, 0, 4, 4], "texture": "#1"},
				"down": {"uv": [0, 0, 4, 4], "texture": "#1"}
			}
		},
		{
			"name": "element",
			"from": [7.875, 6.65, 8.97],
			"to": [8.125, 7.56421, 10.37],
			"faces": {
				"north": {"uv": [0, 0, 4, 4], "texture": "#1"},
				"east": {"uv": [0, 0, 4, 4], "texture": "#1"},
				"south": {"uv": [0, 0, 4, 4], "texture": "#1"},
				"west": {"uv": [0, 0, 4, 4], "texture": "#1"},
				"up": {"uv": [0, 0, 4, 4], "texture": "#1"},
				"down": {"uv": [0, 0, 4, 4], "texture": "#1"}
			}
		},
		{
			"name": "element",
			"from": [7.875, 6.4, 9.47],
			"to": [8.125, 7.31421, 9.62],
			"rotation": {"angle": 22.5, "axis": "x", "origin": [8.125, 8.15, 9.22]},
			"faces": {
				"north": {"uv": [0, 0, 4, 4], "texture": "#1"},
				"east": {"uv": [0, 0, 4, 4], "texture": "#1"},
				"south": {"uv": [0, 0, 4, 4], "texture": "#1"},
				"west": {"uv": [0, 0, 4, 4], "texture": "#1"},
				"up": {"uv": [0, 0, 4, 4], "texture": "#1"},
				"down": {"uv": [0, 0, 4, 4], "texture": "#1"}
			}
		},
		{
			"name": "element",
			"from": [7.8, 6.18, 8.137],
			"to": [8.2, 6.33, 9.80121],
			"faces": {
				"north": {"uv": [0, 0, 4, 4], "rotation": 180, "texture": "#1"},
				"east": {"uv": [0, 0, 4, 4], "rotation": 90, "texture": "#1"},
				"south": {"uv": [0, 0, 4, 4], "texture": "#1"},
				"west": {"uv": [0, 0, 4, 4], "rotation": 270, "texture": "#1"},
				"up": {"uv": [0, 0, 4, 4], "texture": "#1"},
				"down": {"uv": [0, 0, 4, 4], "rotation": 180, "texture": "#1"}
			}
		},
		{
			"name": "element",
			"from": [7.8, 7.51, 7.09],
			"to": [8.2, 7.66, 7.25421],
			"rotation": {"angle": -45, "axis": "x", "origin": [8.05, 8.15, 9.22]},
			"faces": {
				"north": {"uv": [0, 0, 4, 4], "rotation": 180, "texture": "#1"},
				"east": {"uv": [0, 0, 4, 4], "rotation": 90, "texture": "#1"},
				"south": {"uv": [0, 0, 4, 4], "texture": "#1"},
				"west": {"uv": [0, 0, 4, 4], "rotation": 270, "texture": "#1"},
				"up": {"uv": [0, 0, 4, 4], "texture": "#1"},
				"down": {"uv": [0, 0, 4, 4], "rotation": 180, "texture": "#1"}
			}
		},
		{
			"name": "element",
			"from": [8.505, 7.267, 5.095],
			"to": [8.605, 7.68121, 9.33],
			"rotation": {"angle": -45, "axis": "z", "origin": [7.975, 8.15, 9.22]},
			"faces": {
				"north": {"uv": [0, 0, 4, 4], "texture": "#1"},
				"east": {"uv": [0, 0, 4, 4], "texture": "#1"},
				"south": {"uv": [0, 0, 4, 4], "texture": "#1"},
				"west": {"uv": [0, 0, 4, 4], "texture": "#1"},
				"up": {"uv": [0, 0, 4, 4], "texture": "#1"},
				"down": {"uv": [0, 0, 4, 4], "texture": "#1"}
			}
		},
		{
			"name": "element",
			"from": [7.395, 7.267, 5.095],
			"to": [7.495, 7.68121, 9.33],
			"rotation": {"angle": 45, "axis": "z", "origin": [8.025, 8.15, 9.22]},
			"faces": {
				"north": {"uv": [0, 0, 4, 4], "texture": "#1"},
				"east": {"uv": [0, 0, 4, 4], "texture": "#1"},
				"south": {"uv": [0, 0, 4, 4], "texture": "#1"},
				"west": {"uv": [0, 0, 4, 4], "texture": "#1"},
				"up": {"uv": [0, 0, 4, 4], "texture": "#1"},
				"down": {"uv": [0, 0, 4, 4], "texture": "#1"}
			}
		},
		{
			"name": "element",
			"from": [7.65, 6.42, 9.67],
			"to": [8.35, 7.33421, 10.78],
			"rotation": {"angle": -22.5, "axis": "x", "origin": [7.9, 8.15, 9.22]},
			"faces": {
				"north": {"uv": [0, 0, 4, 4], "texture": "#1"},
				"east": {"uv": [0, 0, 4, 4], "texture": "#1"},
				"south": {"uv": [0, 0, 4, 4], "texture": "#1"},
				"west": {"uv": [0, 0, 4, 4], "texture": "#1"},
				"up": {"uv": [0, 0, 4, 4], "texture": "#1"},
				"down": {"uv": [0, 0, 4, 4], "texture": "#1"}
			}
		},
		{
			"name": "element",
			"from": [7.65, 4.17, 8.92],
			"to": [8.35, 7.33421, 10.03],
			"rotation": {"angle": -22.5, "axis": "x", "origin": [7.9, 8.15, 9.22]},
			"faces": {
				"north": {"uv": [0, 0, 4, 4], "texture": "#1"},
				"east": {"uv": [0, 0, 4, 4], "texture": "#1"},
				"south": {"uv": [0, 0, 4, 4], "texture": "#1"},
				"west": {"uv": [0, 0, 4, 4], "texture": "#1"},
				"up": {"uv": [0, 0, 4, 4], "texture": "#1"},
				"down": {"uv": [0, 0, 4, 4], "texture": "#1"}
			}
		},
		{
			"name": "element",
			"from": [7.65, 4.17, 8.92],
			"to": [8.35, 5.77, 10.13],
			"rotation": {"angle": -22.5, "axis": "x", "origin": [7.9, 8.15, 9.22]},
			"faces": {
				"north": {"uv": [0, 0, 4, 4], "texture": "#1"},
				"east": {"uv": [0, 0, 4, 4], "texture": "#1"},
				"south": {"uv": [0, 0, 4, 4], "texture": "#1"},
				"west": {"uv": [0, 0, 4, 4], "texture": "#1"},
				"up": {"uv": [0, 0, 4, 4], "texture": "#1"},
				"down": {"uv": [0, 0, 4, 4], "texture": "#1"}
			}
		},
		{
			"name": "element",
			"from": [7.7, 3.67, 8.92],
			"to": [8.3, 5.02, 10.04],
			"rotation": {"angle": -22.5, "axis": "x", "origin": [7.95, 8.15, 9.22]},
			"faces": {
				"north": {"uv": [9, 3, 10, 3.999], "texture": "#1"},
				"east": {"uv": [9, 3, 10, 3.999], "texture": "#1"},
				"south": {"uv": [9, 3, 10, 3.999], "texture": "#1"},
				"west": {"uv": [9, 3, 10, 3.999], "texture": "#1"},
				"up": {"uv": [9, 3, 10, 3.999], "texture": "#1"},
				"down": {"uv": [9, 3, 10, 3.999], "texture": "#1"}
			}
		},
		{
			"name": "element",
			"from": [7.7, 3.67, 10.06],
			"to": [8.3, 4.335, 11.68],
			"faces": {
				"north": {"uv": [9, 3, 10, 3.999], "texture": "#1"},
				"east": {"uv": [9, 3, 10, 3.999], "texture": "#1"},
				"south": {"uv": [9, 3, 10, 3.999], "texture": "#1"},
				"west": {"uv": [9, 3, 10, 3.999], "texture": "#1"},
				"up": {"uv": [9, 3, 10, 3.999], "texture": "#1"},
				"down": {"uv": [9, 3, 10, 3.999], "texture": "#1"}
			}
		},
		{
			"name": "element",
			"from": [7.65, 4.17, 8.42],
			"to": [8.35, 4.58421, 10.03],
			"rotation": {"angle": -22.5, "axis": "x", "origin": [7.9, 8.15, 9.22]},
			"faces": {
				"north": {"uv": [0, 0, 4, 4], "texture": "#1"},
				"east": {"uv": [0, 0, 4, 4], "texture": "#1"},
				"south": {"uv": [0, 0, 4, 4], "texture": "#1"},
				"west": {"uv": [0, 0, 4, 4], "texture": "#1"},
				"up": {"uv": [0, 0, 4, 4], "texture": "#1"},
				"down": {"uv": [0, 0, 4, 4], "texture": "#1"}
			}
		},
		{
			"name": "element",
			"from": [7.65, 5.92, 10.42],
			"to": [8.35, 8.08421, 10.78],
			"faces": {
				"north": {"uv": [0, 0, 4, 4], "texture": "#1"},
				"east": {"uv": [0, 0, 4, 4], "texture": "#1"},
				"south": {"uv": [0, 0, 4, 4], "texture": "#1"},
				"west": {"uv": [0, 0, 4, 4], "texture": "#1"},
				"up": {"uv": [0, 0, 4, 4], "texture": "#1"},
				"down": {"uv": [0, 0, 4, 4], "texture": "#1"}
			}
		},
		{
			"name": "element",
			"from": [7.65, 4.42, 10.1],
			"to": [8.35, 6.58421, 10.46],
			"faces": {
				"north": {"uv": [0, 0, 4, 4], "texture": "#1"},
				"east": {"uv": [0, 0, 4, 4], "texture": "#1"},
				"south": {"uv": [0, 0, 4, 4], "texture": "#1"},
				"west": {"uv": [0, 0, 4, 4], "texture": "#1"},
				"up": {"uv": [0, 0, 4, 4], "texture": "#1"},
				"down": {"uv": [0, 0, 4, 4], "texture": "#1"}
			}
		},
		{
			"name": "element",
			"from": [7.65, 4.8, 7.14],
			"to": [8.35, 5.16, 8.05421],
			"rotation": {"angle": -45, "axis": "x", "origin": [7.9, 8.15, 9.22]},
			"faces": {
				"north": {"uv": [0, 0, 4, 4], "rotation": 180, "texture": "#1"},
				"east": {"uv": [0, 0, 4, 4], "rotation": 270, "texture": "#1"},
				"south": {"uv": [0, 0, 4, 4], "texture": "#1"},
				"west": {"uv": [0, 0, 4, 4], "rotation": 90, "texture": "#1"},
				"up": {"uv": [0, 0, 4, 4], "rotation": 180, "texture": "#1"},
				"down": {"uv": [0, 0, 4, 4], "texture": "#1"}
			}
		},
		{
			"name": "element",
			"from": [7.65, 7.42, 10.92],
			"to": [8.35, 8.83421, 11.28],
			"rotation": {"angle": 45, "axis": "x", "origin": [7.9, 8.15, 9.22]},
			"faces": {
				"north": {"uv": [0, 0, 4, 4], "texture": "#1"},
				"east": {"uv": [0, 0, 4, 4], "texture": "#1"},
				"south": {"uv": [0, 0, 4, 4], "texture": "#1"},
				"west": {"uv": [0, 0, 4, 4], "texture": "#1"},
				"up": {"uv": [0, 0, 4, 4], "texture": "#1"},
				"down": {"uv": [0, 0, 4, 4], "texture": "#1"}
			}
		},
		{
			"name": "element",
			"from": [7.65, 6.756, 10.49],
			"to": [8.35, 7.116, 11.54],
			"rotation": {"angle": 22.5, "axis": "x", "origin": [7.9, 8.15, 9.22]},
			"faces": {
				"north": {"uv": [0, 0, 4, 4], "rotation": 180, "texture": "#1"},
				"east": {"uv": [0, 0, 4, 4], "rotation": 270, "texture": "#1"},
				"south": {"uv": [0, 0, 4, 4], "texture": "#1"},
				"west": {"uv": [0, 0, 4, 4], "rotation": 90, "texture": "#1"},
				"up": {"uv": [0, 0, 4, 4], "rotation": 180, "texture": "#1"},
				"down": {"uv": [0, 0, 4, 4], "texture": "#1"}
			}
		},
		{
			"name": "element",
			"from": [7.65, 7.15, 8.22],
			"to": [8.35, 7.2, 9.08],
			"faces": {
				"north": {"uv": [11, 2, 11.999, 2.999], "texture": "#1"},
				"east": {"uv": [11, 2, 11.999, 2.999], "texture": "#1"},
				"south": {"uv": [11, 2, 11.999, 2.999], "texture": "#1"},
				"west": {"uv": [11, 2, 11.999, 2.999], "texture": "#1"},
				"up": {"uv": [11, 2, 11.999, 2.999], "texture": "#1"},
				"down": {"uv": [11, 2, 11.999, 2.999], "texture": "#1"}
			}
		},
		{
			"name": "element",
			"from": [7.675, 7.15, 8.22],
			"to": [8.325, 7.25, 9.08],
			"faces": {
				"north": {"uv": [11, 2, 11.999, 2.999], "texture": "#1"},
				"east": {"uv": [11, 2, 11.999, 2.999], "texture": "#1"},
				"south": {"uv": [11, 2, 11.999, 2.999], "texture": "#1"},
				"west": {"uv": [11, 2, 11.999, 2.999], "texture": "#1"},
				"up": {"uv": [11, 2, 11.999, 2.999], "texture": "#1"},
				"down": {"uv": [11, 2, 11.999, 2.999], "texture": "#1"}
			}
		},
		{
			"name": "element",
			"from": [7.7, 7.15, 8.22],
			"to": [8.3, 7.3, 9.08],
			"faces": {
				"north": {"uv": [11, 2, 11.999, 2.999], "texture": "#1"},
				"east": {"uv": [11, 2, 11.999, 2.999], "texture": "#1"},
				"south": {"uv": [11, 2, 11.999, 2.999], "texture": "#1"},
				"west": {"uv": [11, 2, 11.999, 2.999], "texture": "#1"},
				"up": {"uv": [11, 2, 11.999, 2.999], "texture": "#1"},
				"down": {"uv": [11, 2, 11.999, 2.999], "texture": "#1"}
			}
		},
		{
			"name": "element",
			"from": [7.715, 7.15, 7.47],
			"to": [8.285, 7.3, 8.33],
			"faces": {
				"north": {"uv": [11, 2, 11.999, 2.999], "texture": "#1"},
				"east": {"uv": [11, 2, 11.999, 2.999], "texture": "#1"},
				"south": {"uv": [11, 2, 11.999, 2.999], "texture": "#1"},
				"west": {"uv": [11, 2, 11.999, 2.999], "texture": "#1"},
				"up": {"uv": [11, 2, 11.999, 2.999], "texture": "#1"},
				"down": {"uv": [11, 2, 11.999, 2.999], "texture": "#1"}
			}
		},
		{
			"name": "element",
			"from": [7.16, 7.75, 4.97],
			"to": [7.56, 7.91421, 11.33],
			"rotation": {"angle": 45, "axis": "z", "origin": [7.925, 8.15, 9.22]},
			"faces": {
				"north": {"uv": [0, 0, 4, 4], "texture": "#1"},
				"east": {"uv": [0, 0, 4, 4], "texture": "#1"},
				"south": {"uv": [0, 0, 4, 4], "texture": "#1"},
				"west": {"uv": [0, 0, 4, 4], "texture": "#1"},
				"up": {"uv": [0, 0, 4, 4], "texture": "#1"},
				"down": {"uv": [0, 0, 4, 4], "texture": "#1"}
			}
		},
		{
			"name": "element",
			"from": [8.44, 7.75, 4.97],
			"to": [8.84, 7.91421, 11.33],
			"rotation": {"angle": -45, "axis": "z", "origin": [8.075, 8.15, 9.22]},
			"faces": {
				"north": {"uv": [0, 0, 4, 4], "texture": "#1"},
				"east": {"uv": [0, 0, 4, 4], "texture": "#1"},
				"south": {"uv": [0, 0, 4, 4], "texture": "#1"},
				"west": {"uv": [0, 0, 4, 4], "texture": "#1"},
				"up": {"uv": [0, 0, 4, 4], "texture": "#1"},
				"down": {"uv": [0, 0, 4, 4], "texture": "#1"}
			}
		},
		{
			"name": "element",
			"from": [7.8032, 7.675, 7.22],
			"to": [8.1967, 8.625, 8.72],
			"rotation": {"angle": 45, "axis": "z", "origin": [8, 8.15, 7.72]},
			"faces": {
				"north": {"uv": [11, 2, 11.999, 2.999], "texture": "#1"},
				"east": {"uv": [11, 2, 11.999, 2.999], "texture": "#1"},
				"south": {"uv": [11, 2, 11.999, 2.999], "texture": "#1"},
				"west": {"uv": [11, 2, 11.999, 2.999], "texture": "#1"},
				"up": {"uv": [11, 2, 11.999, 2.999], "texture": "#1"},
				"down": {"uv": [11, 2, 11.999, 2.999], "texture": "#1"}
			}
		},
		{
			"name": "element",
			"from": [7.8032, 7.675, 7.22],
			"to": [8.1967, 8.625, 8.72],
			"faces": {
				"north": {"uv": [11, 2, 11.999, 2.999], "texture": "#1"},
				"east": {"uv": [11, 2, 11.999, 2.999], "texture": "#1"},
				"south": {"uv": [11, 2, 11.999, 2.999], "texture": "#1"},
				"west": {"uv": [11, 2, 11.999, 2.999], "texture": "#1"},
				"up": {"uv": [11, 2, 11.999, 2.999], "texture": "#1"},
				"down": {"uv": [11, 2, 11.999, 2.999], "texture": "#1"}
			}
		},
		{
			"name": "element",
			"from": [7.525, 7.9532, 7.22],
			"to": [8.475, 8.3467, 8.72],
			"rotation": {"angle": 45, "axis": "z", "origin": [8, 8.15, 7.72]},
			"faces": {
				"north": {"uv": [11, 2, 11.999, 2.999], "texture": "#1"},
				"east": {"uv": [11, 2, 11.999, 2.999], "texture": "#1"},
				"south": {"uv": [11, 2, 11.999, 2.999], "texture": "#1"},
				"west": {"uv": [11, 2, 11.999, 2.999], "texture": "#1"},
				"up": {"uv": [11, 2, 11.999, 2.999], "texture": "#1"},
				"down": {"uv": [11, 2, 11.999, 2.999], "texture": "#1"}
			}
		},
		{
			"name": "element",
			"from": [7.525, 7.9532, 7.22],
			"to": [8.475, 8.3467, 8.72],
			"faces": {
				"north": {"uv": [11, 2, 11.999, 2.999], "texture": "#1"},
				"east": {"uv": [11, 2, 11.999, 2.999], "texture": "#1"},
				"south": {"uv": [11, 2, 11.999, 2.999], "texture": "#1"},
				"west": {"uv": [11, 2, 11.999, 2.999], "texture": "#1"},
				"up": {"uv": [11, 2, 11.999, 2.999], "texture": "#1"},
				"down": {"uv": [11, 2, 11.999, 2.999], "texture": "#1"}
			}
		},
		{
			"name": "element",
			"from": [7.875, 7.5775, 11.295],
			"to": [8.125, 8.22248, 11.395],
			"rotation": {"angle": 45, "axis": "x", "origin": [8.375, 8.15, 11.47]},
			"faces": {
				"north": {"uv": [0, 0, 4, 4], "texture": "#1"},
				"east": {"uv": [0, 0, 4, 4], "texture": "#1"},
				"south": {"uv": [0, 0, 4, 4], "texture": "#1"},
				"west": {"uv": [0, 0, 4, 4], "texture": "#1"},
				"up": {"uv": [0, 0, 4, 4], "texture": "#1"},
				"down": {"uv": [0, 0, 4, 4], "texture": "#1"}
			}
		},
		{
			"name": "element",
			"from": [7.875, 8.0775, 11.295],
			"to": [8.125, 8.22248, 11.395],
			"faces": {
				"north": {"uv": [0, 0, 4, 4], "texture": "#1"},
				"east": {"uv": [0, 0, 4, 4], "texture": "#1"},
				"south": {"uv": [0, 0, 4, 4], "texture": "#1"},
				"west": {"uv": [0, 0, 4, 4], "texture": "#1"},
				"up": {"uv": [0, 0, 4, 4], "texture": "#1"},
				"down": {"uv": [0, 0, 4, 4], "texture": "#1"}
			}
		},
		{
			"name": "element",
			"from": [7.875, 7.5775, 11.545],
			"to": [8.125, 8.22248, 11.645],
			"rotation": {"angle": 45, "axis": "x", "origin": [8.375, 8.15, 11.47]},
			"faces": {
				"north": {"uv": [0, 0, 4, 4], "texture": "#1"},
				"east": {"uv": [0, 0, 4, 4], "texture": "#1"},
				"south": {"uv": [0, 0, 4, 4], "texture": "#1"},
				"west": {"uv": [0, 0, 4, 4], "texture": "#1"},
				"up": {"uv": [0, 0, 4, 4], "texture": "#1"},
				"down": {"uv": [0, 0, 4, 4], "texture": "#1"}
			}
		},
		{
			"name": "element",
			"from": [7.875, 8.0775, 11.545],
			"to": [8.125, 8.22248, 11.645],
			"faces": {
				"north": {"uv": [0, 0, 4, 4], "texture": "#1"},
				"east": {"uv": [0, 0, 4, 4], "texture": "#1"},
				"south": {"uv": [0, 0, 4, 4], "texture": "#1"},
				"west": {"uv": [0, 0, 4, 4], "texture": "#1"},
				"up": {"uv": [0, 0, 4, 4], "texture": "#1"},
				"down": {"uv": [0, 0, 4, 4], "texture": "#1"}
			}
		},
		{
			"name": "element",
			"from": [7.875, 7.725, 11.3975],
			"to": [8.125, 8.075, 11.54248],
			"rotation": {"angle": 45, "axis": "x", "origin": [8.375, 8.15, 11.47]},
			"faces": {
				"north": {"uv": [0, 0, 4, 4], "texture": "#1"},
				"east": {"uv": [0, 0, 4, 4], "texture": "#1"},
				"south": {"uv": [0, 0, 4, 4], "texture": "#1"},
				"west": {"uv": [0, 0, 4, 4], "texture": "#1"},
				"up": {"uv": [0, 0, 4, 4], "texture": "#1"},
				"down": {"uv": [0, 0, 4, 4], "texture": "#1"}
			}
		},
		{
			"name": "element",
			"from": [7.875, 7.975, 11.3975],
			"to": [8.125, 8.075, 11.54248],
			"faces": {
				"north": {"uv": [0, 0, 4, 4], "texture": "#1"},
				"east": {"uv": [0, 0, 4, 4], "texture": "#1"},
				"south": {"uv": [0, 0, 4, 4], "texture": "#1"},
				"west": {"uv": [0, 0, 4, 4], "texture": "#1"},
				"up": {"uv": [0, 0, 4, 4], "texture": "#1"},
				"down": {"uv": [0, 0, 4, 4], "texture": "#1"}
			}
		},
		{
			"name": "element",
			"from": [7.875, 8.225, 11.3975],
			"to": [8.125, 8.325, 11.54248],
			"rotation": {"angle": 45, "axis": "x", "origin": [8.375, 8.15, 11.47]},
			"faces": {
				"north": {"uv": [0, 0, 4, 4], "texture": "#1"},
				"east": {"uv": [0, 0, 4, 4], "texture": "#1"},
				"south": {"uv": [0, 0, 4, 4], "texture": "#1"},
				"west": {"uv": [0, 0, 4, 4], "texture": "#1"},
				"up": {"uv": [0, 0, 4, 4], "texture": "#1"},
				"down": {"uv": [0, 0, 4, 4], "texture": "#1"}
			}
		},
		{
			"name": "element",
			"from": [7.875, 8.225, 11.3975],
			"to": [8.125, 8.325, 11.54248],
			"faces": {
				"north": {"uv": [0, 0, 4, 4], "texture": "#1"},
				"east": {"uv": [0, 0, 4, 4], "texture": "#1"},
				"south": {"uv": [0, 0, 4, 4], "texture": "#1"},
				"west": {"uv": [0, 0, 4, 4], "texture": "#1"},
				"up": {"uv": [0, 0, 4, 4], "texture": "#1"},
				"down": {"uv": [0, 0, 4, 4], "texture": "#1"}
			}
		},
		{
			"name": "element",
			"from": [7.8964, 7.9, 4.745],
			"to": [8.1035, 8, 4.97],
			"rotation": {"angle": 45, "axis": "z", "origin": [8, 8.15, 4.47]},
			"faces": {
				"north": {"uv": [11, 2, 11.999, 2.999], "texture": "#1"},
				"east": {"uv": [11, 2, 11.999, 2.999], "texture": "#1"},
				"south": {"uv": [11, 2, 11.999, 2.999], "texture": "#1"},
				"west": {"uv": [11, 2, 11.999, 2.999], "texture": "#1"},
				"up": {"uv": [11, 2, 11.999, 2.999], "texture": "#1"},
				"down": {"uv": [11, 2, 11.999, 2.999], "texture": "#1"}
			}
		},
		{
			"name": "element",
			"from": [7.8964, 7.9, 4.745],
			"to": [8.1035, 8, 4.97],
			"faces": {
				"north": {"uv": [11, 2, 11.999, 2.999], "texture": "#1"},
				"east": {"uv": [11, 2, 11.999, 2.999], "texture": "#1"},
				"south": {"uv": [11, 2, 11.999, 2.999], "texture": "#1"},
				"west": {"uv": [11, 2, 11.999, 2.999], "texture": "#1"},
				"up": {"uv": [11, 2, 11.999, 2.999], "texture": "#1"},
				"down": {"uv": [11, 2, 11.999, 2.999], "texture": "#1"}
			}
		},
		{
			"name": "element",
			"from": [7.8964, 8.3, 4.745],
			"to": [8.1035, 8.4, 4.97],
			"rotation": {"angle": 45, "axis": "z", "origin": [8, 8.15, 4.47]},
			"faces": {
				"north": {"uv": [11, 2, 11.999, 2.999], "texture": "#1"},
				"east": {"uv": [11, 2, 11.999, 2.999], "texture": "#1"},
				"south": {"uv": [11, 2, 11.999, 2.999], "texture": "#1"},
				"west": {"uv": [11, 2, 11.999, 2.999], "texture": "#1"},
				"up": {"uv": [11, 2, 11.999, 2.999], "texture": "#1"},
				"down": {"uv": [11, 2, 11.999, 2.999], "texture": "#1"}
			}
		},
		{
			"name": "element",
			"from": [7.8964, 8.3, 4.745],
			"to": [8.1035, 8.4, 4.97],
			"faces": {
				"north": {"uv": [11, 2, 11.999, 2.999], "texture": "#1"},
				"east": {"uv": [11, 2, 11.999, 2.999], "texture": "#1"},
				"south": {"uv": [11, 2, 11.999, 2.999], "texture": "#1"},
				"west": {"uv": [11, 2, 11.999, 2.999], "texture": "#1"},
				"up": {"uv": [11, 2, 11.999, 2.999], "texture": "#1"},
				"down": {"uv": [11, 2, 11.999, 2.999], "texture": "#1"}
			}
		},
		{
			"name": "element",
			"from": [7.75, 8.0464, 4.745],
			"to": [7.85, 8.2535, 4.97],
			"rotation": {"angle": 45, "axis": "z", "origin": [8, 8.15, 4.47]},
			"faces": {
				"north": {"uv": [11, 2, 11.999, 2.999], "texture": "#1"},
				"east": {"uv": [11, 2, 11.999, 2.999], "texture": "#1"},
				"south": {"uv": [11, 2, 11.999, 2.999], "texture": "#1"},
				"west": {"uv": [11, 2, 11.999, 2.999], "texture": "#1"},
				"up": {"uv": [11, 2, 11.999, 2.999], "texture": "#1"},
				"down": {"uv": [11, 2, 11.999, 2.999], "texture": "#1"}
			}
		},
		{
			"name": "element",
			"from": [7.75, 8.0464, 4.745],
			"to": [7.85, 8.2535, 4.97],
			"faces": {
				"north": {"uv": [11, 2, 11.999, 2.999], "texture": "#1"},
				"east": {"uv": [11, 2, 11.999, 2.999], "texture": "#1"},
				"south": {"uv": [11, 2, 11.999, 2.999], "texture": "#1"},
				"west": {"uv": [11, 2, 11.999, 2.999], "texture": "#1"},
				"up": {"uv": [11, 2, 11.999, 2.999], "texture": "#1"},
				"down": {"uv": [11, 2, 11.999, 2.999], "texture": "#1"}
			}
		},
		{
			"name": "element",
			"from": [8.15, 8.0464, 4.745],
			"to": [8.25, 8.2535, 4.97],
			"rotation": {"angle": 45, "axis": "z", "origin": [8, 8.15, 4.47]},
			"faces": {
				"north": {"uv": [11, 2, 11.999, 2.999], "texture": "#1"},
				"east": {"uv": [11, 2, 11.999, 2.999], "texture": "#1"},
				"south": {"uv": [11, 2, 11.999, 2.999], "texture": "#1"},
				"west": {"uv": [11, 2, 11.999, 2.999], "texture": "#1"},
				"up": {"uv": [11, 2, 11.999, 2.999], "texture": "#1"},
				"down": {"uv": [11, 2, 11.999, 2.999], "texture": "#1"}
			}
		},
		{
			"name": "element",
			"from": [8.15, 8.0464, 4.745],
			"to": [8.25, 8.2535, 4.97],
			"faces": {
				"north": {"uv": [11, 2, 11.999, 2.999], "texture": "#1"},
				"east": {"uv": [11, 2, 11.999, 2.999], "texture": "#1"},
				"south": {"uv": [11, 2, 11.999, 2.999], "texture": "#1"},
				"west": {"uv": [11, 2, 11.999, 2.999], "texture": "#1"},
				"up": {"uv": [11, 2, 11.999, 2.999], "texture": "#1"},
				"down": {"uv": [11, 2, 11.999, 2.999], "texture": "#1"}
			}
		},
		{
			"name": "element",
			"from": [8.0222, 7.85, 9.72],
			"to": [8.3022, 8.7, 9.97],
			"rotation": {"angle": 45, "axis": "z", "origin": [8, 8.15, 9.47]},
			"faces": {
				"north": {"uv": [0, 0, 4, 4], "texture": "#1"},
				"east": {"uv": [0, 0, 4, 4], "texture": "#1"},
				"south": {"uv": [0, 0, 4, 4], "texture": "#1"},
				"west": {"uv": [0, 0, 4, 4], "texture": "#1"},
				"up": {"uv": [0, 0, 4, 4], "texture": "#1"},
				"down": {"uv": [0, 0, 4, 4], "texture": "#1"}
			}
		},
		{
			"name": "element",
			"from": [7.6978, 7.85, 9.72],
			"to": [7.9778, 8.7, 9.97],
			"rotation": {"angle": -45, "axis": "z", "origin": [8, 8.15, 9.47]},
			"faces": {
				"north": {"uv": [4, 0, 0, 4], "texture": "#1"},
				"east": {"uv": [4, 0, 0, 4], "texture": "#1"},
				"south": {"uv": [4, 0, 0, 4], "texture": "#1"},
				"west": {"uv": [4, 0, 0, 4], "texture": "#1"},
				"up": {"uv": [4, 0, 0, 4], "texture": "#1"},
				"down": {"uv": [4, 0, 0, 4], "texture": "#1"}
			}
		},
		{
			"name": "element",
			"from": [7.822, 7.6, 9.72],
			"to": [7.933, 8.75, 9.97],
			"faces": {
				"north": {"uv": [0, 0, 4, 4], "texture": "#1"},
				"east": {"uv": [0, 0, 4, 4], "texture": "#1"},
				"south": {"uv": [0, 0, 4, 4], "texture": "#1"},
				"west": {"uv": [0, 0, 4, 4], "texture": "#1"},
				"up": {"uv": [0, 0, 4, 4], "texture": "#1"},
				"down": {"uv": [0, 0, 4, 4], "texture": "#1"}
			}
		},
		{
			"name": "element",
			"from": [7.9445, 7.6, 4.97],
			"to": [8.0555, 8.75, 5.22],
			"faces": {
				"north": {"uv": [0, 0, 4, 4], "texture": "#1"},
				"east": {"uv": [0, 0, 4, 4], "texture": "#1"},
				"south": {"uv": [0, 0, 4, 4], "texture": "#1"},
				"west": {"uv": [0, 0, 4, 4], "texture": "#1"},
				"up": {"uv": [0, 0, 4, 4], "texture": "#1"},
				"down": {"uv": [0, 0, 4, 4], "texture": "#1"}
			}
		},
		{
			"name": "element",
			"from": [7.9445, 5.045, 6.04],
			"to": [8.0555, 5.57, 6.29],
			"rotation": {"angle": 45, "axis": "x", "origin": [8.1225, 8.15, 9.47]},
			"faces": {
				"north": {"uv": [0, 0, 4, 4], "texture": "#1"},
				"east": {"uv": [0, 0, 4, 4], "texture": "#1"},
				"south": {"uv": [0, 0, 4, 4], "texture": "#1"},
				"west": {"uv": [0, 0, 4, 4], "texture": "#1"},
				"up": {"uv": [0, 0, 4, 4], "texture": "#1"},
				"down": {"uv": [0, 0, 4, 4], "texture": "#1"}
			}
		},
		{
			"name": "element",
			"from": [7.822, 7.6, 9.72],
			"to": [8.183, 8.67, 9.97],
			"faces": {
				"north": {"uv": [0, 0, 4, 4], "texture": "#1"},
				"east": {"uv": [0, 0, 4, 4], "texture": "#1"},
				"south": {"uv": [0, 0, 4, 4], "texture": "#1"},
				"west": {"uv": [0, 0, 4, 4], "texture": "#1"},
				"up": {"uv": [0, 0, 4, 4], "texture": "#1"},
				"down": {"uv": [0, 0, 4, 4], "texture": "#1"}
			}
		},
		{
			"name": "element",
			"from": [8.067, 7.6, 9.72],
			"to": [8.178, 8.75, 9.97],
			"faces": {
				"north": {"uv": [4, 0, 0, 4], "texture": "#1"},
				"east": {"uv": [4, 0, 0, 4], "texture": "#1"},
				"south": {"uv": [4, 0, 0, 4], "texture": "#1"},
				"west": {"uv": [4, 0, 0, 4], "texture": "#1"},
				"up": {"uv": [4, 0, 0, 4], "texture": "#1"},
				"down": {"uv": [4, 0, 0, 4], "texture": "#1"}
			}
		},
		{
			"name": "element",
			"from": [7.6, 7.0982, 10.595],
			"to": [8.4, 7.20176, 10.845],
			"rotation": {"angle": 45, "axis": "x", "origin": [8.1, 7.15, 10.72]},
			"faces": {
				"north": {"uv": [9, 3, 10, 3.999], "texture": "#1"},
				"east": {"uv": [9, 3, 10, 3.999], "texture": "#1"},
				"south": {"uv": [9, 3, 10, 3.999], "texture": "#1"},
				"west": {"uv": [9, 3, 10, 3.999], "texture": "#1"},
				"up": {"uv": [9, 3, 10, 3.999], "texture": "#1"},
				"down": {"uv": [9, 3, 10, 3.999], "texture": "#1"}
			}
		},
		{
			"name": "element",
			"from": [7.6, 7.0982, 10.595],
			"to": [8.4, 7.20176, 10.845],
			"faces": {
				"north": {"uv": [9, 3, 10, 3.999], "texture": "#1"},
				"east": {"uv": [9, 3, 10, 3.999], "texture": "#1"},
				"south": {"uv": [9, 3, 10, 3.999], "texture": "#1"},
				"west": {"uv": [9, 3, 10, 3.999], "texture": "#1"},
				"up": {"uv": [9, 3, 10, 3.999], "texture": "#1"},
				"down": {"uv": [9, 3, 10, 3.999], "texture": "#1"}
			}
		},
		{
			"name": "element",
			"from": [7.6, 7.025, 10.6682],
			"to": [8.4, 7.275, 10.77176],
			"rotation": {"angle": 45, "axis": "x", "origin": [8.1, 7.15, 10.72]},
			"faces": {
				"north": {"uv": [9, 3, 10, 3.999], "texture": "#1"},
				"east": {"uv": [9, 3, 10, 3.999], "texture": "#1"},
				"south": {"uv": [9, 3, 10, 3.999], "texture": "#1"},
				"west": {"uv": [9, 3, 10, 3.999], "texture": "#1"},
				"up": {"uv": [9, 3, 10, 3.999], "texture": "#1"},
				"down": {"uv": [9, 3, 10, 3.999], "texture": "#1"}
			}
		},
		{
			"name": "element",
			"from": [7.6, 7.025, 10.6682],
			"to": [8.4, 7.275, 10.77176],
			"faces": {
				"north": {"uv": [9, 3, 10, 3.999], "texture": "#1"},
				"east": {"uv": [9, 3, 10, 3.999], "texture": "#1"},
				"south": {"uv": [9, 3, 10, 3.999], "texture": "#1"},
				"west": {"uv": [9, 3, 10, 3.999], "texture": "#1"},
				"up": {"uv": [9, 3, 10, 3.999], "texture": "#1"},
				"down": {"uv": [9, 3, 10, 3.999], "texture": "#1"}
			}
		},
		{
			"name": "element",
			"from": [7.6, 4.5982, 10.345],
			"to": [8.4, 4.70176, 10.595],
			"rotation": {"angle": 45, "axis": "x", "origin": [8.1, 4.65, 10.47]},
			"faces": {
				"north": {"uv": [9, 3, 10, 3.999], "texture": "#1"},
				"east": {"uv": [9, 3, 10, 3.999], "texture": "#1"},
				"south": {"uv": [9, 3, 10, 3.999], "texture": "#1"},
				"west": {"uv": [9, 3, 10, 3.999], "texture": "#1"},
				"up": {"uv": [9, 3, 10, 3.999], "texture": "#1"},
				"down": {"uv": [9, 3, 10, 3.999], "texture": "#1"}
			}
		},
		{
			"name": "element",
			"from": [7.6, 4.5982, 10.345],
			"to": [8.4, 4.70176, 10.595],
			"faces": {
				"north": {"uv": [9, 3, 10, 3.999], "texture": "#1"},
				"east": {"uv": [9, 3, 10, 3.999], "texture": "#1"},
				"south": {"uv": [9, 3, 10, 3.999], "texture": "#1"},
				"west": {"uv": [9, 3, 10, 3.999], "texture": "#1"},
				"up": {"uv": [9, 3, 10, 3.999], "texture": "#1"},
				"down": {"uv": [9, 3, 10, 3.999], "texture": "#1"}
			}
		},
		{
			"name": "element",
			"from": [7.6, 4.525, 10.4182],
			"to": [8.4, 4.775, 10.52176],
			"rotation": {"angle": 45, "axis": "x", "origin": [8.1, 4.65, 10.47]},
			"faces": {
				"north": {"uv": [9, 3, 10, 3.999], "texture": "#1"},
				"east": {"uv": [9, 3, 10, 3.999], "texture": "#1"},
				"south": {"uv": [9, 3, 10, 3.999], "texture": "#1"},
				"west": {"uv": [9, 3, 10, 3.999], "texture": "#1"},
				"up": {"uv": [9, 3, 10, 3.999], "texture": "#1"},
				"down": {"uv": [9, 3, 10, 3.999], "texture": "#1"}
			}
		},
		{
			"name": "element",
			"from": [7.6, 4.525, 10.4182],
			"to": [8.4, 4.775, 10.52176],
			"faces": {
				"north": {"uv": [9, 3, 10, 3.999], "texture": "#1"},
				"east": {"uv": [9, 3, 10, 3.999], "texture": "#1"},
				"south": {"uv": [9, 3, 10, 3.999], "texture": "#1"},
				"west": {"uv": [9, 3, 10, 3.999], "texture": "#1"},
				"up": {"uv": [9, 3, 10, 3.999], "texture": "#1"},
				"down": {"uv": [9, 3, 10, 3.999], "texture": "#1"}
			}
		},
		{
			"name": "element",
			"from": [7.475, 8.0982, 5.095],
			"to": [8.525, 8.20176, 5.345],
			"rotation": {"angle": 45, "axis": "x", "origin": [7.975, 8.15, 5.22]},
			"faces": {
				"north": {"uv": [3.999, 10.999, 4.999, 11.999], "texture": "#0"},
				"east": {"uv": [3.999, 10.999, 4.999, 11.999], "texture": "#0"},
				"south": {"uv": [3.999, 10.999, 4.999, 11.999], "texture": "#0"},
				"west": {"uv": [3.999, 10.999, 4.999, 11.999], "texture": "#0"},
				"up": {"uv": [3.999, 10.999, 4.999, 11.999], "texture": "#0"},
				"down": {"uv": [3.999, 10.999, 4.999, 11.999], "texture": "#0"}
			}
		},
		{
			"name": "element",
			"from": [7.475, 8.0982, 5.095],
			"to": [8.525, 8.20176, 5.345],
			"faces": {
				"north": {"uv": [3.999, 10.999, 4.999, 11.999], "texture": "#0"},
				"east": {"uv": [3.999, 10.999, 4.999, 11.999], "texture": "#0"},
				"south": {"uv": [3.999, 10.999, 4.999, 11.999], "texture": "#0"},
				"west": {"uv": [3.999, 10.999, 4.999, 11.999], "texture": "#0"},
				"up": {"uv": [3.999, 10.999, 4.999, 11.999], "texture": "#0"},
				"down": {"uv": [3.999, 10.999, 4.999, 11.999], "texture": "#0"}
			}
		},
		{
			"name": "element",
			"from": [7.475, 8.025, 5.1682],
			"to": [8.525, 8.275, 5.27176],
			"rotation": {"angle": 45, "axis": "x", "origin": [7.975, 8.15, 5.22]},
			"faces": {
				"north": {"uv": [3.999, 10.999, 4.999, 11.999], "texture": "#0"},
				"east": {"uv": [3.999, 10.999, 4.999, 11.999], "texture": "#0"},
				"south": {"uv": [3.999, 10.999, 4.999, 11.999], "texture": "#0"},
				"west": {"uv": [3.999, 10.999, 4.999, 11.999], "texture": "#0"},
				"up": {"uv": [3.999, 10.999, 4.999, 11.999], "texture": "#0"},
				"down": {"uv": [3.999, 10.999, 4.999, 11.999], "texture": "#0"}
			}
		},
		{
			"name": "element",
			"from": [7.475, 8.025, 5.1682],
			"to": [8.525, 8.275, 5.27176],
			"faces": {
				"north": {"uv": [3.999, 10.999, 4.999, 11.999], "texture": "#0"},
				"east": {"uv": [3.999, 10.999, 4.999, 11.999], "texture": "#0"},
				"south": {"uv": [3.999, 10.999, 4.999, 11.999], "texture": "#0"},
				"west": {"uv": [3.999, 10.999, 4.999, 11.999], "texture": "#0"},
				"up": {"uv": [3.999, 10.999, 4.999, 11.999], "texture": "#0"},
				"down": {"uv": [3.999, 10.999, 4.999, 11.999], "texture": "#0"}
			}
		},
		{
			"name": "element",
			"from": [7.475, 8.0982, 10.845],
			"to": [8.525, 8.20176, 11.095],
			"rotation": {"angle": 45, "axis": "x", "origin": [7.975, 8.15, 10.97]},
			"faces": {
				"north": {"uv": [3.999, 10.999, 4.999, 11.999], "texture": "#0"},
				"east": {"uv": [3.999, 10.999, 4.999, 11.999], "texture": "#0"},
				"south": {"uv": [3.999, 10.999, 4.999, 11.999], "texture": "#0"},
				"west": {"uv": [3.999, 10.999, 4.999, 11.999], "texture": "#0"},
				"up": {"uv": [3.999, 10.999, 4.999, 11.999], "texture": "#0"},
				"down": {"uv": [3.999, 10.999, 4.999, 11.999], "texture": "#0"}
			}
		},
		{
			"name": "element",
			"from": [7.475, 8.0982, 10.845],
			"to": [8.525, 8.20176, 11.095],
			"faces": {
				"north": {"uv": [3.999, 10.999, 4.999, 11.999], "texture": "#0"},
				"east": {"uv": [3.999, 10.999, 4.999, 11.999], "texture": "#0"},
				"south": {"uv": [3.999, 10.999, 4.999, 11.999], "texture": "#0"},
				"west": {"uv": [3.999, 10.999, 4.999, 11.999], "texture": "#0"},
				"up": {"uv": [3.999, 10.999, 4.999, 11.999], "texture": "#0"},
				"down": {"uv": [3.999, 10.999, 4.999, 11.999], "texture": "#0"}
			}
		},
		{
			"name": "element",
			"from": [7.475, 8.025, 10.9182],
			"to": [8.525, 8.275, 11.02176],
			"rotation": {"angle": 45, "axis": "x", "origin": [7.975, 8.15, 10.97]},
			"faces": {
				"north": {"uv": [3.999, 10.999, 4.999, 11.999], "texture": "#0"},
				"east": {"uv": [3.999, 10.999, 4.999, 11.999], "texture": "#0"},
				"south": {"uv": [3.999, 10.999, 4.999, 11.999], "texture": "#0"},
				"west": {"uv": [3.999, 10.999, 4.999, 11.999], "texture": "#0"},
				"up": {"uv": [3.999, 10.999, 4.999, 11.999], "texture": "#0"},
				"down": {"uv": [3.999, 10.999, 4.999, 11.999], "texture": "#0"}
			}
		},
		{
			"name": "element",
			"from": [7.475, 8.025, 10.9182],
			"to": [8.525, 8.275, 11.02176],
			"faces": {
				"north": {"uv": [3.999, 10.999, 4.999, 11.999], "texture": "#0"},
				"east": {"uv": [3.999, 10.999, 4.999, 11.999], "texture": "#0"},
				"south": {"uv": [3.999, 10.999, 4.999, 11.999], "texture": "#0"},
				"west": {"uv": [3.999, 10.999, 4.999, 11.999], "texture": "#0"},
				"up": {"uv": [3.999, 10.999, 4.999, 11.999], "texture": "#0"},
				"down": {"uv": [3.999, 10.999, 4.999, 11.999], "texture": "#0"}
			}
		},
		{
			"name": "element",
			"from": [7.475, 7.5982, 7.845],
			"to": [8.525, 7.70176, 8.095],
			"rotation": {"angle": 45, "axis": "x", "origin": [7.975, 7.65, 7.97]},
			"faces": {
				"north": {"uv": [3.999, 10.999, 4.999, 11.999], "texture": "#0"},
				"east": {"uv": [3.999, 10.999, 4.999, 11.999], "texture": "#0"},
				"south": {"uv": [3.999, 10.999, 4.999, 11.999], "texture": "#0"},
				"west": {"uv": [3.999, 10.999, 4.999, 11.999], "texture": "#0"},
				"up": {"uv": [3.999, 10.999, 4.999, 11.999], "texture": "#0"},
				"down": {"uv": [3.999, 10.999, 4.999, 11.999], "texture": "#0"}
			}
		},
		{
			"name": "element",
			"from": [7.475, 7.5982, 7.845],
			"to": [8.525, 7.70176, 8.095],
			"faces": {
				"north": {"uv": [3.999, 10.999, 4.999, 11.999], "texture": "#0"},
				"east": {"uv": [3.999, 10.999, 4.999, 11.999], "texture": "#0"},
				"south": {"uv": [3.999, 10.999, 4.999, 11.999], "texture": "#0"},
				"west": {"uv": [3.999, 10.999, 4.999, 11.999], "texture": "#0"},
				"up": {"uv": [3.999, 10.999, 4.999, 11.999], "texture": "#0"},
				"down": {"uv": [3.999, 10.999, 4.999, 11.999], "texture": "#0"}
			}
		},
		{
			"name": "element",
			"from": [7.475, 7.525, 7.9182],
			"to": [8.525, 7.775, 8.02176],
			"rotation": {"angle": 45, "axis": "x", "origin": [7.975, 7.65, 7.97]},
			"faces": {
				"north": {"uv": [3.999, 10.999, 4.999, 11.999], "texture": "#0"},
				"east": {"uv": [3.999, 10.999, 4.999, 11.999], "texture": "#0"},
				"south": {"uv": [3.999, 10.999, 4.999, 11.999], "texture": "#0"},
				"west": {"uv": [3.999, 10.999, 4.999, 11.999], "texture": "#0"},
				"up": {"uv": [3.999, 10.999, 4.999, 11.999], "texture": "#0"},
				"down": {"uv": [3.999, 10.999, 4.999, 11.999], "texture": "#0"}
			}
		},
		{
			"name": "element",
			"from": [7.475, 7.525, 7.9182],
			"to": [8.525, 7.775, 8.02176],
			"faces": {
				"north": {"uv": [3.999, 10.999, 4.999, 11.999], "texture": "#0"},
				"east": {"uv": [3.999, 10.999, 4.999, 11.999], "texture": "#0"},
				"south": {"uv": [3.999, 10.999, 4.999, 11.999], "texture": "#0"},
				"west": {"uv": [3.999, 10.999, 4.999, 11.999], "texture": "#0"},
				"up": {"uv": [3.999, 10.999, 4.999, 11.999], "texture": "#0"},
				"down": {"uv": [3.999, 10.999, 4.999, 11.999], "texture": "#0"}
			}
		}
	],
	"gui_light": "front",
	"display": {
		"thirdperson_righthand": {
			"translation": [0, 1.5, -1],
			"scale": [1.35, 1.35, 1.35]
		},
		"thirdperson_lefthand": {
			"translation": [0, 1.5, -1],
			"scale": [1.35, 1.35, 1.35]
		},
		"firstperson_righthand": {
			"rotation": [26, 10, 0],
			"translation": [-1, 6.1086, -1.25],
			"scale": [1.35, 1.35, 1.35]
		},
		"firstperson_lefthand": {
			"translation": [-1, 4.6086, -1.25],
			"scale": [1.35, 1.35, 1.35]
		},
		"ground": {
			"rotation": [0, 0, 90],
			"translation": [0, 1.273, 0],
			"scale": [1.1, 1.1, 1]
		},
		"gui": {
			"rotation": [90, 57, -90],
			"translation": [0, 2.8913, 0],
			"scale": [1.8, 1.8, 1.8]
		},
		"head": {
			"translation": [0, 10.75, 0]
		},
		"fixed": {
			"rotation": [0, 90, 0],
			"translation": [0, 2.7826, 0],
			"scale": [2, 2, 2]
		}
	}
}