{"textures":{"0":"item/mobs/zahar/zahar_tumor"},"elements":[{"from":[5.714286,8.0,5.714286],"to":[10.285714,9.714286,10.857143],"rotation":{"angle":0.0,"axis":"y","origin":[6.285714,8.0,8.0]},"faces":{"east":{"uv":[6.75,2.5,9.0,3.25],"rotation":0,"texture":"#0","tintindex":0},"south":{"uv":[6.75,6.75,8.75,7.5],"rotation":0,"texture":"#0","tintindex":0},"north":{"uv":[6.75,6.0,8.75,6.75],"rotation":0,"texture":"#0","tintindex":0},"west":{"uv":[6.75,5.25,9.0,6.0],"rotation":0,"texture":"#0","tintindex":0},"up":{"uv":[5.0,2.25,3.0,0.0],"rotation":0,"texture":"#0","tintindex":0},"down":{"uv":[5.0,2.25,3.0,4.5],"rotation":0,"texture":"#0","tintindex":0}}}],"display":{"head":{"translation":[0.0,-6.4,0.0],"scale":[4.0,4.0,4.0]}}}{"textures":{"0":"item/mobs/zahar/zahar_tumor"},"elements":[{"from":[5.714286,8.0,5.714286],"to":[10.285714,9.714286,10.857143],"rotation":{"angle":0.0,"axis":"y","origin":[6.285714,8.0,8.0]},"faces":{"east":{"uv":[6.75,2.5,9.0,3.25],"rotation":0,"texture":"#0","tintindex":0},"south":{"uv":[6.75,6.75,8.75,7.5],"rotation":0,"texture":"#0","tintindex":0},"north":{"uv":[6.75,6.0,8.75,6.75],"rotation":0,"texture":"#0","tintindex":0},"west":{"uv":[6.75,5.25,9.0,6.0],"rotation":0,"texture":"#0","tintindex":0},"up":{"uv":[5.0,2.25,3.0,0.0],"rotation":0,"texture":"#0","tintindex":0},"down":{"uv":[5.0,2.25,3.0,4.5],"rotation":0,"texture":"#0","tintindex":0}}}],"display":{"head":{"translation":[0.0,-6.4,0.0],"scale":[4.0,4.0,4.0]}}}{"textures":{"0":"item/mobs/zahar/zahar_tumor"},"elements":[{"from":[5.714286,8.0,5.714286],"to":[10.285714,9.714286,10.857143],"rotation":{"angle":0.0,"axis":"y","origin":[6.285714,8.0,8.0]},"faces":{"east":{"uv":[6.75,2.5,9.0,3.25],"rotation":0,"texture":"#0","tintindex":0},"south":{"uv":[6.75,6.75,8.75,7.5],"rotation":0,"texture":"#0","tintindex":0},"north":{"uv":[6.75,6.0,8.75,6.75],"rotation":0,"texture":"#0","tintindex":0},"west":{"uv":[6.75,5.25,9.0,6.0],"rotation":0,"texture":"#0","tintindex":0},"up":{"uv":[5.0,2.25,3.0,0.0],"rotation":0,"texture":"#0","tintindex":0},"down":{"uv":[5.0,2.25,3.0,4.5],"rotation":0,"texture":"#0","tintindex":0}}}],"display":{"head":{"translation":[0.0,-6.4,0.0],"scale":[4.0,4.0,4.0]}}}{"textures":{"0":"item/mobs/zahar/zahar_tumor"},"elements":[{"from":[5.714286,8.0,5.714286],"to":[10.285714,9.714286,10.857143],"rotation":{"angle":0.0,"axis":"y","origin":[6.285714,8.0,8.0]},"faces":{"east":{"uv":[6.75,2.5,9.0,3.25],"rotation":0,"texture":"#0","tintindex":0},"south":{"uv":[6.75,6.75,8.75,7.5],"rotation":0,"texture":"#0","tintindex":0},"north":{"uv":[6.75,6.0,8.75,6.75],"rotation":0,"texture":"#0","tintindex":0},"west":{"uv":[6.75,5.25,9.0,6.0],"rotation":0,"texture":"#0","tintindex":0},"up":{"uv":[5.0,2.25,3.0,0.0],"rotation":0,"texture":"#0","tintindex":0},"down":{"uv":[5.0,2.25,3.0,4.5],"rotation":0,"texture":"#0","tintindex":0}}}],"display":{"head":{"translation":[0.0,-6.4,0.0],"scale":[4.0,4.0,4.0]}}}{"textures":{"0":"item/mobs/zahar/zahar_tumor"},"elements":[{"from":[5.714286,8.0,5.714286],"to":[10.285714,9.714286,10.857143],"rotation":{"angle":0.0,"axis":"y","origin":[6.285714,8.0,8.0]},"faces":{"east":{"uv":[6.75,2.5,9.0,3.25],"rotation":0,"texture":"#0","tintindex":0},"south":{"uv":[6.75,6.75,8.75,7.5],"rotation":0,"texture":"#0","tintindex":0},"north":{"uv":[6.75,6.0,8.75,6.75],"rotation":0,"texture":"#0","tintindex":0},"west":{"uv":[6.75,5.25,9.0,6.0],"rotation":0,"texture":"#0","tintindex":0},"up":{"uv":[5.0,2.25,3.0,0.0],"rotation":0,"texture":"#0","tintindex":0},"down":{"uv":[5.0,2.25,3.0,4.5],"rotation":0,"texture":"#0","tintindex":0}}}],"display":{"head":{"translation":[0.0,-6.4,0.0],"scale":[4.0,4.0,4.0]}}}{"textures":{"0":"item/mobs/zahar/zahar_tumor"},"elements":[{"from":[5.714286,8.0,5.714286],"to":[10.285714,9.714286,10.857143],"rotation":{"angle":0.0,"axis":"y","origin":[6.285714,8.0,8.0]},"faces":{"east":{"uv":[6.75,2.5,9.0,3.25],"rotation":0,"texture":"#0","tintindex":0},"south":{"uv":[6.75,6.75,8.75,7.5],"rotation":0,"texture":"#0","tintindex":0},"north":{"uv":[6.75,6.0,8.75,6.75],"rotation":0,"texture":"#0","tintindex":0},"west":{"uv":[6.75,5.25,9.0,6.0],"rotation":0,"texture":"#0","tintindex":0},"up":{"uv":[5.0,2.25,3.0,0.0],"rotation":0,"texture":"#0","tintindex":0},"down":{"uv":[5.0,2.25,3.0,4.5],"rotation":0,"texture":"#0","tintindex":0}}}],"display":{"head":{"translation":[0.0,-6.4,0.0],"scale":[4.0,4.0,4.0]}}}{"textures":{"0":"item/mobs/zahar/zahar_tumor"},"elements":[{"from":[5.714286,8.0,5.714286],"to":[10.285714,9.714286,10.857143],"rotation":{"angle":0.0,"axis":"y","origin":[6.285714,8.0,8.0]},"faces":{"east":{"uv":[6.75,2.5,9.0,3.25],"rotation":0,"texture":"#0","tintindex":0},"south":{"uv":[6.75,6.75,8.75,7.5],"rotation":0,"texture":"#0","tintindex":0},"north":{"uv":[6.75,6.0,8.75,6.75],"rotation":0,"texture":"#0","tintindex":0},"west":{"uv":[6.75,5.25,9.0,6.0],"rotation":0,"texture":"#0","tintindex":0},"up":{"uv":[5.0,2.25,3.0,0.0],"rotation":0,"texture":"#0","tintindex":0},"down":{"uv":[5.0,2.25,3.0,4.5],"rotation":0,"texture":"#0","tintindex":0}}}],"display":{"head":{"translation":[0.0,-6.4,0.0],"scale":[4.0,4.0,4.0]}}}{"textures":{"0":"item/mobs/zahar/zahar_tumor"},"elements":[{"from":[5.714286,8.0,5.714286],"to":[10.285714,9.714286,10.857143],"rotation":{"angle":0.0,"axis":"y","origin":[6.285714,8.0,8.0]},"faces":{"east":{"uv":[6.75,2.5,9.0,3.25],"rotation":0,"texture":"#0","tintindex":0},"south":{"uv":[6.75,6.75,8.75,7.5],"rotation":0,"texture":"#0","tintindex":0},"north":{"uv":[6.75,6.0,8.75,6.75],"rotation":0,"texture":"#0","tintindex":0},"west":{"uv":[6.75,5.25,9.0,6.0],"rotation":0,"texture":"#0","tintindex":0},"up":{"uv":[5.0,2.25,3.0,0.0],"rotation":0,"texture":"#0","tintindex":0},"down":{"uv":[5.0,2.25,3.0,4.5],"rotation":0,"texture":"#0","tintindex":0}}}],"display":{"head":{"translation":[0.0,-6.4,0.0],"scale":[4.0,4.0,4.0]}}}