{
	"credit": "designed_by_yom_with_cubik_studio_-_https://cubik.studio",
	"textures": {
		"2": "item/guns/smg/uzi/gray_wool",
		"5_1": "item/guns/smg/uzi/wool_colored_light_black"
	},
	"elements": [
		{
			"name": "element",
			"from": [7.375, 6.5, 8],
			"to": [8.625, 7, 8.375],
			"faces": {
				"north": {"uv": [5, 15, 5.5, 15.5], "texture": "#2"},
				"east": {"uv": [5, 15, 5.5, 15.5], "texture": "#2"},
				"south": {"uv": [5, 15, 5.5, 15.5], "texture": "#2"},
				"west": {"uv": [5, 15, 5.5, 15.5], "texture": "#2"},
				"up": {"uv": [5, 15, 5.5, 15.5], "texture": "#2"},
				"down": {"uv": [5, 15, 5.5, 15.5], "texture": "#2"}
			}
		},
		{
			"name": "element",
			"from": [7.375, 6.5, 8.375],
			"to": [8.625, 6.625, 12],
			"faces": {
				"east": {"uv": [5, 15, 5.5, 15.5], "texture": "#2"},
				"south": {"uv": [5, 15, 5.5, 15.5], "texture": "#2"},
				"west": {"uv": [5, 15, 5.5, 15.5], "texture": "#2"},
				"up": {"uv": [5, 15, 5.5, 15.5], "texture": "#2"},
				"down": {"uv": [5, 15, 5.5, 15.5], "texture": "#2"}
			}
		},
		{
			"name": "element",
			"from": [7.375, 6.625, 8.625],
			"to": [8.625, 7, 8.875],
			"faces": {
				"north": {"uv": [5, 15, 5.5, 15.5], "texture": "#2"},
				"east": {"uv": [5, 15, 5.5, 15.5], "texture": "#2"},
				"south": {"uv": [5, 15, 5.5, 15.5], "texture": "#2"},
				"west": {"uv": [5, 15, 5.5, 15.5], "texture": "#2"},
				"up": {"uv": [5, 15, 5.5, 15.5], "texture": "#2"}
			}
		},
		{
			"name": "element",
			"from": [7.375, 6.625, 10.5],
			"to": [8.625, 7, 11],
			"faces": {
				"north": {"uv": [5, 15, 5.5, 15.5], "texture": "#2"},
				"east": {"uv": [5, 15, 5.5, 15.5], "texture": "#2"},
				"south": {"uv": [5, 15, 5.5, 15.5], "texture": "#2"},
				"west": {"uv": [5, 15, 5.5, 15.5], "texture": "#2"},
				"up": {"uv": [5, 15, 5.5, 15.5], "texture": "#2"}
			}
		},
		{
			"name": "element",
			"from": [7.375, 6.625, 11],
			"to": [8.625, 7, 12],
			"faces": {
				"north": {"uv": [5, 15, 5.5, 15.5], "texture": "#2"},
				"east": {"uv": [5, 15, 5.5, 15.5], "texture": "#2"},
				"south": {"uv": [5, 15, 5.5, 15.5], "texture": "#2"},
				"west": {"uv": [5, 15, 5.5, 15.5], "texture": "#2"},
				"up": {"uv": [5, 15, 5.5, 15.5], "texture": "#2"}
			}
		},
		{
			"name": "element",
			"from": [7.375, 6.875, 8.375],
			"to": [8.625, 7, 8.625],
			"faces": {
				"east": {"uv": [5, 15, 5.5, 15.5], "texture": "#2"},
				"west": {"uv": [5, 15, 5.5, 15.5], "texture": "#2"},
				"up": {"uv": [5, 15, 5.5, 15.5], "texture": "#2"},
				"down": {"uv": [5, 15, 5.5, 15.5], "texture": "#2"}
			}
		},
		{
			"name": "element",
			"from": [7.375, 6.875, 8.875],
			"to": [8.625, 7, 10.5],
			"faces": {
				"east": {"uv": [5, 15, 5.5, 15.5], "texture": "#2"},
				"west": {"uv": [5, 15, 5.5, 15.5], "texture": "#2"},
				"up": {"uv": [5, 15, 5.5, 15.5], "texture": "#2"},
				"down": {"uv": [5, 15, 5.5, 15.5], "texture": "#2"}
			}
		},
		{
			"name": "element",
			"from": [7.375, 6.875, 11],
			"to": [8.625, 7, 11.25],
			"faces": {
				"east": {"uv": [5, 15, 5.5, 15.5], "texture": "#2"},
				"west": {"uv": [5, 15, 5.5, 15.5], "texture": "#2"},
				"up": {"uv": [5, 15, 5.5, 15.5], "texture": "#2"},
				"down": {"uv": [5, 15, 5.5, 15.5], "texture": "#2"}
			}
		},
		{
			"name": "element",
			"from": [7.5, 4.125, 10],
			"to": [8.5, 4.935, 11],
			"faces": {
				"north": {"uv": [0, 0, 0, 0], "texture": "#2"},
				"east": {"uv": [5, 15.5, 5.5, 16], "texture": "#2"},
				"south": {"uv": [5, 15.5, 5.5, 16], "texture": "#2"},
				"west": {"uv": [5, 15.5, 5.5, 16], "texture": "#2"},
				"up": {"uv": [5, 15.5, 5.5, 16], "texture": "#2"},
				"down": {"uv": [5, 15.5, 5.5, 16], "texture": "#2"}
			}
		},
		{
			"name": "element",
			"from": [7.5, 5.325, 10.9875],
			"to": [8.5, 6.135, 11.4875],
			"rotation": {"angle": 22.5, "axis": "x", "origin": [8, 7, 8]},
			"faces": {
				"east": {"uv": [5, 15.5, 5.5, 16], "texture": "#2"},
				"south": {"uv": [5, 15.5, 5.5, 16], "texture": "#2"},
				"west": {"uv": [5, 15.5, 5.5, 16], "texture": "#2"},
				"up": {"uv": [5, 15.5, 5.5, 16], "texture": "#2"},
				"down": {"uv": [5, 15.5, 5.5, 16], "texture": "#2"}
			}
		},
		{
			"name": "element",
			"from": [7.5, 4.125, 9.7],
			"to": [8.5, 6.525, 10.7],
			"faces": {
				"north": {"uv": [5, 15.5, 5.5, 16], "texture": "#2"},
				"east": {"uv": [5, 15.5, 5.5, 16], "texture": "#2"},
				"south": {"uv": [5, 15.5, 5.5, 16], "texture": "#2"},
				"west": {"uv": [5, 15.5, 5.5, 16], "texture": "#2"},
				"down": {"uv": [5, 15.5, 5.5, 16], "texture": "#2"}
			}
		},
		{
			"name": "element",
			"from": [7.4875, 4.275, 9.8],
			"to": [8.5125, 6.275, 10.6],
			"faces": {
				"north": {"uv": [4, 4, 4.5, 4.5], "texture": "#2"},
				"east": {"uv": [4, 4, 4.5, 4.5], "texture": "#2"},
				"south": {"uv": [4, 4, 4.5, 4.5], "texture": "#2"},
				"west": {"uv": [4, 4, 4.5, 4.5], "texture": "#2"},
				"up": {"uv": [4, 4, 4.5, 4.5], "texture": "#2"},
				"down": {"uv": [4, 4, 4.5, 4.5], "texture": "#2"}
			}
		},
		{
			"name": "element",
			"from": [7.4875, 4.2125, 9.9875],
			"to": [8.5125, 4.7125, 10.7875],
			"faces": {
				"north": {"uv": [0, 0, 0, 0], "texture": "#2"},
				"east": {"uv": [4, 4, 4.5, 4.5], "texture": "#2"},
				"south": {"uv": [4, 4, 4.5, 4.5], "texture": "#2"},
				"west": {"uv": [4, 4, 4.5, 4.5], "texture": "#2"},
				"up": {"uv": [4, 4, 4.5, 4.5], "texture": "#2"},
				"down": {"uv": [4, 4, 4.5, 4.5], "texture": "#2"}
			}
		},
		{
			"name": "element",
			"from": [7.4875, 7.725, 9.4625],
			"to": [8.5125, 8.225, 10.3125],
			"rotation": {"angle": 45, "axis": "x", "origin": [8, 7, 8.05]},
			"faces": {
				"east": {"uv": [4, 4, 4.5, 4.5], "texture": "#2"},
				"west": {"uv": [4, 4, 4.5, 4.5], "texture": "#2"},
				"down": {"uv": [4, 4, 4.5, 4.5], "texture": "#2"}
			}
		},
		{
			"name": "element",
			"from": [7.4875, 5.225, 9.65],
			"to": [8.5125, 5.725, 10.5],
			"rotation": {"angle": -22.5, "axis": "x", "origin": [8, 7, 8.05]},
			"faces": {
				"east": {"uv": [4, 4, 4.5, 4.5], "texture": "#2"},
				"south": {"uv": [4, 4, 4.5, 4.5], "texture": "#2"},
				"west": {"uv": [4, 4, 4.5, 4.5], "texture": "#2"},
				"down": {"uv": [4, 4, 4.5, 4.5], "texture": "#2"}
			}
		},
		{
			"name": "element",
			"from": [7.4875, 7.475, 10.5375],
			"to": [8.5125, 7.725, 11.0375],
			"rotation": {"angle": 22.5, "axis": "x", "origin": [8, 7, 8.05]},
			"faces": {
				"east": {"uv": [4, 4, 4.5, 4.5], "texture": "#2"},
				"south": {"uv": [4, 4, 4.5, 4.5], "texture": "#2"},
				"west": {"uv": [4, 4, 4.5, 4.5], "texture": "#2"},
				"down": {"uv": [4, 4, 4.5, 4.5], "texture": "#2"}
			}
		},
		{
			"name": "element",
			"from": [7.4875, 6.8125, 11.1],
			"to": [8.5125, 7.3125, 11.6],
			"rotation": {"angle": 45, "axis": "x", "origin": [8, 7, 8.05]},
			"faces": {
				"north": {"uv": [0, 0, 0, 0], "texture": "#2"},
				"east": {"uv": [4, 4, 4.5, 4.5], "texture": "#2"},
				"south": {"uv": [0, 0, 0, 0], "texture": "#2"},
				"west": {"uv": [4, 4, 4.5, 4.5], "texture": "#2"},
				"up": {"uv": [4, 4, 4.5, 4.5], "texture": "#2"},
				"down": {"uv": [0, 0, 0, 0], "texture": "#2"}
			}
		},
		{
			"name": "element",
			"from": [7.4875, 5.1625, 10.7125],
			"to": [8.5125, 5.6625, 10.9125],
			"rotation": {"angle": 22.5, "axis": "x", "origin": [8, 7, 8.05]},
			"faces": {
				"east": {"uv": [4, 4, 4.5, 4.5], "texture": "#2"},
				"south": {"uv": [4, 4, 4.5, 4.5], "texture": "#2"},
				"west": {"uv": [4, 4, 4.5, 4.5], "texture": "#2"},
				"down": {"uv": [4, 4, 4.5, 4.5], "texture": "#2"}
			}
		},
		{
			"name": "element",
			"from": [7.5, 6.425, 11.675],
			"to": [8.5, 6.925, 11.775],
			"faces": {
				"east": {"uv": [5, 15.5, 5.5, 16], "texture": "#2"},
				"south": {"uv": [5, 15.5, 5.5, 16], "texture": "#2"},
				"west": {"uv": [5, 15.5, 5.5, 16], "texture": "#2"},
				"down": {"uv": [5, 15.5, 5.5, 16], "texture": "#2"}
			}
		},
		{
			"name": "element",
			"from": [7.5, 5.025, 10.025],
			"to": [8.5, 5.525, 11.275],
			"rotation": {"angle": -22.5, "axis": "x", "origin": [8, 7, 8]},
			"faces": {
				"east": {"uv": [5, 15.5, 5.5, 16], "rotation": 270, "texture": "#2"},
				"south": {"uv": [5, 15.5, 5.5, 16], "texture": "#2"},
				"west": {"uv": [5, 15.5, 5.5, 16], "rotation": 90, "texture": "#2"},
				"down": {"uv": [5, 15.5, 5.5, 16], "texture": "#2"}
			}
		},
		{
			"name": "element",
			"from": [7.5, 6.7375, 10.525],
			"to": [8.5, 7.7375, 11.025],
			"rotation": {"angle": 22.5, "axis": "x", "origin": [8, 7, 8.075]},
			"faces": {
				"east": {"uv": [5, 15.5, 5.5, 16], "texture": "#2"},
				"south": {"uv": [5, 15.5, 5.5, 16], "texture": "#2"},
				"west": {"uv": [5, 15.5, 5.5, 16], "texture": "#2"}
			}
		},
		{
			"name": "element",
			"from": [7.5, 5.5125, 9.175],
			"to": [8.5, 6.0125, 10.175],
			"rotation": {"angle": -22.5, "axis": "x", "origin": [8, 7, 8]},
			"faces": {
				"north": {"uv": [5, 15.5, 5.5, 16], "texture": "#2"},
				"east": {"uv": [5, 15.5, 5.5, 16], "texture": "#2"},
				"west": {"uv": [5, 15.5, 5.5, 16], "texture": "#2"},
				"down": {"uv": [5, 15.5, 5.5, 16], "texture": "#2"}
			}
		},
		{
			"name": "element",
			"from": [7.5, 7.05, 9.2625],
			"to": [8.5, 7.55, 9.7625],
			"rotation": {"angle": 22.5, "axis": "x", "origin": [8, 7, 8]},
			"faces": {
				"east": {"uv": [5, 15.5, 5.5, 16], "rotation": 90, "texture": "#2"},
				"west": {"uv": [5, 15.5, 5.5, 16], "rotation": 270, "texture": "#2"},
				"down": {"uv": [5, 15.5, 5.5, 16], "rotation": 180, "texture": "#2"}
			}
		},
		{
			"name": "element",
			"from": [7.375, 6.625, 8.375],
			"to": [7.5625, 6.875, 8.625],
			"faces": {
				"west": {"uv": [8.96, 0.96, 11.04, 3.04], "texture": "#5_1"}
			}
		},
		{
			"name": "element",
			"from": [7.375, 6.625, 8.875],
			"to": [8.6, 6.885, 10.5],
			"faces": {
				"east": {"uv": [5, 15, 5.5, 15.5], "texture": "#5_1"},
				"west": {"uv": [5, 15, 5.5, 15.5], "texture": "#5_1"}
			}
		},
		{
			"name": "element",
			"from": [7.4, 6.625, 10.975],
			"to": [8.525, 6.875, 11.275],
			"faces": {
				"east": {"uv": [5, 15, 5.5, 15.5], "texture": "#2"},
				"west": {"uv": [5, 15, 5.5, 15.5], "texture": "#2"}
			}
		},
		{
			"name": "element",
			"from": [7.5, 6.75, 7.125],
			"to": [8.5, 7.935, 12.25],
			"faces": {
				"north": {"uv": [9.5, 10.5, 10, 11], "texture": "#2"},
				"east": {"uv": [9.5, 10.5, 10, 11], "texture": "#2"},
				"south": {"uv": [9.5, 10.5, 10, 11], "texture": "#2"},
				"west": {"uv": [9.5, 10.5, 10, 11], "texture": "#2"},
				"up": {"uv": [9.5, 10.5, 10, 11], "texture": "#2"},
				"down": {"uv": [9.5, 10.5, 10, 11], "texture": "#2"}
			}
		},
		{
			"name": "element",
			"from": [7.4625, 7, 8.45],
			"to": [8.5375, 7.075, 11.95],
			"faces": {
				"north": {"uv": [11, 9.5, 11.5, 10], "texture": "#2"},
				"east": {"uv": [11, 9.5, 11.5, 10], "texture": "#2"},
				"south": {"uv": [11, 9.5, 11.5, 10], "texture": "#2"},
				"west": {"uv": [11, 9.5, 11.5, 10], "texture": "#2"},
				"up": {"uv": [11, 9.5, 11.5, 10], "texture": "#2"}
			}
		},
		{
			"name": "element",
			"from": [7.5, 7.875, 7.5625],
			"to": [7.8125, 8, 11.5],
			"faces": {
				"east": {"uv": [9.5, 10.5, 10, 11], "texture": "#2"},
				"west": {"uv": [9.5, 10.5, 10, 11], "texture": "#2"},
				"up": {"uv": [9.5, 10.5, 10, 11], "texture": "#2"}
			}
		},
		{
			"name": "element",
			"from": [7.5, 7.875, 7.225],
			"to": [8.5, 8, 7.725],
			"faces": {
				"north": {"uv": [9.5, 10.5, 10, 11], "texture": "#2"},
				"east": {"uv": [9.5, 10.5, 10, 11], "texture": "#2"},
				"south": {"uv": [9.5, 10.5, 10, 11], "texture": "#2"},
				"west": {"uv": [9.5, 10.5, 10, 11], "texture": "#2"},
				"up": {"uv": [9.5, 10.5, 10, 11], "texture": "#2"}
			}
		},
		{
			"name": "element",
			"from": [7.5, 7.875, 11.475],
			"to": [8.5, 8, 12.175],
			"faces": {
				"north": {"uv": [9.5, 10.5, 10, 11], "texture": "#2"},
				"east": {"uv": [9.5, 10.5, 10, 11], "texture": "#2"},
				"south": {"uv": [9.5, 10.5, 10, 11], "texture": "#2"},
				"west": {"uv": [9.5, 10.5, 10, 11], "texture": "#2"},
				"up": {"uv": [9.5, 10.5, 10, 11], "texture": "#2"}
			}
		},
		{
			"name": "element",
			"from": [7.5, 6.2, 12.15],
			"to": [8.5, 6.325, 12.25],
			"rotation": {"angle": -22.5, "axis": "x", "origin": [8, 7, 8]},
			"faces": {
				"east": {"uv": [9.5, 10.5, 10, 11], "texture": "#2"},
				"south": {"uv": [9.5, 10.5, 10, 11], "texture": "#2"},
				"west": {"uv": [9.5, 10.5, 10, 11], "texture": "#2"},
				"up": {"uv": [9.5, 10.5, 10, 11], "texture": "#2"}
			}
		},
		{
			"name": "element",
			"from": [7.5, 8.125, 8.0625],
			"to": [8.5, 8.25, 8.1625],
			"rotation": {"angle": -45, "axis": "x", "origin": [8, 7, 8]},
			"faces": {
				"east": {"uv": [9.5, 10.5, 10, 11], "texture": "#2"},
				"west": {"uv": [9.5, 10.5, 10, 11], "texture": "#2"},
				"up": {"uv": [9.5, 10.5, 10, 11], "texture": "#2"}
			}
		},
		{
			"name": "element",
			"from": [8.2, 7.875, 7.5625],
			"to": [8.5, 8, 11.5],
			"faces": {
				"east": {"uv": [9.5, 10.5, 10, 11], "texture": "#2"},
				"west": {"uv": [9.5, 10.5, 10, 11], "texture": "#2"},
				"up": {"uv": [9.5, 10.5, 10, 11], "texture": "#2"}
			}
		},
		{
			"name": "element",
			"from": [7.5, 8, 7.25],
			"to": [8.5, 8.0625, 7.75],
			"faces": {
				"north": {"uv": [10.5, 0.5, 11, 1], "texture": "#2"},
				"east": {"uv": [10.5, 0.5, 11, 1], "texture": "#2"},
				"south": {"uv": [10.5, 0.5, 11, 1], "texture": "#2"},
				"west": {"uv": [10.5, 0.5, 11, 1], "texture": "#2"},
				"up": {"uv": [10.5, 0.5, 11, 1], "texture": "#2"},
				"down": {"uv": [10.5, 0.5, 11, 1], "texture": "#2"}
			}
		},
		{
			"name": "element",
			"from": [7.5, 8, 11.5],
			"to": [8.5, 8.0625, 12.125],
			"faces": {
				"north": {"uv": [10.5, 0.5, 11, 1], "texture": "#2"},
				"east": {"uv": [10.5, 0.5, 11, 1], "texture": "#2"},
				"south": {"uv": [10.5, 0.5, 11, 1], "texture": "#2"},
				"west": {"uv": [10.5, 0.5, 11, 1], "texture": "#2"},
				"up": {"uv": [10.5, 0.5, 11, 1], "texture": "#2"}
			}
		},
		{
			"name": "element",
			"from": [7.5, 8.0625, 7.25],
			"to": [7.75, 8.125, 7.75],
			"faces": {
				"north": {"uv": [10.5, 0.5, 11, 1], "texture": "#2"},
				"east": {"uv": [10.5, 0.5, 11, 1], "texture": "#2"},
				"south": {"uv": [10.5, 0.5, 11, 1], "texture": "#2"},
				"west": {"uv": [10.5, 0.5, 11, 1], "texture": "#2"},
				"up": {"uv": [10.5, 0.5, 11, 1], "texture": "#2"}
			}
		},
		{
			"name": "element",
			"from": [7.5, 8.0625, 11.5],
			"to": [7.75, 8.125, 12.125],
			"faces": {
				"north": {"uv": [10.5, 0.5, 11, 1], "texture": "#2"},
				"east": {"uv": [10.5, 0.5, 11, 1], "texture": "#2"},
				"south": {"uv": [10.5, 0.5, 11, 1], "texture": "#2"},
				"west": {"uv": [10.5, 0.5, 11, 1], "texture": "#2"},
				"up": {"uv": [10.5, 0.5, 11, 1], "texture": "#2"}
			}
		},
		{
			"name": "element",
			"from": [7.5625, 4.0625, 9.5625],
			"to": [8.4375, 4.125, 9.625],
			"faces": {
				"north": {"uv": [5, 15.5, 5.5, 16], "texture": "#2"},
				"east": {"uv": [5, 15.5, 5.5, 16], "texture": "#2"},
				"west": {"uv": [5, 15.5, 5.5, 16], "texture": "#2"},
				"down": {"uv": [5, 15.5, 5.5, 16], "texture": "#2"}
			}
		},
		{
			"name": "element",
			"from": [7.5625, 4.0625, 9.625],
			"to": [7.625, 4.125, 11],
			"faces": {
				"south": {"uv": [5, 15.5, 5.5, 16], "texture": "#2"},
				"west": {"uv": [5, 15.5, 5.5, 16], "texture": "#2"},
				"up": {"uv": [5, 15.5, 5.5, 16], "texture": "#2"},
				"down": {"uv": [5, 15.5, 5.5, 16], "texture": "#2"}
			}
		},
		{
			"name": "element",
			"from": [7.5625, 4.125, 9.5625],
			"to": [7.625, 6.5, 9.625],
			"faces": {
				"north": {"uv": [5, 15.5, 5.5, 16], "texture": "#2"},
				"south": {"uv": [5, 15.5, 5.5, 16], "texture": "#2"},
				"west": {"uv": [5, 15.5, 5.5, 16], "texture": "#2"}
			}
		},
		{
			"name": "element",
			"from": [7.5625, 4.1875, 10.875],
			"to": [7.625, 4.9375, 11],
			"faces": {
				"north": {"uv": [0, 0, 0, 0], "texture": "#2"},
				"east": {"uv": [0, 0, 0, 0], "texture": "#2"},
				"south": {"uv": [8.96, 0.96, 11.04, 3.04], "texture": "#2"},
				"west": {"uv": [8.96, 0.96, 11.04, 3.04], "texture": "#2"},
				"up": {"uv": [8.96, 0.96, 11.04, 3.04], "texture": "#2"},
				"down": {"uv": [0, 0, 0, 0], "texture": "#2"}
			}
		},
		{
			"name": "element",
			"from": [7.5625, 4.875, 10.6875],
			"to": [7.625, 4.9375, 10.875],
			"faces": {
				"east": {"uv": [8.96, 0.96, 11.04, 3.04], "texture": "#missing"},
				"west": {"uv": [8.96, 0.96, 11.04, 3.04], "texture": "#missing"},
				"up": {"uv": [8.96, 0.96, 11.04, 3.04], "texture": "#2"}
			}
		},
		{
			"name": "element",
			"from": [7.5625, 6.125, 10.6875],
			"to": [7.625, 6.1875, 10.9375],
			"color": 6,
			"faces": {
				"east": {"uv": [8.96, 0.96, 11.04, 3.04], "texture": "#missing"},
				"west": {"uv": [8.96, 0.96, 11.04, 3.04], "texture": "#missing"}
			}
		},
		{
			"name": "element",
			"from": [7.625, 2.875, 9.5625],
			"to": [8.375, 2.9375, 10.7625],
			"faces": {
				"north": {"uv": [4.5, 15.5, 5, 16], "texture": "#2"},
				"east": {"uv": [4.5, 15.5, 5, 16], "texture": "#2"},
				"south": {"uv": [4.5, 15.5, 5, 16], "texture": "#2"},
				"west": {"uv": [4.5, 15.5, 5, 16], "texture": "#2"},
				"up": {"uv": [4.5, 15.5, 5, 16], "texture": "#2"},
				"down": {"uv": [4.5, 15.5, 5, 16], "texture": "#2"}
			}
		},
		{
			"name": "element",
			"from": [7.625, 4.8375, 10.4625],
			"to": [8.375, 5.8375, 10.525],
			"rotation": {"angle": 22.5, "axis": "x", "origin": [8, 7, 8]},
			"faces": {
				"north": {"uv": [5.5, 13.5, 6, 14], "texture": "#2"},
				"east": {"uv": [5.5, 13.5, 6, 14], "texture": "#2"},
				"south": {"uv": [5.5, 13.5, 6, 14], "texture": "#2"},
				"west": {"uv": [5.5, 13.5, 6, 14], "texture": "#2"}
			}
		},
		{
			"name": "element",
			"from": [7.625, 4, 9.4375],
			"to": [8.375, 4.0625, 11.0625],
			"faces": {
				"north": {"uv": [5.5, 13.5, 6, 14], "texture": "#2"},
				"east": {"uv": [5.5, 13.5, 6, 14], "texture": "#2"},
				"south": {"uv": [5.5, 13.5, 6, 14], "texture": "#2"},
				"west": {"uv": [5.5, 13.5, 6, 14], "texture": "#2"},
				"up": {"uv": [5.5, 13.5, 6, 14], "texture": "#2"},
				"down": {"uv": [5.5, 13.5, 6, 14], "texture": "#2"}
			}
		},
		{
			"name": "element",
			"from": [7.625, 4.0625, 9.5],
			"to": [8.375, 6.5, 9.5625],
			"faces": {
				"north": {"uv": [5.5, 13.5, 6, 14], "texture": "#2"},
				"east": {"uv": [5.5, 13.5, 6, 14], "texture": "#2"},
				"west": {"uv": [5.5, 13.5, 6, 14], "texture": "#2"}
			}
		},
		{
			"name": "element",
			"from": [7.625, 4.0625, 9.6],
			"to": [8.375, 4.125, 11.0375],
			"faces": {
				"east": {"uv": [5.5, 13.5, 6, 14], "texture": "#2"},
				"south": {"uv": [5.5, 13.5, 6, 14], "texture": "#2"},
				"west": {"uv": [5.5, 13.5, 6, 14], "texture": "#2"},
				"up": {"uv": [5.5, 13.5, 6, 14], "texture": "#2"}
			}
		},
		{
			"name": "element",
			"from": [7.625, 4.125, 9.5625],
			"to": [8.375, 6.5, 9.625],
			"faces": {
				"south": {"uv": [4.96, 0.96, 7.04, 3.04], "texture": "#2"}
			}
		},
		{
			"name": "element",
			"from": [7.625, 4.1875, 10.85],
			"to": [8.375, 5, 11.0375],
			"faces": {
				"north": {"uv": [5.5, 13.5, 6, 14], "texture": "#2"},
				"east": {"uv": [5.5, 13.5, 6, 14], "texture": "#2"},
				"south": {"uv": [5.5, 13.5, 6, 14], "texture": "#2"},
				"west": {"uv": [5.5, 13.5, 6, 14], "texture": "#2"},
				"up": {"uv": [5.5, 14, 6, 14.5], "texture": "#2"},
				"down": {"uv": [5.5, 13.5, 6, 14], "texture": "#2"}
			}
		},
		{
			"name": "element",
			"from": [7.625, 6.625, 7.1875],
			"to": [8.375, 6.75, 7.9375],
			"faces": {
				"north": {"uv": [5, 15, 5.5, 15.5], "texture": "#2"},
				"east": {"uv": [5, 15, 5.5, 15.5], "texture": "#2"},
				"south": {"uv": [5, 15, 5.5, 15.5], "texture": "#2"},
				"west": {"uv": [5, 15, 5.5, 15.5], "texture": "#2"},
				"down": {"uv": [5, 15, 5.5, 15.5], "texture": "#2"}
			}
		},
		{
			"name": "element",
			"from": [7.625, 6.6875, 11.95],
			"to": [8.375, 7.8775, 12.375],
			"faces": {
				"east": {"uv": [7.5, 0, 8, 0.5], "texture": "#2"},
				"south": {"uv": [7.5, 0, 8, 0.5], "texture": "#2"},
				"west": {"uv": [7.5, 0, 8, 0.5], "texture": "#2"},
				"up": {"uv": [7.5, 0, 8, 0.5], "texture": "#2"},
				"down": {"uv": [7.5, 0, 8, 0.5], "texture": "#2"}
			}
		},
		{
			"name": "element",
			"from": [7.625, 8.125, 8.25],
			"to": [7.75, 8.375, 8.5],
			"faces": {
				"north": {"uv": [7.5, 0, 8, 0.5], "texture": "#2"},
				"east": {"uv": [7.5, 0, 8, 0.5], "texture": "#2"},
				"south": {"uv": [7.5, 0, 8, 0.5], "texture": "#2"},
				"west": {"uv": [7.5, 0, 8, 0.5], "texture": "#2"},
				"up": {"uv": [7.5, 0, 8, 0.5], "texture": "#2"}
			}
		},
		{
			"name": "element",
			"from": [7.625, 8.125, 9.5],
			"to": [7.75, 8.225, 9.625],
			"faces": {
				"east": {"uv": [7.5, 0, 8, 0.5], "texture": "#2"},
				"west": {"uv": [7.5, 0, 8, 0.5], "texture": "#2"}
			}
		},
		{
			"name": "element",
			"from": [7.625, 7.875, 7],
			"to": [7.75, 8.0625, 7.29],
			"rotation": {"angle": 22.5, "axis": "x", "origin": [8, 7, 8]},
			"faces": {
				"east": {"uv": [7.5, 0, 8, 0.5], "texture": "#2"},
				"south": {"uv": [7.5, 0, 8, 0.5], "texture": "#2"},
				"west": {"uv": [7.5, 0, 8, 0.5], "texture": "#2"},
				"up": {"uv": [7.5, 0, 8, 0.5], "texture": "#2"}
			}
		},
		{
			"name": "element",
			"from": [8.25, 7.875, 7],
			"to": [8.375, 8.0625, 7.29],
			"rotation": {"angle": 22.5, "axis": "x", "origin": [8, 7, 8]},
			"faces": {
				"east": {"uv": [7.5, 0, 8, 0.5], "texture": "#2"},
				"south": {"uv": [7.5, 0, 8, 0.5], "texture": "#2"},
				"west": {"uv": [7.5, 0, 8, 0.5], "texture": "#2"},
				"up": {"uv": [7.5, 0, 8, 0.5], "texture": "#2"}
			}
		},
		{
			"name": "element",
			"from": [7.625, 8.125, 7.625],
			"to": [7.75, 8.25, 7.75],
			"faces": {
				"east": {"uv": [7.5, 0, 8, 0.5], "texture": "#2"},
				"south": {"uv": [7.5, 0, 8, 0.5], "texture": "#2"},
				"west": {"uv": [7.5, 0, 8, 0.5], "texture": "#2"},
				"up": {"uv": [7.5, 0, 8, 0.5], "texture": "#2"}
			}
		},
		{
			"name": "element",
			"from": [7.625, 8.125, 11.5],
			"to": [7.75, 8.375, 11.6875],
			"faces": {
				"north": {"uv": [7.5, 0, 8, 0.5], "texture": "#2"},
				"east": {"uv": [7.5, 0, 8, 0.5], "texture": "#2"},
				"south": {"uv": [7.5, 0, 8, 0.5], "texture": "#2"},
				"west": {"uv": [7.5, 0, 8, 0.5], "texture": "#2"},
				"up": {"uv": [7.5, 0, 8, 0.5], "texture": "#2"}
			}
		},
		{
			"name": "element",
			"from": [7.625, 8.125, 11.6875],
			"to": [7.8125, 8.1875, 11.75],
			"faces": {
				"west": {"uv": [7.5, 0, 8, 0.5], "texture": "#2"}
			}
		},
		{
			"name": "element",
			"from": [7.625, 8.125, 11.75],
			"to": [7.75, 8.25, 12.125],
			"faces": {
				"east": {"uv": [7.5, 0, 8, 0.5], "texture": "#2"},
				"south": {"uv": [7.5, 0, 8, 0.5], "texture": "#2"},
				"west": {"uv": [7.5, 0, 8, 0.5], "texture": "#2"},
				"up": {"uv": [7.5, 0, 8, 0.5], "texture": "#2"}
			}
		},
		{
			"name": "element",
			"from": [7.625, 9.61, 11.18],
			"to": [7.75, 9.735, 11.33],
			"rotation": {"angle": 22.5, "axis": "x", "origin": [8, 7, 8]},
			"faces": {
				"east": {"uv": [7.5, 0, 8, 0.5], "texture": "#2"},
				"south": {"uv": [7.5, 0, 8, 0.5], "texture": "#2"},
				"west": {"uv": [7.5, 0, 8, 0.5], "texture": "#2"},
				"up": {"uv": [7.5, 0, 8, 0.5], "texture": "#2"}
			}
		},
		{
			"name": "element",
			"from": [7.625, 7.0575, 9.985],
			"to": [7.75, 7.2275, 10.11],
			"rotation": {"angle": -22.5, "axis": "x", "origin": [8, 12.5, 8]},
			"faces": {
				"north": {"uv": [7.5, 0, 8, 0.5], "texture": "#2"},
				"east": {"uv": [7.5, 0, 8, 0.5], "texture": "#2"},
				"south": {"uv": [7.5, 0, 8, 0.5], "texture": "#2"},
				"west": {"uv": [7.5, 0, 8, 0.5], "texture": "#2"},
				"up": {"uv": [7.5, 0, 8, 0.5], "texture": "#2"}
			}
		},
		{
			"name": "element",
			"from": [7.625, 8.1875, 11.6875],
			"to": [7.75, 8.25, 11.75],
			"faces": {
				"west": {"uv": [8.96, 0.96, 11.04, 3.04], "texture": "#2"},
				"up": {"uv": [8.96, 0.96, 11.04, 3.04], "texture": "#2"}
			}
		},
		{
			"name": "element",
			"from": [8.25, 8.375, 11.525],
			"to": [8.375, 8.4375, 11.965],
			"faces": {
				"north": {"uv": [7.5, 0, 8, 0.5], "texture": "#2"},
				"east": {"uv": [7.5, 0, 8, 0.5], "texture": "#2"},
				"west": {"uv": [7.5, 0, 8, 0.5], "texture": "#2"},
				"up": {"uv": [7.5, 0, 8, 0.5], "texture": "#2"}
			}
		},
		{
			"name": "element",
			"from": [7.625, 8.375, 11.525],
			"to": [7.75, 8.4375, 11.965],
			"faces": {
				"north": {"uv": [7.5, 0, 8, 0.5], "texture": "#2"},
				"east": {"uv": [7.5, 0, 8, 0.5], "texture": "#2"},
				"south": {"uv": [7.5, 0, 8, 0.5], "texture": "#2"},
				"west": {"uv": [7.5, 0, 8, 0.5], "texture": "#2"},
				"up": {"uv": [7.5, 0, 8, 0.5], "texture": "#2"},
				"down": {"uv": [7.5, 0, 8, 0.5], "texture": "#2"}
			}
		},
		{
			"name": "element",
			"from": [8.25, 9.61, 10.71],
			"to": [8.375, 9.6725, 10.7725],
			"rotation": {"angle": 22.5, "axis": "x", "origin": [8.625, 7, 8]},
			"faces": {
				"north": {"uv": [7.5, 0, 8, 0.5], "texture": "#2"},
				"east": {"uv": [7.5, 0, 8, 0.5], "texture": "#2"},
				"west": {"uv": [7.5, 0, 8, 0.5], "texture": "#2"}
			}
		},
		{
			"name": "element",
			"from": [7.625, 9.61, 10.71],
			"to": [7.75, 9.6725, 10.7725],
			"rotation": {"angle": 22.5, "axis": "x", "origin": [8, 7, 8]},
			"faces": {
				"north": {"uv": [7.5, 0, 8, 0.5], "texture": "#2"},
				"east": {"uv": [7.5, 0, 8, 0.5], "texture": "#2"},
				"west": {"uv": [7.5, 0, 8, 0.5], "texture": "#2"}
			}
		},
		{
			"name": "element",
			"from": [7.6625, 2.9375, 9.8375],
			"to": [8.3375, 4.4375, 9.9375],
			"faces": {
				"north": {"uv": [1, 11.5, 1.5, 12], "texture": "#2"},
				"east": {"uv": [1, 11.5, 1.5, 12], "texture": "#2"},
				"south": {"uv": [1, 11.5, 1.5, 12], "texture": "#2"},
				"west": {"uv": [1, 11.5, 1.5, 12], "texture": "#2"}
			}
		},
		{
			"name": "element",
			"from": [7.6625, 2.9375, 10.2],
			"to": [8.3375, 4.4375, 10.3],
			"faces": {
				"north": {"uv": [1, 11.5, 1.5, 12], "texture": "#2"},
				"east": {"uv": [1, 11.5, 1.5, 12], "texture": "#2"},
				"south": {"uv": [1, 11.5, 1.5, 12], "texture": "#2"},
				"west": {"uv": [1, 11.5, 1.5, 12], "texture": "#2"}
			}
		},
		{
			"name": "element",
			"from": [7.6625, 2.9375, 10.55],
			"to": [8.3375, 4.4375, 10.65],
			"faces": {
				"north": {"uv": [1, 11.5, 1.5, 12], "texture": "#2"},
				"east": {"uv": [1, 11.5, 1.5, 12], "texture": "#2"},
				"south": {"uv": [1, 11.5, 1.5, 12], "texture": "#2"},
				"west": {"uv": [1, 11.5, 1.5, 12], "texture": "#2"}
			}
		},
		{
			"name": "element",
			"from": [7.6625, 2.9375, 10.025],
			"to": [8.3375, 4.4375, 10.125],
			"faces": {
				"north": {"uv": [1, 11.5, 1.5, 12], "texture": "#2"},
				"east": {"uv": [1, 11.5, 1.5, 12], "texture": "#2"},
				"south": {"uv": [1, 11.5, 1.5, 12], "texture": "#2"},
				"west": {"uv": [1, 11.5, 1.5, 12], "texture": "#2"}
			}
		},
		{
			"name": "element",
			"from": [7.6625, 2.9375, 10.3875],
			"to": [8.3375, 4.4375, 10.4875],
			"faces": {
				"north": {"uv": [1, 11.5, 1.5, 12], "texture": "#2"},
				"east": {"uv": [1, 11.5, 1.5, 12], "texture": "#2"},
				"south": {"uv": [1, 11.5, 1.5, 12], "texture": "#2"},
				"west": {"uv": [1, 11.5, 1.5, 12], "texture": "#2"}
			}
		},
		{
			"name": "element",
			"from": [7.6875, 2.9375, 9.7375],
			"to": [8.3125, 4.4375, 10.7375],
			"faces": {
				"north": {"uv": [1, 11.5, 1.5, 12], "texture": "#2"},
				"east": {"uv": [1, 11.5, 1.5, 12], "texture": "#2"},
				"south": {"uv": [1, 11.5, 1.5, 12], "texture": "#2"},
				"west": {"uv": [1, 11.5, 1.5, 12], "texture": "#2"}
			}
		},
		{
			"name": "element",
			"from": [7.6875, 3.8875, 11.1],
			"to": [8.3125, 4.3875, 11.2],
			"rotation": {"angle": 22.5, "axis": "x", "origin": [8, 7, 8]},
			"faces": {
				"north": {"uv": [1, 11.5, 1.5, 12], "texture": "#2"},
				"east": {"uv": [1, 11.5, 1.5, 12], "texture": "#2"},
				"west": {"uv": [1, 11.5, 1.5, 12], "texture": "#2"},
				"down": {"uv": [1, 11.5, 1.5, 12], "texture": "#2"}
			}
		},
		{
			"name": "element",
			"from": [7.6875, 4.5, 10.525],
			"to": [8.3125, 6, 10.905],
			"faces": {
				"east": {"uv": [11.5, 15.5, 12, 16], "texture": "#2"},
				"south": {"uv": [11.5, 15.5, 12, 16], "texture": "#2"},
				"west": {"uv": [11.5, 15.5, 12, 16], "texture": "#2"},
				"up": {"uv": [11.5, 15.5, 12, 16], "texture": "#2"}
			}
		},
		{
			"name": "element",
			"from": [7.6875, 5, 10.9],
			"to": [8.3125, 5.9375, 10.9625],
			"faces": {
				"east": {"uv": [11.5, 15.5, 12, 16], "texture": "#2"},
				"south": {"uv": [11.5, 15.5, 12, 16], "texture": "#2"},
				"west": {"uv": [11.5, 15.5, 12, 16], "texture": "#2"},
				"up": {"uv": [11.5, 15.5, 12, 16], "texture": "#2"}
			}
		},
		{
			"name": "element",
			"from": [7.6875, 6.5625, 7.1875],
			"to": [8.3125, 6.625, 7.9375],
			"faces": {
				"north": {"uv": [5, 15, 5.5, 15.5], "texture": "#2"},
				"east": {"uv": [5, 15, 5.5, 15.5], "texture": "#2"},
				"south": {"uv": [5, 15, 5.5, 15.5], "texture": "#2"},
				"west": {"uv": [5, 15, 5.5, 15.5], "texture": "#2"},
				"down": {"uv": [5, 15, 5.5, 15.5], "texture": "#2"}
			}
		},
		{
			"name": "element",
			"from": [7.545, 6.7175, 7.1875],
			"to": [7.595, 6.8175, 7.9375],
			"rotation": {"angle": 22.5, "axis": "z", "origin": [8, 7, 8]},
			"faces": {
				"north": {"uv": [5, 15, 5.5, 15.5], "texture": "#2"},
				"south": {"uv": [5, 15, 5.5, 15.5], "texture": "#2"},
				"west": {"uv": [5, 15, 5.5, 15.5], "texture": "#2"}
			}
		},
		{
			"name": "element",
			"from": [8.405, 6.7175, 7.1875],
			"to": [8.455, 6.8175, 7.9375],
			"rotation": {"angle": -22.5, "axis": "z", "origin": [8, 7, 8]},
			"faces": {
				"north": {"uv": [5, 15, 5.5, 15.5], "texture": "#2"},
				"east": {"uv": [5, 15, 5.5, 15.5], "texture": "#2"},
				"south": {"uv": [5, 15, 5.5, 15.5], "texture": "#2"}
			}
		},
		{
			"name": "element",
			"from": [7.6875, 7, 12.8125],
			"to": [8.3125, 7.5, 13.125],
			"faces": {
				"north": {"uv": [10.5, 0.5, 11, 1], "texture": "#2"},
				"east": {"uv": [10.5, 0.5, 11, 1], "texture": "#2"},
				"south": {"uv": [10.5, 0.5, 11, 1], "texture": "#2"},
				"west": {"uv": [10.5, 0.5, 11, 1], "texture": "#2"},
				"up": {"uv": [10.5, 0.5, 11, 1], "texture": "#2"},
				"down": {"uv": [10.5, 0.5, 11, 1], "texture": "#2"}
			}
		},
		{
			"name": "element",
			"from": [9.55, 7, 12.39],
			"to": [9.65, 7.5, 12.565],
			"rotation": {"angle": -22.5, "axis": "y", "origin": [8, 7, 8]},
			"faces": {
				"south": {"uv": [10.5, 0.5, 11, 1], "texture": "#2"},
				"west": {"uv": [10.5, 0.5, 11, 1], "texture": "#2"},
				"up": {"uv": [10.5, 0.5, 11, 1], "texture": "#2"},
				"down": {"uv": [10.5, 0.5, 11, 1], "texture": "#2"}
			}
		},
		{
			"name": "element",
			"from": [6.3475, 7, 12.39],
			"to": [6.4475, 7.5, 12.565],
			"rotation": {"angle": 22.5, "axis": "y", "origin": [8, 7, 8]},
			"faces": {
				"east": {"uv": [10.5, 0.5, 11, 1], "texture": "#2"},
				"south": {"uv": [10.5, 0.5, 11, 1], "texture": "#2"},
				"up": {"uv": [10.5, 0.5, 11, 1], "texture": "#2"},
				"down": {"uv": [10.5, 0.5, 11, 1], "texture": "#2"}
			}
		},
		{
			"name": "element",
			"from": [7.75, 6.4375, 7.25],
			"to": [8.25, 6.5625, 7.375],
			"faces": {
				"north": {"uv": [9.5, 10.5, 10, 11], "texture": "#2"},
				"east": {"uv": [9.5, 10.5, 10, 11], "texture": "#2"},
				"south": {"uv": [9.5, 10.5, 10, 11], "texture": "#2"},
				"west": {"uv": [9.5, 10.5, 10, 11], "texture": "#2"},
				"down": {"uv": [9.5, 10.5, 10, 11], "texture": "#2"}
			}
		},
		{
			"name": "element",
			"from": [7.75, 6.4375, 7.5],
			"to": [8.25, 6.5625, 7.625],
			"faces": {
				"north": {"uv": [9.5, 10.5, 10, 11], "texture": "#2"},
				"east": {"uv": [9.5, 10.5, 10, 11], "texture": "#2"},
				"south": {"uv": [9.5, 10.5, 10, 11], "texture": "#2"},
				"west": {"uv": [9.5, 10.5, 10, 11], "texture": "#2"},
				"down": {"uv": [9.5, 10.5, 10, 11], "texture": "#2"}
			}
		},
		{
			"name": "element",
			"from": [7.75, 6.4375, 7.75],
			"to": [8.25, 6.5625, 7.875],
			"faces": {
				"north": {"uv": [9.5, 10.5, 10, 11], "texture": "#2"},
				"east": {"uv": [9.5, 10.5, 10, 11], "texture": "#2"},
				"south": {"uv": [9.5, 10.5, 10, 11], "texture": "#2"},
				"west": {"uv": [9.5, 10.5, 10, 11], "texture": "#2"},
				"down": {"uv": [9.5, 10.5, 10, 11], "texture": "#2"}
			}
		},
		{
			"name": "element",
			"from": [7.75, 6.5, 7.375],
			"to": [8.25, 6.5625, 7.775],
			"faces": {
				"east": {"uv": [9.5, 10.5, 10, 11], "texture": "#2"},
				"west": {"uv": [9.5, 10.5, 10, 11], "texture": "#2"},
				"down": {"uv": [9.5, 10.5, 10, 11], "texture": "#2"}
			}
		},
		{
			"name": "element",
			"from": [7.75, 7, 11.9375],
			"to": [8.25, 7.5, 12.9375],
			"faces": {
				"east": {"uv": [10.5, 0.5, 11, 1], "texture": "#2"},
				"west": {"uv": [10.5, 0.5, 11, 1], "texture": "#2"},
				"up": {"uv": [10.5, 0.5, 11, 1], "texture": "#2"},
				"down": {"uv": [10.5, 0.5, 11, 1], "texture": "#2"}
			}
		},
		{
			"name": "element",
			"from": [7.75, 8.9625, 11.6125],
			"to": [8.25, 9.2125, 12.1125],
			"rotation": {"angle": 22.5, "axis": "x", "origin": [8, 7, 8]},
			"faces": {
				"east": {"uv": [10.5, 0.5, 11, 1], "texture": "#2"},
				"west": {"uv": [10.5, 0.5, 11, 1], "texture": "#2"},
				"up": {"uv": [10.5, 0.5, 11, 1], "texture": "#2"}
			}
		},
		{
			"name": "element",
			"from": [7.75, 8.0625, 7.3125],
			"to": [8.25, 8.125, 7.5625],
			"faces": {
				"north": {"uv": [4, 3.5, 4.5, 4], "texture": "#2"},
				"south": {"uv": [4, 3.5, 4.5, 4], "texture": "#2"}
			}
		},
		{
			"name": "element",
			"from": [7.75, 8.0625, 11.5625],
			"to": [8.25, 8.1875, 11.6875],
			"faces": {
				"north": {"uv": [8.96, 4.96, 11.04, 7.04], "texture": "#5_1"},
				"up": {"uv": [8.96, 4.96, 11.04, 7.04], "texture": "#5_1"}
			}
		},
		{
			"name": "element",
			"from": [7.75, 8.0625, 11.6875],
			"to": [8.25, 8.125, 11.9375],
			"faces": {
				"south": {"uv": [8.96, 4.96, 11.04, 7.04], "texture": "#5_1"},
				"up": {"uv": [8.96, 4.96, 11.04, 7.04], "texture": "#5_1"}
			}
		},
		{
			"name": "element",
			"from": [7.75, 8.125, 7.3125],
			"to": [7.8125, 8.25, 7.5625],
			"faces": {
				"north": {"uv": [4, 3.5, 4.5, 4], "texture": "#2"},
				"east": {"uv": [4, 3.5, 4.5, 4], "texture": "#2"},
				"south": {"uv": [4, 3.5, 4.5, 4], "texture": "#2"},
				"west": {"uv": [4, 3.5, 4.5, 4], "texture": "#2"},
				"up": {"uv": [4, 3.5, 4.5, 4], "texture": "#2"}
			}
		},
		{
			"name": "element",
			"from": [7.75, 8.125, 11.75],
			"to": [7.8125, 8.3125, 11.9375],
			"faces": {
				"east": {"uv": [8.96, 4.96, 11.04, 7.04], "texture": "#5_1"},
				"south": {"uv": [8.96, 4.96, 11.04, 7.04], "texture": "#5_1"},
				"west": {"uv": [8.96, 4.96, 11.04, 7.04], "texture": "#5_1"},
				"up": {"uv": [8.96, 4.96, 11.04, 7.04], "texture": "#5_1"}
			}
		},
		{
			"name": "element",
			"from": [7.75, 8.1875, 11.5625],
			"to": [7.8125, 8.3125, 11.75],
			"faces": {
				"north": {"uv": [8.96, 4.96, 11.04, 7.04], "texture": "#5_1"},
				"east": {"uv": [8.96, 4.96, 11.04, 7.04], "texture": "#5_1"},
				"west": {"uv": [8.96, 4.96, 11.04, 7.04], "texture": "#5_1"},
				"up": {"uv": [8.96, 4.96, 11.04, 7.04], "texture": "#5_1"}
			}
		},
		{
			"name": "element",
			"from": [7.6875, 4.5625, 15.875],
			"to": [8.3125, 7.0875, 16.125],
			"faces": {
				"north": {"uv": [10.5, 0.5, 11, 1], "texture": "#2"},
				"east": {"uv": [10.5, 0.5, 11, 1], "texture": "#2"},
				"south": {"uv": [10.5, 0.5, 11, 1], "texture": "#2"},
				"west": {"uv": [10.5, 0.5, 11, 1], "texture": "#2"},
				"up": {"uv": [10.5, 0.5, 11, 1], "texture": "#2"},
				"down": {"uv": [10.5, 0.5, 11, 1], "texture": "#2"}
			}
		},
		{
			"name": "element",
			"from": [7.8125, 4.625, 15.75],
			"to": [8.1875, 6.5625, 15.875],
			"faces": {
				"north": {"uv": [7.5, 0, 8, 0.5], "texture": "#2"},
				"east": {"uv": [7.5, 0, 8, 0.5], "texture": "#2"},
				"west": {"uv": [7.5, 0, 8, 0.5], "texture": "#2"},
				"down": {"uv": [7.5, 0, 8, 0.5], "texture": "#2"}
			}
		},
		{
			"name": "element",
			"from": [7.6875, 7.825, 16.0875],
			"to": [8.3125, 8.075, 16.3375],
			"rotation": {"angle": 22.5, "axis": "x", "origin": [8, 7, 8]},
			"faces": {
				"north": {"uv": [10.5, 0.5, 11, 1], "texture": "#2"},
				"east": {"uv": [10.5, 0.5, 11, 1], "texture": "#2"},
				"west": {"uv": [10.5, 0.5, 11, 1], "texture": "#2"}
			}
		},
		{
			"name": "element",
			"from": [7.6875, 4.5625, 15.775],
			"to": [8.3125, 4.6675, 16.025],
			"faces": {
				"north": {"uv": [10.5, 0.5, 11, 1], "rotation": 180, "texture": "#2"},
				"east": {"uv": [10.5, 0.5, 11, 1], "rotation": 270, "texture": "#2"},
				"west": {"uv": [10.5, 0.5, 11, 1], "rotation": 90, "texture": "#2"},
				"up": {"uv": [10.5, 0.5, 11, 1], "rotation": 180, "texture": "#2"},
				"down": {"uv": [10.5, 0.5, 11, 1], "texture": "#2"}
			}
		},
		{
			"name": "element",
			"from": [7.875, 5.625, 15.6875],
			"to": [8.125, 6.5, 15.75],
			"faces": {
				"north": {"uv": [15.5, 6, 16, 6.5], "texture": "#2"},
				"east": {"uv": [15.5, 6, 16, 6.5], "texture": "#2"},
				"west": {"uv": [15.5, 6, 16, 6.5], "texture": "#2"},
				"down": {"uv": [15.5, 6, 16, 6.5], "texture": "#2"}
			}
		},
		{
			"name": "element",
			"from": [7.875, 2.7875, 14.5875],
			"to": [8.125, 3.2875, 14.65],
			"rotation": {"angle": -22.5, "axis": "x", "origin": [8, 7, 8]},
			"faces": {
				"north": {"uv": [15.5, 6, 16, 6.5], "texture": "#2"},
				"east": {"uv": [15.5, 6, 16, 6.5], "texture": "#2"},
				"south": {"uv": [15.5, 6, 16, 6.5], "texture": "#2"},
				"west": {"uv": [15.5, 6, 16, 6.5], "texture": "#2"}
			}
		},
		{
			"name": "element",
			"from": [7.875, 1.025, 12.6625],
			"to": [8.125, 1.575, 12.725],
			"rotation": {"angle": -45, "axis": "x", "origin": [8, 7, 8]},
			"faces": {
				"north": {"uv": [15.5, 6, 16, 6.5], "texture": "#2"},
				"east": {"uv": [15.5, 6, 16, 6.5], "texture": "#2"},
				"south": {"uv": [15.5, 6, 16, 6.5], "texture": "#2"},
				"west": {"uv": [15.5, 6, 16, 6.5], "texture": "#2"},
				"down": {"uv": [15.5, 6, 16, 6.5], "texture": "#2"}
			}
		},
		{
			"name": "element",
			"from": [7.875, 6.4375, 15.125],
			"to": [8.125, 6.5, 15.1875],
			"faces": {
				"north": {"uv": [15.5, 6, 16, 6.5], "texture": "#2"},
				"east": {"uv": [15.5, 6, 16, 6.5], "texture": "#2"},
				"south": {"uv": [15.5, 6, 16, 6.5], "texture": "#2"},
				"west": {"uv": [15.5, 6, 16, 6.5], "texture": "#2"},
				"down": {"uv": [15.5, 6, 16, 6.5], "texture": "#2"}
			}
		},
		{
			"name": "element",
			"from": [7.635, 6.61, 14.9375],
			"to": [7.685, 6.71, 15.75],
			"rotation": {"angle": 22.5, "axis": "z", "origin": [8, 7, 8]},
			"faces": {
				"north": {"uv": [10.5, 0.5, 11, 1], "texture": "#2"},
				"south": {"uv": [10.5, 0.5, 11, 1], "texture": "#2"},
				"west": {"uv": [10.5, 0.5, 11, 1], "texture": "#2"},
				"down": {"uv": [10.5, 0.5, 11, 1], "texture": "#2"}
			}
		},
		{
			"name": "element",
			"from": [7.75, 6.5625, 14.9375],
			"to": [8.25, 6.9375, 15.875],
			"faces": {
				"north": {"uv": [10.5, 0.5, 11, 1], "texture": "#2"},
				"east": {"uv": [10.5, 0.5, 11, 1], "texture": "#2"},
				"west": {"uv": [10.5, 0.5, 11, 1], "texture": "#2"},
				"up": {"uv": [10.5, 0.5, 11, 1], "texture": "#2"},
				"down": {"uv": [10.5, 0.5, 11, 1], "texture": "#2"}
			}
		},
		{
			"name": "element",
			"from": [7.75, 6.5, 14.125],
			"to": [8.25, 7, 15],
			"faces": {
				"north": {"uv": [10.5, 0.5, 11, 1], "texture": "#2"},
				"east": {"uv": [10.5, 0.5, 11, 1], "texture": "#2"},
				"south": {"uv": [10.5, 0.5, 11, 1], "texture": "#2"},
				"west": {"uv": [10.5, 0.5, 11, 1], "texture": "#2"},
				"up": {"uv": [10.5, 0.5, 11, 1], "texture": "#2"},
				"down": {"uv": [10.5, 0.5, 11, 1], "texture": "#2"}
			}
		},
		{
			"name": "element",
			"from": [7.75, 8.8875, 12.5125],
			"to": [8.25, 9.3875, 13.8475],
			"rotation": {"angle": 22.5, "axis": "x", "origin": [8, 7, 8]},
			"faces": {
				"east": {"uv": [10.5, 0.5, 11, 1], "texture": "#2"},
				"south": {"uv": [10.5, 0.5, 11, 1], "texture": "#2"},
				"west": {"uv": [10.5, 0.5, 11, 1], "texture": "#2"},
				"up": {"uv": [10.5, 0.5, 11, 1], "texture": "#2"},
				"down": {"uv": [10.5, 0.5, 11, 1], "texture": "#2"}
			}
		},
		{
			"name": "element",
			"from": [7.875, 6.625, 15],
			"to": [8.125, 6.875, 15.0625],
			"faces": {
				"east": {"uv": [7.5, 0, 8, 0.5], "texture": "#2"},
				"west": {"uv": [7.5, 0, 8, 0.5], "texture": "#2"},
				"up": {"uv": [7.5, 0, 8, 0.5], "texture": "#2"},
				"down": {"uv": [7.5, 0, 8, 0.5], "texture": "#2"}
			}
		},
		{
			"name": "element",
			"from": [8.085, 6.78, 14.9875],
			"to": [8.135, 6.87, 15.8875],
			"rotation": {"angle": 45, "axis": "z", "origin": [8, 7, 8]},
			"faces": {
				"north": {"uv": [10.5, 0.5, 11, 1], "texture": "#2"},
				"east": {"uv": [10.5, 0.5, 11, 1], "texture": "#2"},
				"south": {"uv": [10.5, 0.5, 11, 1], "texture": "#2"},
				"up": {"uv": [10.5, 0.5, 11, 1], "texture": "#2"},
				"down": {"uv": [10.5, 0.5, 11, 1], "texture": "#2"}
			}
		},
		{
			"name": "element",
			"from": [7.8125, 6.9375, 14.9375],
			"to": [8.1875, 7, 15.875],
			"faces": {
				"north": {"uv": [10.5, 0.5, 11, 1], "texture": "#2"},
				"up": {"uv": [10.5, 0.5, 11, 1], "texture": "#2"}
			}
		},
		{
			"name": "element",
			"from": [7.865, 6.78, 14.9375],
			"to": [7.915, 6.87, 15.8875],
			"rotation": {"angle": -45, "axis": "z", "origin": [8, 7, 8]},
			"faces": {
				"north": {"uv": [10.5, 0.5, 11, 1], "texture": "#2"},
				"south": {"uv": [10.5, 0.5, 11, 1], "texture": "#2"},
				"west": {"uv": [10.5, 0.5, 11, 1], "texture": "#2"},
				"up": {"uv": [10.5, 0.5, 11, 1], "texture": "#2"},
				"down": {"uv": [10.5, 0.5, 11, 1], "texture": "#2"}
			}
		},
		{
			"name": "element",
			"from": [7.6875, 3.81, 15.4775],
			"to": [8.3125, 3.96, 15.54],
			"rotation": {"angle": -22.5, "axis": "x", "origin": [8, 7, 8]},
			"faces": {
				"east": {"uv": [10.5, 0.5, 11, 1], "texture": "#2"},
				"south": {"uv": [10.5, 0.5, 11, 1], "texture": "#2"},
				"west": {"uv": [10.5, 0.5, 11, 1], "texture": "#2"},
				"up": {"uv": [10.5, 0.5, 11, 1], "texture": "#2"},
				"down": {"uv": [10.5, 0.5, 11, 1], "texture": "#2"}
			}
		},
		{
			"name": "element",
			"from": [7.6875, 4.625, 16.125],
			"to": [8.3125, 6.9375, 16.1875],
			"faces": {
				"east": {"uv": [10.5, 0.5, 11, 1], "texture": "#2"},
				"south": {"uv": [10.5, 0.5, 11, 1], "texture": "#2"},
				"west": {"uv": [10.5, 0.5, 11, 1], "texture": "#2"},
				"up": {"uv": [10.5, 0.5, 11, 1], "texture": "#2"},
				"down": {"uv": [10.5, 0.5, 11, 1], "texture": "#2"}
			}
		},
		{
			"name": "element",
			"from": [7.6875, 7.8625, 16.3625],
			"to": [8.3125, 7.9375, 16.4375],
			"rotation": {"angle": 22.5, "axis": "x", "origin": [8, 7, 8]},
			"faces": {
				"east": {"uv": [10.5, 0.5, 11, 1], "texture": "#2"},
				"south": {"uv": [10.5, 0.5, 11, 1], "texture": "#2"},
				"west": {"uv": [10.5, 0.5, 11, 1], "texture": "#2"},
				"down": {"uv": [10.5, 0.5, 11, 1], "texture": "#2"}
			}
		},
		{
			"name": "element",
			"from": [8.315, 6.61, 14.9875],
			"to": [8.365, 6.71, 15.75],
			"rotation": {"angle": -22.5, "axis": "z", "origin": [8, 7, 8]},
			"faces": {
				"north": {"uv": [10.5, 0.5, 11, 1], "texture": "#2"},
				"east": {"uv": [10.5, 0.5, 11, 1], "texture": "#2"},
				"south": {"uv": [10.5, 0.5, 11, 1], "texture": "#2"},
				"down": {"uv": [10.5, 0.5, 11, 1], "texture": "#2"}
			}
		},
		{
			"name": "element",
			"from": [7.8125, 6.5, 14.9375],
			"to": [8.1875, 6.5625, 15.75],
			"faces": {
				"north": {"uv": [10.5, 0.5, 11, 1], "texture": "#2"},
				"east": {"uv": [10.5, 0.5, 11, 1], "texture": "#2"},
				"west": {"uv": [10.5, 0.5, 11, 1], "texture": "#2"},
				"down": {"uv": [10.5, 0.5, 11, 1], "texture": "#2"}
			}
		},
		{
			"name": "element",
			"from": [7.8125, 7.875, 8.0625],
			"to": [8.1875, 7.9375, 8.125],
			"faces": {
				"north": {"uv": [5, 15, 5.5, 15.5], "texture": "#2"},
				"east": {"uv": [5, 15, 5.5, 15.5], "texture": "#2"},
				"south": {"uv": [5, 15, 5.5, 15.5], "texture": "#2"},
				"up": {"uv": [5, 15, 5.5, 15.5], "texture": "#2"}
			}
		},
		{
			"name": "element",
			"from": [7.8125, 7.875, 8.125],
			"to": [7.875, 7.9375, 10.6875],
			"faces": {
				"east": {"uv": [5, 15, 5.5, 15.5], "texture": "#2"},
				"south": {"uv": [5, 15, 5.5, 15.5], "texture": "#2"},
				"up": {"uv": [5, 15, 5.5, 15.5], "texture": "#2"}
			}
		},
		{
			"name": "element",
			"from": [7.8125, 8.125, 11.6875],
			"to": [8.3125, 8.1875, 11.75],
			"faces": {
				"south": {"uv": [8.96, 4.96, 11.04, 7.04], "texture": "#5_1"},
				"up": {"uv": [8.96, 4.96, 11.04, 7.04], "texture": "#5_1"}
			}
		},
		{
			"name": "element",
			"from": [7.875, 6.8125, 12.375],
			"to": [8.125, 6.9375, 12.8125],
			"faces": {
				"east": {"uv": [7.5, 0, 8, 0.5], "texture": "#2"},
				"south": {"uv": [7.5, 0, 8, 0.5], "texture": "#2"},
				"west": {"uv": [7.5, 0, 8, 0.5], "texture": "#2"},
				"up": {"uv": [7.5, 0, 8, 0.5], "texture": "#2"},
				"down": {"uv": [7.5, 0, 8, 0.5], "texture": "#2"}
			}
		},
		{
			"name": "element",
			"from": [7.875, 7.875, 10.625],
			"to": [8.1875, 7.9375, 10.6875],
			"faces": {
				"north": {"uv": [5, 15, 5.5, 15.5], "texture": "#2"},
				"east": {"uv": [5, 15, 5.5, 15.5], "texture": "#2"},
				"south": {"uv": [5, 15, 5.5, 15.5], "texture": "#2"},
				"up": {"uv": [5, 15, 5.5, 15.5], "texture": "#2"}
			}
		},
		{
			"name": "element",
			"from": [7.875, 8.125, 7.3125],
			"to": [8.125, 8.1875, 7.5625],
			"faces": {
				"north": {"uv": [4, 3.5, 4.5, 4], "texture": "#2"},
				"east": {"uv": [4, 3.5, 4.5, 4], "texture": "#2"},
				"south": {"uv": [4, 3.5, 4.5, 4], "texture": "#2"},
				"west": {"uv": [4, 3.5, 4.5, 4], "texture": "#2"},
				"up": {"uv": [4, 3.5, 4.5, 4], "texture": "#2"}
			}
		},
		{
			"name": "element",
			"from": [8.2375, 8.075, 7.3125],
			"to": [8.3375, 8.1375, 7.5625],
			"rotation": {"angle": 22.5, "axis": "z", "origin": [8, 7, 8]},
			"faces": {
				"north": {"uv": [4, 3.5, 4.5, 4], "texture": "#2"},
				"south": {"uv": [4, 3.5, 4.5, 4], "texture": "#2"},
				"up": {"uv": [4, 3.5, 4.5, 4], "texture": "#2"}
			}
		},
		{
			"name": "element",
			"from": [7.6625, 8.077, 7.3125],
			"to": [7.7625, 8.1395, 7.5625],
			"rotation": {"angle": -22.5, "axis": "z", "origin": [8, 7, 8]},
			"faces": {
				"north": {"uv": [4, 3.5, 4.5, 4], "texture": "#2"},
				"south": {"uv": [4, 3.5, 4.5, 4], "texture": "#2"},
				"up": {"uv": [4, 3.5, 4.5, 4], "texture": "#2"}
			}
		},
		{
			"name": "element",
			"from": [7.875, 8.125, 11.75],
			"to": [8.125, 8.25, 11.8125],
			"faces": {
				"north": {"uv": [4, 3.5, 4.5, 4], "texture": "#2"},
				"east": {"uv": [4, 3.5, 4.5, 4], "texture": "#2"},
				"south": {"uv": [4, 3.5, 4.5, 4], "texture": "#2"},
				"west": {"uv": [4, 3.5, 4.5, 4], "texture": "#2"},
				"up": {"uv": [4, 3.5, 4.5, 4], "texture": "#2"}
			}
		},
		{
			"name": "element",
			"from": [7.875, 9.45, 11],
			"to": [8.125, 9.575, 11.0625],
			"rotation": {"angle": 22.5, "axis": "x", "origin": [8, 7, 8]},
			"faces": {
				"north": {"uv": [4, 3.5, 4.5, 4], "texture": "#2"},
				"east": {"uv": [4, 3.5, 4.5, 4], "texture": "#2"},
				"south": {"uv": [4, 3.5, 4.5, 4], "texture": "#2"},
				"west": {"uv": [4, 3.5, 4.5, 4], "texture": "#2"},
				"up": {"uv": [4, 3.5, 4.5, 4], "texture": "#2"}
			}
		},
		{
			"name": "element",
			"from": [7.875, 8.25, 11.75],
			"to": [7.9375, 8.4375, 11.8125],
			"faces": {
				"north": {"uv": [4, 3.5, 4.5, 4], "texture": "#2"},
				"east": {"uv": [4, 3.5, 4.5, 4], "texture": "#2"},
				"south": {"uv": [4, 3.5, 4.5, 4], "texture": "#2"},
				"west": {"uv": [4, 3.5, 4.5, 4], "texture": "#2"},
				"up": {"uv": [4, 3.5, 4.5, 4], "texture": "#2"}
			}
		},
		{
			"name": "element",
			"from": [7.85, 5.6625, 8.6125],
			"to": [8.15, 5.8125, 9.6125],
			"faces": {
				"north": {"uv": [4.5, 14, 5, 14.5], "texture": "#2"},
				"east": {"uv": [4.5, 14, 5, 14.5], "texture": "#2"},
				"west": {"uv": [4.5, 14, 5, 14.5], "texture": "#2"},
				"up": {"uv": [4.5, 14, 5, 14.5], "texture": "#2"},
				"down": {"uv": [4.5, 14, 5, 14.5], "texture": "#2"}
			}
		},
		{
			"name": "element",
			"from": [7.85, 6.25, 9.7625],
			"to": [8.15, 6.4, 10.2625],
			"rotation": {"angle": 22.5, "axis": "x", "origin": [8, 7.025, 8.0875]},
			"faces": {
				"east": {"uv": [4.5, 14, 5, 14.5], "texture": "#2"},
				"west": {"uv": [4.5, 14, 5, 14.5], "texture": "#2"},
				"up": {"uv": [4.5, 14, 5, 14.5], "texture": "#2"},
				"down": {"uv": [4.5, 14, 5, 14.5], "texture": "#2"}
			}
		},
		{
			"name": "element",
			"from": [7.85, 5.975, 8.85],
			"to": [8.15, 6.125, 9.1],
			"rotation": {"angle": 22.5, "axis": "x", "origin": [8, 7.025, 8.0875]},
			"faces": {
				"north": {"uv": [4.5, 14, 5, 14.5], "texture": "#2"},
				"east": {"uv": [4.5, 14, 5, 14.5], "texture": "#2"},
				"west": {"uv": [4.5, 14, 5, 14.5], "texture": "#2"},
				"up": {"uv": [4.5, 14, 5, 14.5], "texture": "#2"},
				"down": {"uv": [4.5, 14, 5, 14.5], "texture": "#2"}
			}
		},
		{
			"name": "element",
			"from": [7.85, 6.35, 8.9925],
			"to": [8.15, 6.5, 9.1925],
			"rotation": {"angle": 45, "axis": "x", "origin": [8, 7.025, 8.0875]},
			"faces": {
				"north": {"uv": [4.5, 14, 5, 14.5], "texture": "#2"},
				"east": {"uv": [4.5, 14, 5, 14.5], "texture": "#2"},
				"west": {"uv": [4.5, 14, 5, 14.5], "texture": "#2"},
				"up": {"uv": [4.5, 14, 5, 14.5], "texture": "#2"},
				"down": {"uv": [4.5, 14, 5, 14.5], "texture": "#2"}
			}
		},
		{
			"name": "element",
			"from": [7.85, 5.9325, 7.8125],
			"to": [8.15, 6.2325, 7.9625],
			"rotation": {"angle": -22.5, "axis": "x", "origin": [8, 7.025, 8.0875]},
			"faces": {
				"north": {"uv": [4.5, 14, 5, 14.5], "rotation": 90, "texture": "#2"},
				"east": {"uv": [4.5, 14, 5, 14.5], "rotation": 90, "texture": "#2"},
				"south": {"uv": [4.5, 14, 5, 14.5], "rotation": 90, "texture": "#2"},
				"west": {"uv": [4.5, 14, 5, 14.5], "rotation": 90, "texture": "#2"},
				"up": {"uv": [4.5, 14, 5, 14.5], "rotation": 90, "texture": "#2"},
				"down": {"uv": [4.5, 14, 5, 14.5], "rotation": 90, "texture": "#2"}
			}
		},
		{
			"name": "element",
			"from": [7.85, 6.1825, 8.1375],
			"to": [8.15, 6.6825, 8.2875],
			"faces": {
				"north": {"uv": [4.5, 14, 5, 14.5], "rotation": 90, "texture": "#2"},
				"east": {"uv": [4.5, 14, 5, 14.5], "rotation": 90, "texture": "#2"},
				"south": {"uv": [4.5, 14, 5, 14.5], "rotation": 90, "texture": "#2"},
				"west": {"uv": [4.5, 14, 5, 14.5], "rotation": 90, "texture": "#2"},
				"down": {"uv": [4.5, 14, 5, 14.5], "rotation": 90, "texture": "#2"}
			}
		},
		{
			"name": "element",
			"from": [7.85, 6.345, 7.8625],
			"to": [8.15, 6.595, 8.0125],
			"rotation": {"angle": -22.5, "axis": "x", "origin": [8, 7.025, 8.0875]},
			"faces": {
				"north": {"uv": [4.5, 14, 5, 14.5], "rotation": 90, "texture": "#2"},
				"east": {"uv": [4.5, 14, 5, 14.5], "rotation": 90, "texture": "#2"},
				"west": {"uv": [4.5, 14, 5, 14.5], "rotation": 90, "texture": "#2"}
			}
		},
		{
			"name": "element",
			"from": [7.9375, 6.9375, 12.5625],
			"to": [8.0625, 7.4875, 12.6875],
			"faces": {
				"north": {"uv": [10.5, 0.5, 11, 1], "texture": "#2"},
				"east": {"uv": [10.5, 0.5, 11, 1], "texture": "#2"},
				"south": {"uv": [10.5, 0.5, 11, 1], "texture": "#2"},
				"west": {"uv": [10.5, 0.5, 11, 1], "texture": "#2"}
			}
		},
		{
			"name": "element",
			"from": [7.959, 8.1875, 7.3625],
			"to": [8.049, 8.4375, 7.445],
			"faces": {
				"north": {"uv": [9.5, 9.5, 12.5, 13.5], "texture": "#5_1"},
				"east": {"uv": [11, 11, 16, 16], "texture": "#5_1"},
				"south": {"uv": [2.5, 11, 6.5, 15], "texture": "#5_1"},
				"west": {"uv": [8.5, 0, 13, 5], "texture": "#5_1"},
				"up": {"uv": [1, 5, 6.5, 10], "texture": "#5_1"},
				"down": {"uv": [0, 0, 0, 0], "texture": "#5_1"}
			}
		},
		{
			"name": "element",
			"from": [7.959, 8.1875, 7.3625],
			"to": [8.049, 8.2375, 7.5575],
			"faces": {
				"north": {"uv": [0, 0, 2.5, 4], "texture": "#5_1"},
				"east": {"uv": [11, 11, 16, 16], "texture": "#5_1"},
				"south": {"uv": [2.5, 11, 6.5, 15], "texture": "#5_1"},
				"west": {"uv": [8.5, 0, 13, 5], "texture": "#5_1"},
				"up": {"uv": [1, 5, 6.5, 10], "texture": "#5_1"},
				"down": {"uv": [0, 0, 0, 0], "texture": "#5_1"}
			}
		},
		{
			"name": "element",
			"from": [7.959, 8.2125, 7.375],
			"to": [8.049, 8.3125, 7.475],
			"faces": {
				"north": {"uv": [0, 0, 0, 0], "texture": "#5_1"},
				"east": {"uv": [9.5, 9.5, 10, 9.5], "texture": "#5_1"},
				"south": {"uv": [0, 0, 0, 0], "texture": "#5_1"},
				"west": {"uv": [9.5, 9.5, 10, 9.5], "texture": "#5_1"},
				"up": {"uv": [0, 0, 0, 0], "texture": "#5_1"},
				"down": {"uv": [0, 0, 0, 0], "texture": "#5_1"}
			}
		},
		{
			"name": "element",
			"from": [7.959, 8.2875, 7.9875],
			"to": [8.049, 8.5375, 8.0375],
			"rotation": {"angle": -22.5, "axis": "x", "origin": [8.025, 7, 8]},
			"faces": {
				"north": {"uv": [0, 0, 2.5, 4], "texture": "#5_1"},
				"east": {"uv": [11, 11, 16, 16], "texture": "#5_1"},
				"south": {"uv": [2.5, 11, 6.5, 15], "texture": "#5_1"},
				"west": {"uv": [8.5, 0, 13, 5], "texture": "#5_1"},
				"up": {"uv": [1, 5, 6.5, 10], "texture": "#5_1"},
				"down": {"uv": [0, 0, 0, 0], "texture": "#5_1"}
			}
		},
		{
			"name": "element",
			"from": [8.0625, 8.25, 11.75],
			"to": [8.125, 8.4375, 11.8125],
			"faces": {
				"north": {"uv": [4, 3.5, 4.5, 4], "texture": "#2"},
				"east": {"uv": [4, 3.5, 4.5, 4], "texture": "#2"},
				"south": {"uv": [4, 3.5, 4.5, 4], "texture": "#2"},
				"west": {"uv": [4, 3.5, 4.5, 4], "texture": "#2"},
				"up": {"uv": [4, 3.5, 4.5, 4], "texture": "#2"}
			}
		},
		{
			"name": "element",
			"from": [8.125, 7.875, 8.125],
			"to": [8.1875, 7.9375, 10.625],
			"faces": {
				"east": {"uv": [5, 15, 5.5, 15.5], "texture": "#2"},
				"west": {"uv": [5, 15, 5.5, 15.5], "texture": "#2"},
				"up": {"uv": [5, 15, 5.5, 15.5], "texture": "#2"}
			}
		},
		{
			"name": "element",
			"from": [8.1875, 8.125, 7.3125],
			"to": [8.3125, 8.25, 7.5625],
			"faces": {
				"north": {"uv": [4, 3.5, 4.5, 4], "texture": "#2"},
				"south": {"uv": [4, 3.5, 4.5, 4], "texture": "#2"},
				"west": {"uv": [4, 3.5, 4.5, 4], "texture": "#2"},
				"up": {"uv": [4, 3.5, 4.5, 4], "texture": "#2"}
			}
		},
		{
			"name": "element",
			"from": [8.1875, 8.125, 11.75],
			"to": [8.25, 8.3125, 11.9375],
			"faces": {
				"east": {"uv": [8.96, 4.96, 11.04, 7.04], "texture": "#5_1"},
				"south": {"uv": [8.96, 4.96, 11.04, 7.04], "texture": "#5_1"},
				"west": {"uv": [8.96, 4.96, 11.04, 7.04], "texture": "#5_1"},
				"up": {"uv": [8.96, 4.96, 11.04, 7.04], "texture": "#5_1"}
			}
		},
		{
			"name": "element",
			"from": [8.1875, 8.1875, 11.5625],
			"to": [8.3125, 8.3125, 11.625],
			"faces": {
				"north": {"uv": [8.96, 4.96, 11.04, 7.04], "texture": "#5_1"},
				"west": {"uv": [8.96, 4.96, 11.04, 7.04], "texture": "#5_1"},
				"up": {"uv": [8.96, 4.96, 11.04, 7.04], "texture": "#5_1"}
			}
		},
		{
			"name": "element",
			"from": [8.1875, 8.1875, 11.625],
			"to": [8.25, 8.3125, 11.75],
			"faces": {
				"east": {"uv": [8.96, 4.96, 11.04, 7.04], "texture": "#5_1"},
				"west": {"uv": [8.96, 4.96, 11.04, 7.04], "texture": "#5_1"},
				"up": {"uv": [8.96, 4.96, 11.04, 7.04], "texture": "#5_1"}
			}
		},
		{
			"name": "element",
			"from": [8.25, 8.0625, 7.25],
			"to": [8.5, 8.125, 7.75],
			"faces": {
				"north": {"uv": [10.5, 0.5, 11, 1], "texture": "#2"},
				"east": {"uv": [10.5, 0.5, 11, 1], "texture": "#2"},
				"south": {"uv": [10.5, 0.5, 11, 1], "texture": "#2"},
				"west": {"uv": [10.5, 0.5, 11, 1], "texture": "#2"},
				"up": {"uv": [10.5, 0.5, 11, 1], "texture": "#2"}
			}
		},
		{
			"name": "element",
			"from": [8.25, 8.0625, 11.5],
			"to": [8.5, 8.125, 12.125],
			"faces": {
				"north": {"uv": [10.5, 0.5, 11, 1], "texture": "#2"},
				"east": {"uv": [10.5, 0.5, 11, 1], "texture": "#2"},
				"south": {"uv": [10.5, 0.5, 11, 1], "texture": "#2"},
				"west": {"uv": [10.5, 0.5, 11, 1], "texture": "#2"},
				"up": {"uv": [10.5, 0.5, 11, 1], "texture": "#2"}
			}
		},
		{
			"name": "element",
			"from": [8.25, 8.125, 7.25],
			"to": [8.375, 8.375, 7.3125],
			"faces": {
				"north": {"uv": [7.5, 0, 8, 0.5], "texture": "#2"},
				"east": {"uv": [7.5, 0, 8, 0.5], "texture": "#2"},
				"west": {"uv": [7.5, 0, 8, 0.5], "texture": "#2"},
				"up": {"uv": [7.5, 0, 8, 0.5], "texture": "#2"}
			}
		},
		{
			"name": "element",
			"from": [8.25, 8.125, 7.5625],
			"to": [8.375, 8.225, 7.625],
			"faces": {
				"east": {"uv": [7.5, 0, 8, 0.5], "texture": "#2"},
				"west": {"uv": [7.5, 0, 8, 0.5], "texture": "#2"}
			}
		},
		{
			"name": "element",
			"from": [8.25, 8.125, 7.625],
			"to": [8.375, 8.25, 7.75],
			"faces": {
				"east": {"uv": [7.5, 0, 8, 0.5], "texture": "#2"},
				"south": {"uv": [7.5, 0, 8, 0.5], "texture": "#2"},
				"west": {"uv": [7.5, 0, 8, 0.5], "texture": "#2"},
				"up": {"uv": [7.5, 0, 8, 0.5], "texture": "#2"}
			}
		},
		{
			"name": "element",
			"from": [8.25, 8.125, 11.5],
			"to": [8.375, 8.375, 11.5625],
			"faces": {
				"north": {"uv": [8.96, 0.96, 11.04, 3.04], "texture": "#2"},
				"east": {"uv": [7.5, 0, 8, 0.5], "texture": "#2"},
				"west": {"uv": [8.96, 0.96, 11.04, 3.04], "texture": "#2"},
				"up": {"uv": [8.96, 0.96, 11.04, 3.04], "texture": "#missing"}
			}
		},
		{
			"name": "element",
			"from": [8.25, 8.125, 11.5625],
			"to": [8.375, 8.1875, 11.6875],
			"faces": {
				"east": {"uv": [7.5, 0, 8, 0.5], "texture": "#2"}
			}
		},
		{
			"name": "element",
			"from": [8.25, 9.61, 11.18],
			"to": [8.375, 9.735, 11.33],
			"rotation": {"angle": 22.5, "axis": "x", "origin": [8, 7, 8]},
			"faces": {
				"north": {"uv": [0, 0, 0, 0], "texture": "#2"},
				"east": {"uv": [7.5, 0, 8, 0.5], "texture": "#2"},
				"south": {"uv": [8.96, 0.96, 11.04, 3.04], "texture": "#2"},
				"west": {"uv": [8.96, 0.96, 11.04, 3.04], "texture": "#2"},
				"up": {"uv": [8.96, 0.96, 11.04, 3.04], "texture": "#2"},
				"down": {"uv": [0, 0, 0, 0], "texture": "#2"}
			}
		},
		{
			"name": "element",
			"from": [8.25, 7.0575, 9.985],
			"to": [8.375, 7.2275, 10.11],
			"rotation": {"angle": -22.5, "axis": "x", "origin": [8, 12.5, 8]},
			"faces": {
				"east": {"uv": [7.5, 0, 8, 0.5], "texture": "#2"},
				"south": {"uv": [8.96, 0.96, 11.04, 3.04], "texture": "#2"},
				"west": {"uv": [8.96, 0.96, 11.04, 3.04], "rotation": 90, "texture": "#2"}
			}
		},
		{
			"name": "element",
			"from": [8.25, 8.125, 11.75],
			"to": [8.375, 8.25, 12.125],
			"faces": {
				"north": {"uv": [0, 0, 0, 0], "texture": "#2"},
				"east": {"uv": [7.5, 0, 8, 0.5], "texture": "#2"},
				"south": {"uv": [8.96, 0.96, 11.04, 3.04], "texture": "#2"},
				"west": {"uv": [8.96, 0.96, 11.04, 3.04], "texture": "#2"},
				"up": {"uv": [8.96, 0.96, 11.04, 3.04], "texture": "#2"},
				"down": {"uv": [0, 0, 0, 0], "texture": "#2"}
			}
		},
		{
			"name": "element",
			"from": [8.25, 8.1875, 11.625],
			"to": [8.375, 8.4375, 11.6875],
			"faces": {
				"east": {"uv": [7.5, 0, 8, 0.5], "texture": "#2"},
				"south": {"uv": [8.96, 0.96, 11.04, 3.04], "texture": "#2"},
				"west": {"uv": [8.96, 0.96, 11.04, 3.04], "texture": "#2"}
			}
		},
		{
			"name": "element",
			"from": [8.25, 8.1875, 11.6875],
			"to": [8.375, 8.25, 11.75],
			"faces": {
				"east": {"uv": [8.96, 0.96, 11.04, 3.04], "texture": "#2"},
				"up": {"uv": [8.96, 0.96, 11.04, 3.04], "texture": "#2"}
			}
		},
		{
			"name": "element",
			"from": [8.25, 8.25, 7.3125],
			"to": [8.375, 8.375, 7.5],
			"faces": {
				"east": {"uv": [7.5, 0, 8, 0.5], "texture": "#2"},
				"south": {"uv": [7.5, 0, 8, 0.5], "texture": "#2"},
				"west": {"uv": [7.5, 0, 8, 0.5], "texture": "#2"},
				"up": {"uv": [7.5, 0, 8, 0.5], "texture": "#2"}
			}
		},
		{
			"name": "element",
			"from": [8.25, 8.25, 7.5],
			"to": [8.375, 8.3125, 7.5625],
			"faces": {
				"east": {"uv": [7.5, 0, 8, 0.5], "texture": "#2"},
				"west": {"uv": [7.5, 0, 8, 0.5], "texture": "#2"}
			}
		},
		{
			"name": "element",
			"from": [8.25, 8.3125, 11.5625],
			"to": [8.375, 8.4375, 11.625],
			"faces": {
				"east": {"uv": [7.5, 0, 8, 0.5], "texture": "#2"},
				"west": {"uv": [8.96, 0.96, 11.04, 3.04], "texture": "#2"}
			}
		},
		{
			"name": "element",
			"from": [8.25, 8.375, 11.6875],
			"to": [8.375, 8.4375, 11.9675],
			"faces": {
				"east": {"uv": [7.5, 0, 8, 0.5], "texture": "#2"},
				"south": {"uv": [7.5, 0, 8, 0.5], "texture": "#2"},
				"west": {"uv": [7.5, 0, 8, 0.5], "texture": "#2"},
				"up": {"uv": [7.5, 0, 8, 0.5], "texture": "#2"},
				"down": {"uv": [7.5, 0, 8, 0.5], "texture": "#2"}
			}
		},
		{
			"name": "element",
			"from": [8.3125, 8.125, 7.3125],
			"to": [8.375, 8.25, 7.5625],
			"faces": {
				"east": {"uv": [8.96, 0.96, 11.04, 3.04], "texture": "#2"}
			}
		},
		{
			"name": "element",
			"from": [8.3125, 8.125, 11.6875],
			"to": [8.375, 8.1875, 11.75],
			"faces": {
				"east": {"uv": [8.96, 0.96, 11.04, 3.04], "texture": "#2"}
			}
		},
		{
			"name": "element",
			"from": [8.3125, 8.1875, 11.5625],
			"to": [8.375, 8.3125, 11.625],
			"faces": {
				"east": {"uv": [7.5, 0, 8, 0.5], "texture": "#2"}
			}
		},
		{
			"name": "element",
			"from": [8.375, 4.0625, 9.625],
			"to": [8.4375, 4.125, 11],
			"faces": {
				"east": {"uv": [5, 15.5, 5.5, 16], "texture": "#2"},
				"south": {"uv": [5, 15.5, 5.5, 16], "texture": "#2"},
				"up": {"uv": [5, 15.5, 5.5, 16], "texture": "#2"},
				"down": {"uv": [5, 15.5, 5.5, 16], "texture": "#2"}
			}
		},
		{
			"name": "element",
			"from": [8.375, 4.125, 9.5625],
			"to": [8.4375, 6.5, 9.625],
			"faces": {
				"north": {"uv": [8.96, 0.96, 11.04, 3.04], "texture": "#2"},
				"east": {"uv": [8.96, 0.96, 11.04, 3.04], "texture": "#2"},
				"south": {"uv": [8.96, 0.96, 11.04, 3.04], "texture": "#2"}
			}
		},
		{
			"name": "element",
			"from": [8.375, 4.1875, 10.875],
			"to": [8.4375, 4.9375, 11],
			"faces": {
				"north": {"uv": [0, 0, 0, 0], "texture": "#2"},
				"east": {"uv": [8.96, 0.96, 11.04, 3.04], "texture": "#2"},
				"south": {"uv": [8.96, 0.96, 11.04, 3.04], "texture": "#2"},
				"west": {"uv": [0, 0, 0, 0], "texture": "#2"},
				"up": {"uv": [8.96, 0.96, 11.04, 3.04], "texture": "#2"},
				"down": {"uv": [0, 0, 0, 0], "texture": "#2"}
			}
		},
		{
			"name": "element",
			"from": [8.375, 4.875, 10.6875],
			"to": [8.4375, 4.9375, 10.875],
			"faces": {
				"north": {"uv": [0, 0, 0, 0], "texture": "#2"},
				"east": {"uv": [8.96, 0.96, 11.04, 3.04], "texture": "#missing"},
				"south": {"uv": [0, 0, 0, 0], "texture": "#2"},
				"west": {"uv": [8.96, 0.96, 11.04, 3.04], "texture": "#missing"},
				"up": {"uv": [8.96, 0.96, 11.04, 3.04], "texture": "#2"},
				"down": {"uv": [0, 0, 0, 0], "texture": "#2"}
			}
		},
		{
			"name": "element",
			"from": [8.375, 6.125, 10.6875],
			"to": [8.4375, 6.1875, 10.9375],
			"color": 6,
			"faces": {
				"east": {"uv": [8.96, 0.96, 11.04, 3.04], "texture": "#missing"},
				"west": {"uv": [8.96, 0.96, 11.04, 3.04], "texture": "#missing"}
			}
		},
		{
			"name": "element",
			"from": [8.4375, 6.625, 8.375],
			"to": [8.6, 6.875, 8.625],
			"faces": {
				"north": {"uv": [0, 0, 0, 0], "texture": "#5_1"},
				"east": {"uv": [9.5, 10.5, 10, 11], "texture": "#5_1"},
				"south": {"uv": [0, 0, 0, 0], "texture": "#5_1"},
				"west": {"uv": [9.5, 10.5, 10, 11], "texture": "#5_1"},
				"up": {"uv": [0, 0, 0, 0], "texture": "#5_1"},
				"down": {"uv": [0, 0, 0, 0], "texture": "#5_1"}
			}
		},
		{
			"name": "element",
			"from": [7.8447, 6.875, 6.7625],
			"to": [8.15536, 7.625, 7.2625],
			"rotation": {"angle": 45, "axis": "z", "origin": [8, 7.25, 7.0125]},
			"faces": {
				"north": {"uv": [2.5, 1.5, 3, 2], "texture": "#5_1"},
				"east": {"uv": [0, 0, 0, 0], "texture": "#5_1"},
				"south": {"uv": [2.5, 1.5, 3, 2], "texture": "#5_1"},
				"west": {"uv": [0, 0, 0, 0], "texture": "#5_1"},
				"up": {"uv": [2.5, 1.5, 3, 2], "texture": "#5_1"},
				"down": {"uv": [2.5, 1.5, 3, 2], "texture": "#5_1"}
			}
		},
		{
			"name": "element",
			"from": [7.8447, 6.875, 6.7625],
			"to": [8.15536, 7.625, 7.2625],
			"faces": {
				"north": {"uv": [2.5, 1.5, 3, 2], "texture": "#5_1"},
				"east": {"uv": [0, 0, 0, 0], "texture": "#5_1"},
				"south": {"uv": [0, 0, 0, 0], "texture": "#5_1"},
				"west": {"uv": [0, 0, 0, 0], "texture": "#5_1"},
				"up": {"uv": [2.5, 1.5, 3, 2], "texture": "#5_1"},
				"down": {"uv": [2.5, 1.5, 3, 2], "texture": "#5_1"}
			}
		},
		{
			"name": "element",
			"from": [7.625, 7.0947, 6.7625],
			"to": [8.375, 7.40536, 7.2625],
			"rotation": {"angle": 45, "axis": "z", "origin": [8, 7.25, 7.0125]},
			"faces": {
				"north": {"uv": [2.5, 1.5, 3, 2], "texture": "#5_1"},
				"east": {"uv": [2.5, 1.5, 3, 2], "texture": "#5_1"},
				"south": {"uv": [2.5, 1.5, 3, 2], "texture": "#5_1"},
				"west": {"uv": [2.5, 1.5, 3, 2], "texture": "#5_1"},
				"up": {"uv": [0, 0, 0, 0], "texture": "#5_1"},
				"down": {"uv": [0, 0, 0, 0], "texture": "#5_1"}
			}
		},
		{
			"name": "element",
			"from": [7.625, 7.0947, 6.7625],
			"to": [8.375, 7.40536, 7.2625],
			"faces": {
				"north": {"uv": [2.5, 1.5, 3, 2], "texture": "#5_1"},
				"east": {"uv": [2.5, 1.5, 3, 2], "texture": "#5_1"},
				"south": {"uv": [0, 0, 0, 0], "texture": "#5_1"},
				"west": {"uv": [2.5, 1.5, 3, 2], "texture": "#5_1"},
				"up": {"uv": [0, 0, 0, 0], "texture": "#5_1"},
				"down": {"uv": [0, 0, 0, 0], "texture": "#5_1"}
			}
		},
		{
			"name": "element",
			"from": [7.9552, 7.0375, 6.0125],
			"to": [8.04472, 7.1375, 6.8125],
			"rotation": {"angle": -45, "axis": "z", "origin": [8, 7.2625, 6.2625]},
			"faces": {
				"north": {"uv": [9, 1.5, 9.5, 2], "texture": "#5_1"},
				"east": {"uv": [0, 0, 0, 0], "texture": "#5_1"},
				"south": {"uv": [9, 1.5, 9.5, 2], "texture": "#5_1"},
				"west": {"uv": [0, 0, 0, 0], "texture": "#5_1"},
				"up": {"uv": [9, 1.5, 9.5, 2], "texture": "#5_1"},
				"down": {"uv": [9, 1.5, 9.5, 2], "texture": "#5_1"}
			}
		},
		{
			"name": "element",
			"from": [7.9552, 7.0375, 6.0125],
			"to": [8.04472, 7.1375, 6.8125],
			"rotation": {"angle": -22.5, "axis": "z", "origin": [8, 7.2625, 6.2625]},
			"faces": {
				"north": {"uv": [9, 1.5, 9.5, 2], "texture": "#5_1"},
				"east": {"uv": [0, 0, 0, 0], "texture": "#5_1"},
				"south": {"uv": [9, 1.5, 9.5, 2], "texture": "#5_1"},
				"west": {"uv": [0, 0, 0, 0], "texture": "#5_1"},
				"up": {"uv": [9, 1.5, 9.5, 2], "texture": "#5_1"},
				"down": {"uv": [9, 1.5, 9.5, 2], "texture": "#5_1"}
			}
		},
		{
			"name": "element",
			"from": [7.9552, 7.0375, 6.0125],
			"to": [8.04472, 7.1375, 6.8125],
			"faces": {
				"north": {"uv": [9, 1.5, 9.5, 2], "texture": "#5_1"},
				"east": {"uv": [0, 0, 0, 0], "texture": "#5_1"},
				"south": {"uv": [0, 0, 0, 0], "texture": "#5_1"},
				"west": {"uv": [0, 0, 0, 0], "texture": "#5_1"},
				"up": {"uv": [9, 1.5, 9.5, 2], "texture": "#5_1"},
				"down": {"uv": [9, 1.5, 9.5, 2], "texture": "#5_1"}
			}
		},
		{
			"name": "element",
			"from": [7.9552, 7.0375, 6.0125],
			"to": [8.04472, 7.1375, 6.8125],
			"rotation": {"angle": 22.5, "axis": "z", "origin": [8, 7.2625, 6.2625]},
			"faces": {
				"north": {"uv": [9, 1.5, 9.5, 2], "texture": "#5_1"},
				"east": {"uv": [0, 0, 0, 0], "texture": "#5_1"},
				"south": {"uv": [9, 1.5, 9.5, 2], "texture": "#5_1"},
				"west": {"uv": [0, 0, 0, 0], "texture": "#5_1"},
				"up": {"uv": [9, 1.5, 9.5, 2], "texture": "#5_1"},
				"down": {"uv": [9, 1.5, 9.5, 2], "texture": "#5_1"}
			}
		},
		{
			"name": "element",
			"from": [7.9552, 7.0375, 6.0125],
			"to": [8.04472, 7.1375, 6.8125],
			"rotation": {"angle": 45, "axis": "z", "origin": [8, 7.2625, 6.2625]},
			"faces": {
				"north": {"uv": [9, 1.5, 9.5, 2], "texture": "#5_1"},
				"east": {"uv": [0, 0, 0, 0], "texture": "#5_1"},
				"south": {"uv": [0, 0, 0, 0], "texture": "#5_1"},
				"west": {"uv": [0, 0, 0, 0], "texture": "#5_1"},
				"up": {"uv": [9, 1.5, 9.5, 2], "texture": "#5_1"},
				"down": {"uv": [9, 1.5, 9.5, 2], "texture": "#5_1"}
			}
		},
		{
			"name": "element",
			"from": [7.9552, 7.3875, 6.0125],
			"to": [8.04472, 7.4875, 6.8125],
			"rotation": {"angle": -45, "axis": "z", "origin": [8, 7.2625, 6.2625]},
			"faces": {
				"north": {"uv": [9, 1.5, 9.5, 2], "texture": "#5_1"},
				"east": {"uv": [0, 0, 0, 0], "texture": "#5_1"},
				"south": {"uv": [9, 1.5, 9.5, 2], "texture": "#5_1"},
				"west": {"uv": [0, 0, 0, 0], "texture": "#5_1"},
				"up": {"uv": [9, 1.5, 9.5, 2], "texture": "#5_1"},
				"down": {"uv": [9, 1.5, 9.5, 2], "texture": "#5_1"}
			}
		},
		{
			"name": "element",
			"from": [7.9552, 7.3875, 6.0125],
			"to": [8.04472, 7.4875, 6.8125],
			"rotation": {"angle": -22.5, "axis": "z", "origin": [8, 7.2625, 6.2625]},
			"faces": {
				"north": {"uv": [9, 1.5, 9.5, 2], "texture": "#5_1"},
				"east": {"uv": [0, 0, 0, 0], "texture": "#5_1"},
				"south": {"uv": [9, 1.5, 9.5, 2], "texture": "#5_1"},
				"west": {"uv": [0, 0, 0, 0], "texture": "#5_1"},
				"up": {"uv": [9, 1.5, 9.5, 2], "texture": "#5_1"},
				"down": {"uv": [9, 1.5, 9.5, 2], "texture": "#5_1"}
			}
		},
		{
			"name": "element",
			"from": [7.9552, 7.3875, 6.0125],
			"to": [8.04472, 7.4875, 6.8125],
			"faces": {
				"north": {"uv": [9, 1.5, 9.5, 2], "texture": "#5_1"},
				"east": {"uv": [0, 0, 0, 0], "texture": "#5_1"},
				"south": {"uv": [0, 0, 0, 0], "texture": "#5_1"},
				"west": {"uv": [0, 0, 0, 0], "texture": "#5_1"},
				"up": {"uv": [9, 1.5, 9.5, 2], "texture": "#5_1"},
				"down": {"uv": [9, 1.5, 9.5, 2], "texture": "#5_1"}
			}
		},
		{
			"name": "element",
			"from": [7.9552, 7.3875, 6.0125],
			"to": [8.04472, 7.4875, 6.8125],
			"rotation": {"angle": 22.5, "axis": "z", "origin": [8, 7.2625, 6.2625]},
			"faces": {
				"north": {"uv": [9, 1.5, 9.5, 2], "texture": "#5_1"},
				"east": {"uv": [0, 0, 0, 0], "texture": "#5_1"},
				"south": {"uv": [9, 1.5, 9.5, 2], "texture": "#5_1"},
				"west": {"uv": [0, 0, 0, 0], "texture": "#5_1"},
				"up": {"uv": [9, 1.5, 9.5, 2], "texture": "#5_1"},
				"down": {"uv": [9, 1.5, 9.5, 2], "texture": "#5_1"}
			}
		},
		{
			"name": "element",
			"from": [7.9552, 7.3875, 6.0125],
			"to": [8.04472, 7.4875, 6.8125],
			"rotation": {"angle": 45, "axis": "z", "origin": [8, 7.2625, 6.2625]},
			"faces": {
				"north": {"uv": [9, 1.5, 9.5, 2], "texture": "#5_1"},
				"east": {"uv": [0, 0, 0, 0], "texture": "#5_1"},
				"south": {"uv": [0, 0, 0, 0], "texture": "#5_1"},
				"west": {"uv": [0, 0, 0, 0], "texture": "#5_1"},
				"up": {"uv": [9, 1.5, 9.5, 2], "texture": "#5_1"},
				"down": {"uv": [9, 1.5, 9.5, 2], "texture": "#5_1"}
			}
		},
		{
			"name": "element",
			"from": [7.775, 7.2177, 6.0125],
			"to": [7.875, 7.30722, 6.8125],
			"rotation": {"angle": -22.5, "axis": "z", "origin": [8, 7.2625, 6.2625]},
			"faces": {
				"north": {"uv": [9, 1.5, 9.5, 2], "texture": "#5_1"},
				"east": {"uv": [9, 1.5, 9.5, 2], "texture": "#5_1"},
				"south": {"uv": [9, 1.5, 9.5, 2], "texture": "#5_1"},
				"west": {"uv": [9, 1.5, 9.5, 2], "texture": "#5_1"},
				"up": {"uv": [0, 0, 0, 0], "texture": "#5_1"},
				"down": {"uv": [0, 0, 0, 0], "texture": "#5_1"}
			}
		},
		{
			"name": "element",
			"from": [7.775, 7.2177, 6.0125],
			"to": [7.875, 7.30722, 6.8125],
			"faces": {
				"north": {"uv": [9, 1.5, 9.5, 2], "texture": "#5_1"},
				"east": {"uv": [9, 1.5, 9.5, 2], "texture": "#5_1"},
				"south": {"uv": [0, 0, 0, 0], "texture": "#5_1"},
				"west": {"uv": [9, 1.5, 9.5, 2], "texture": "#5_1"},
				"up": {"uv": [0, 0, 0, 0], "texture": "#5_1"},
				"down": {"uv": [0, 0, 0, 0], "texture": "#5_1"}
			}
		},
		{
			"name": "element",
			"from": [7.775, 7.2177, 6.0125],
			"to": [7.875, 7.30722, 6.8125],
			"rotation": {"angle": 22.5, "axis": "z", "origin": [8, 7.2625, 6.2625]},
			"faces": {
				"north": {"uv": [9, 1.5, 9.5, 2], "texture": "#5_1"},
				"east": {"uv": [9, 1.5, 9.5, 2], "texture": "#5_1"},
				"south": {"uv": [9, 1.5, 9.5, 2], "texture": "#5_1"},
				"west": {"uv": [9, 1.5, 9.5, 2], "texture": "#5_1"},
				"up": {"uv": [0, 0, 0, 0], "texture": "#5_1"},
				"down": {"uv": [0, 0, 0, 0], "texture": "#5_1"}
			}
		},
		{
			"name": "element",
			"from": [8.125, 7.2177, 6.0125],
			"to": [8.225, 7.30722, 6.8125],
			"rotation": {"angle": -22.5, "axis": "z", "origin": [8, 7.2625, 6.2625]},
			"faces": {
				"north": {"uv": [9, 1.5, 9.5, 2], "texture": "#5_1"},
				"east": {"uv": [9, 1.5, 9.5, 2], "texture": "#5_1"},
				"south": {"uv": [9, 1.5, 9.5, 2], "texture": "#5_1"},
				"west": {"uv": [9, 1.5, 9.5, 2], "texture": "#5_1"},
				"up": {"uv": [0, 0, 0, 0], "texture": "#5_1"},
				"down": {"uv": [0, 0, 0, 0], "texture": "#5_1"}
			}
		},
		{
			"name": "element",
			"from": [8.125, 7.2177, 6.0125],
			"to": [8.225, 7.30722, 6.8125],
			"faces": {
				"north": {"uv": [9, 1.5, 9.5, 2], "texture": "#5_1"},
				"east": {"uv": [9, 1.5, 9.5, 2], "texture": "#5_1"},
				"south": {"uv": [0, 0, 0, 0], "texture": "#5_1"},
				"west": {"uv": [9, 1.5, 9.5, 2], "texture": "#5_1"},
				"up": {"uv": [0, 0, 0, 0], "texture": "#5_1"},
				"down": {"uv": [0, 0, 0, 0], "texture": "#5_1"}
			}
		},
		{
			"name": "element",
			"from": [8.125, 7.2177, 6.0125],
			"to": [8.225, 7.30722, 6.8125],
			"rotation": {"angle": 22.5, "axis": "z", "origin": [8, 7.2625, 6.2625]},
			"faces": {
				"north": {"uv": [9, 1.5, 9.5, 2], "texture": "#5_1"},
				"east": {"uv": [9, 1.5, 9.5, 2], "texture": "#5_1"},
				"south": {"uv": [9, 1.5, 9.5, 2], "texture": "#5_1"},
				"west": {"uv": [9, 1.5, 9.5, 2], "texture": "#5_1"},
				"up": {"uv": [0, 0, 0, 0], "texture": "#5_1"},
				"down": {"uv": [0, 0, 0, 0], "texture": "#5_1"}
			}
		},
		{
			"name": "element",
			"from": [7.9235, 6.1993, 9.0643],
			"to": [8.06918, 7.07336, 9.18084],
			"faces": {
				"north": {"uv": [6, 15.5, 6.5, 16], "texture": "#5_1"},
				"east": {"uv": [6, 15.5, 6.5, 16], "texture": "#5_1"},
				"south": {"uv": [6, 15.5, 6.5, 16], "texture": "#5_1"},
				"west": {"uv": [6, 15.5, 6.5, 16], "texture": "#5_1"},
				"down": {"uv": [6, 15.5, 6.5, 16], "texture": "#5_1"}
			}
		},
		{
			"name": "element",
			"from": [7.9235, 7.0977, 8.9429],
			"to": [8.06918, 7.29193, 9.04002],
			"rotation": {"angle": 22.5, "axis": "x", "origin": [8.09769, 6.41783, 6.37903]},
			"faces": {
				"north": {"uv": [6, 15.5, 6.5, 16], "texture": "#5_1"},
				"east": {"uv": [6, 15.5, 6.5, 16], "texture": "#5_1"},
				"south": {"uv": [6, 15.5, 6.5, 16], "texture": "#5_1"},
				"west": {"uv": [6, 15.5, 6.5, 16], "texture": "#5_1"},
				"down": {"uv": [6, 15.5, 6.5, 16], "texture": "#5_1"}
			}
		},
		{
			"name": "element",
			"from": [7.9235, 7.0491, 8.9429],
			"to": [8.06918, 7.24333, 8.99146],
			"rotation": {"angle": 22.5, "axis": "x", "origin": [8.09769, 6.41783, 6.37903]},
			"faces": {
				"north": {"uv": [6, 15.5, 6.5, 16], "texture": "#5_1"},
				"east": {"uv": [6, 15.5, 6.5, 16], "texture": "#5_1"},
				"west": {"uv": [6, 15.5, 6.5, 16], "texture": "#5_1"},
				"down": {"uv": [6, 15.5, 6.5, 16], "texture": "#5_1"}
			}
		},
		{
			"name": "element",
			"from": [7.9235, 7.928, 8.5069],
			"to": [8.06918, 8.06396, 8.57489],
			"rotation": {"angle": 45, "axis": "x", "origin": [8.09769, 6.41783, 6.37903]},
			"faces": {
				"north": {"uv": [6, 15.5, 6.5, 16], "texture": "#5_1"},
				"east": {"uv": [6, 15.5, 6.5, 16], "texture": "#5_1"},
				"south": {"uv": [6, 15.5, 6.5, 16], "texture": "#5_1"},
				"west": {"uv": [6, 15.5, 6.5, 16], "texture": "#5_1"},
				"down": {"uv": [6, 15.5, 6.5, 16], "texture": "#5_1"}
			}
		},
		{
			"name": "element",
			"from": [7.9235, 4.9708, 8.5205],
			"to": [8.06918, 5.02907, 8.61762],
			"rotation": {"angle": -22.5, "axis": "x", "origin": [8.09769, 6.41783, 6.37903]},
			"faces": {
				"north": {"uv": [6, 15.5, 6.5, 16], "texture": "#5_1"},
				"east": {"uv": [6, 15.5, 6.5, 16], "texture": "#5_1"},
				"west": {"uv": [6, 15.5, 6.5, 16], "texture": "#5_1"},
				"up": {"uv": [6, 15.5, 6.5, 16], "texture": "#5_1"},
				"down": {"uv": [6, 15.5, 6.5, 16], "texture": "#5_1"}
			}
		},
		{
			"name": "element",
			"from": [7.9235, 5.4078, 8.9332],
			"to": [8.06918, 5.46607, 9.03031],
			"rotation": {"angle": -22.5, "axis": "x", "origin": [8.09769, 6.41783, 6.37903]},
			"faces": {
				"east": {"uv": [6, 15.5, 6.5, 16], "texture": "#5_1"},
				"south": {"uv": [6, 15.5, 6.5, 16], "texture": "#5_1"},
				"west": {"uv": [6, 15.5, 6.5, 16], "texture": "#5_1"},
				"down": {"uv": [6, 15.5, 6.5, 16], "texture": "#5_1"}
			}
		},
		{
			"name": "element",
			"from": [7.9235, 7.5104, 8.7827],
			"to": [8.06918, 8.38446, 8.8701],
			"rotation": {"angle": 22.5, "axis": "x", "origin": [8.09769, 6.41783, 6.37903]},
			"faces": {
				"east": {"uv": [6, 15.5, 6.5, 16], "texture": "#5_1"},
				"west": {"uv": [6, 15.5, 6.5, 16], "texture": "#5_1"},
				"down": {"uv": [6, 15.5, 6.5, 16], "texture": "#5_1"}
			}
		}
	],
	"gui_light": "front",
	"display": {
		"thirdperson_righthand": {
			"translation": [-0.163, 1.2832, -1.358],
			"scale": [1.1, 1.1, 1.1]
		},
		"thirdperson_lefthand": {
			"translation": [-0.163, 1.7832, -1.108],
			"scale": [1.1, 1.1, 1.1]
		},
		"firstperson_righthand": {
			"translation": [-8.98, 7.3913, 2.578],
			"scale": [1.5, 1.5, 1.5]
		},
		"firstperson_lefthand": {
			"translation": [0.4456, 4.6413, -2.672],
			"scale": [1.5, 1.5, 1.5]
		},
		"ground": {
			"rotation": [0, 0, 90],
			"translation": [0, -0.586, 0],
			"scale": [1.3, 1.3, 1.3]
		},
		"gui": {
			"rotation": [90, 52, -90],
			"translation": [-1.597, 4.4891, 3.4782],
			"scale": [1.4, 1.4, 1.4]
		},
		"head": {
			"rotation": [0, 0, -36],
			"translation": [0, -15.31, 2.1195]
		},
		"fixed": {
			"rotation": [180, 90, 180],
			"translation": [-5.031, 2.7826, 0.2282],
			"scale": [1.28, 1.56, 1.56]
		}
	}
}