{
	"credit": "Made with Blockbench",
	"texture_size": [64, 64],
	"textures": {
		"1": "item/throwable/flashbang/texture"
	},
	"elements": [
		{
			"name": "octagon",
			"from": [6.75736, 0, 5],
			"to": [9.24264, 1.5, 11],
			"rotation": {"angle": 45, "axis": "y", "origin": [8, 8, 8]},
			"faces": {
				"north": {"uv": [10.75, 0.5, 11.375, 0.875], "texture": "#1"},
				"east": {"uv": [8.75, 6.5, 10.25, 6.875], "texture": "#1"},
				"south": {"uv": [10.75, 1, 11.375, 1.375], "texture": "#1"},
				"west": {"uv": [3.75, 9, 5.25, 9.375], "texture": "#1"},
				"up": {"uv": [8.125, 8.75, 7.5, 7.25], "texture": "#1"},
				"down": {"uv": [8.625, 2.75, 8, 4.25], "texture": "#1"}
			}
		},
		{
			"name": "octagon",
			"from": [6.75736, 0, 5],
			"to": [9.24264, 1.5, 11],
			"rotation": {"angle": 0, "axis": "y", "origin": [8, 8, 8]},
			"faces": {
				"north": {"uv": [10.75, 1.5, 11.375, 1.875], "texture": "#1"},
				"east": {"uv": [5.25, 9, 6.75, 9.375], "texture": "#1"},
				"south": {"uv": [10.75, 2, 11.375, 2.375], "texture": "#1"},
				"west": {"uv": [9, 8.75, 10.5, 9.125], "texture": "#1"},
				"up": {"uv": [8.625, 5.75, 8, 4.25], "texture": "#1"},
				"down": {"uv": [8.625, 5.75, 8, 7.25], "texture": "#1"}
			}
		},
		{
			"name": "octagon",
			"from": [5, 0, 6.75736],
			"to": [11, 1.5, 9.24264],
			"rotation": {"angle": 45, "axis": "y", "origin": [8, 8, 8]},
			"faces": {
				"north": {"uv": [9.25, 0, 10.75, 0.375], "texture": "#1"},
				"east": {"uv": [3.75, 10.75, 4.375, 11.125], "texture": "#1"},
				"south": {"uv": [9.25, 0.5, 10.75, 0.875], "texture": "#1"},
				"west": {"uv": [4.5, 10.75, 5.125, 11.125], "texture": "#1"},
				"up": {"uv": [1.5, 8.875, 0, 8.25], "texture": "#1"},
				"down": {"uv": [3, 8.25, 1.5, 8.875], "texture": "#1"}
			}
		},
		{
			"name": "octagon",
			"from": [5, 0, 6.75736],
			"to": [11, 1.5, 9.24264],
			"rotation": {"angle": 0, "axis": "y", "origin": [8, 8, 8]},
			"faces": {
				"north": {"uv": [9.25, 1, 10.75, 1.375], "texture": "#1"},
				"east": {"uv": [5.25, 10.75, 5.875, 11.125], "texture": "#1"},
				"south": {"uv": [9.25, 1.5, 10.75, 1.875], "texture": "#1"},
				"west": {"uv": [6, 10.75, 6.625, 11.125], "texture": "#1"},
				"up": {"uv": [4.5, 8.875, 3, 8.25], "texture": "#1"},
				"down": {"uv": [6, 8.25, 4.5, 8.875], "texture": "#1"}
			}
		},
		{
			"name": "octagon",
			"from": [6.75736, 12, 5],
			"to": [9.24264, 13.5, 11],
			"rotation": {"angle": 45, "axis": "y", "origin": [8, 20, 8]},
			"faces": {
				"north": {"uv": [9.75, 10.75, 10.375, 11.125], "texture": "#1"},
				"east": {"uv": [9.5, 5, 11, 5.375], "texture": "#1"},
				"south": {"uv": [10.5, 10.75, 11.125, 11.125], "texture": "#1"},
				"west": {"uv": [5.25, 9.5, 6.75, 9.875], "texture": "#1"},
				"up": {"uv": [8.125, 10.25, 7.5, 8.75], "texture": "#1"},
				"down": {"uv": [8.875, 8.75, 8.25, 10.25], "texture": "#1"}
			}
		},
		{
			"from": [6.69875, 13.53581, 9.55603],
			"to": [9.58875, 16.08581, 9.72603],
			"rotation": {"angle": -22.5, "axis": "x", "origin": [8.14375, 14.81081, 9.64104]},
			"faces": {
				"north": {"uv": [10.25, 5.5, 11, 6.125], "texture": "#1"},
				"east": {"uv": [11.5, 7, 11.5625, 7.625], "texture": "#1"},
				"south": {"uv": [10.25, 6.25, 11, 6.875], "texture": "#1"},
				"west": {"uv": [7.5, 11.5, 7.5625, 12.125], "texture": "#1"},
				"up": {"uv": [5.75, 11.5625, 5, 11.5], "texture": "#1"},
				"down": {"uv": [6.5, 11.5, 5.75, 11.5625], "texture": "#1"}
			}
		},
		{
			"from": [7.19875, 12.14478, 15.8675],
			"to": [9.08875, 15.94478, 16.0375],
			"rotation": {"angle": -45, "axis": "x", "origin": [8.14375, 7.66978, 12.7025]},
			"faces": {
				"north": {"uv": [7.5, 10.25, 8, 11.1875], "texture": "#1"},
				"east": {"uv": [6.5, 11.25, 6.5625, 12.1875], "texture": "#1"},
				"south": {"uv": [8, 10.25, 8.5, 11.1875], "texture": "#1"},
				"west": {"uv": [8.25, 11.25, 8.3125, 12.1875], "texture": "#1"},
				"up": {"uv": [8.25, 11.5625, 7.75, 11.5], "texture": "#1"},
				"down": {"uv": [12, 8.75, 11.5, 8.8125], "texture": "#1"}
			}
		},
		{
			"from": [7.19875, 4.14228, 11.7264],
			"to": [9.08875, 13.19228, 11.8964],
			"rotation": {"angle": 0, "axis": "x", "origin": [8.14375, 11.16728, 9.8114]},
			"faces": {
				"north": {"uv": [7.5, 2.75, 8, 5], "texture": "#1"},
				"east": {"uv": [3.75, 11.25, 3.8125, 13.5], "texture": "#1"},
				"south": {"uv": [7.5, 5, 8, 7.25], "texture": "#1"},
				"west": {"uv": [4, 11.25, 4.0625, 13.5], "texture": "#1"},
				"up": {"uv": [12, 9.0625, 11.5, 9], "texture": "#1"},
				"down": {"uv": [12, 9.25, 11.5, 9.3125], "texture": "#1"}
			}
		},
		{
			"from": [6.69875, 13.49542, 9.18754],
			"to": [9.58875, 13.66542, 10.20754],
			"rotation": {"angle": 0, "axis": "y", "origin": [-46.25625, -2.14458, -46.65746]},
			"faces": {
				"north": {"uv": [11.5, 2.25, 12.25, 2.3125], "texture": "#1"},
				"east": {"uv": [11.25, 11.5, 11.5, 11.5625], "texture": "#1"},
				"south": {"uv": [4.25, 11.5, 5, 11.5625], "texture": "#1"},
				"west": {"uv": [11.5, 11.5, 11.75, 11.5625], "texture": "#1"},
				"up": {"uv": [9.5, 7.25, 8.75, 7], "texture": "#1"},
				"down": {"uv": [10, 2.5, 9.25, 2.75], "texture": "#1"}
			}
		},
		{
			"from": [6.69875, 13.64128, 9.40168],
			"to": [9.58875, 13.98128, 10.04767],
			"rotation": {"angle": 0, "axis": "y", "origin": [-46.25625, -2.16872, -46.61332]},
			"faces": {
				"north": {"uv": [11.5, 1.75, 12.25, 1.8125], "texture": "#1"},
				"east": {"uv": [1, 11.75, 1.1875, 11.8125], "texture": "#1"},
				"south": {"uv": [11.5, 2, 12.25, 2.0625], "texture": "#1"},
				"west": {"uv": [1.25, 11.75, 1.4375, 11.8125], "texture": "#1"},
				"up": {"uv": [11.75, 6.4375, 11, 6.25], "texture": "#1"},
				"down": {"uv": [11.75, 6.5, 11, 6.6875], "texture": "#1"}
			}
		},
		{
			"from": [6.69875, 14.83128, 8.72167],
			"to": [9.58875, 15.68128, 9.26567],
			"rotation": {"angle": 0, "axis": "y", "origin": [-46.25625, -2.16872, -46.61332]},
			"faces": {
				"north": {"uv": [11, 5.75, 11.75, 5.9375], "texture": "#1"},
				"east": {"uv": [10.75, 11.5, 10.875, 11.6875], "texture": "#1"},
				"south": {"uv": [11, 6, 11.75, 6.1875], "texture": "#1"},
				"west": {"uv": [11, 11.5, 11.125, 11.6875], "texture": "#1"},
				"up": {"uv": [11.25, 11.375, 10.5, 11.25], "texture": "#1"},
				"down": {"uv": [12, 10.5, 11.25, 10.625], "texture": "#1"}
			}
		},
		{
			"from": [6.69875, 14.66128, 8.89167],
			"to": [9.58875, 15.51128, 9.43567],
			"rotation": {"angle": 0, "axis": "y", "origin": [-46.25625, -2.16872, -46.61332]},
			"faces": {
				"north": {"uv": [11, 5.25, 11.75, 5.4375], "texture": "#1"},
				"east": {"uv": [10.25, 11.5, 10.375, 11.6875], "texture": "#1"},
				"south": {"uv": [11, 5.5, 11.75, 5.6875], "texture": "#1"},
				"west": {"uv": [10.5, 11.5, 10.625, 11.6875], "texture": "#1"},
				"up": {"uv": [8.25, 11.375, 7.5, 11.25], "texture": "#1"},
				"down": {"uv": [10.5, 11.25, 9.75, 11.375], "texture": "#1"}
			}
		},
		{
			"from": [6.69875, 15.00128, 9.23168],
			"to": [9.58875, 15.17128, 9.53768],
			"rotation": {"angle": 0, "axis": "y", "origin": [-46.25625, -2.16872, -46.61332]},
			"faces": {
				"north": {"uv": [11.5, 0.75, 12.25, 0.8125], "texture": "#1"},
				"east": {"uv": [2.25, 12, 2.3125, 12.0625], "texture": "#1"},
				"south": {"uv": [11.5, 1, 12.25, 1.0625], "texture": "#1"},
				"west": {"uv": [2.5, 12, 2.5625, 12.0625], "texture": "#1"},
				"up": {"uv": [12.25, 1.3125, 11.5, 1.25], "texture": "#1"},
				"down": {"uv": [12.25, 1.5, 11.5, 1.5625], "texture": "#1"}
			}
		},
		{
			"from": [6.69875, 14.15128, 8.89167],
			"to": [9.58875, 15.00128, 9.60568],
			"rotation": {"angle": 0, "axis": "y", "origin": [-46.25625, -2.16872, -46.61332]},
			"faces": {
				"north": {"uv": [11, 4.25, 11.75, 4.4375], "texture": "#1"},
				"east": {"uv": [9.5, 7, 9.6875, 7.1875], "texture": "#1"},
				"south": {"uv": [11, 4.5, 11.75, 4.6875], "texture": "#1"},
				"west": {"uv": [10, 2.5, 10.1875, 2.6875], "texture": "#1"},
				"up": {"uv": [11.75, 4.9375, 11, 4.75], "texture": "#1"},
				"down": {"uv": [11.75, 5, 11, 5.1875], "texture": "#1"}
			}
		},
		{
			"from": [6.69875, 14.15128, 9.06168],
			"to": [9.58875, 14.66128, 9.77568],
			"rotation": {"angle": 0, "axis": "y", "origin": [-46.25625, -2.16872, -46.61332]},
			"faces": {
				"north": {"uv": [5, 11.25, 5.75, 11.375], "texture": "#1"},
				"east": {"uv": [11.5, 9.75, 11.6875, 9.875], "texture": "#1"},
				"south": {"uv": [5.75, 11.25, 6.5, 11.375], "texture": "#1"},
				"west": {"uv": [10, 11.5, 10.1875, 11.625], "texture": "#1"},
				"up": {"uv": [11.75, 3.9375, 11, 3.75], "texture": "#1"},
				"down": {"uv": [11.75, 4, 11, 4.1875], "texture": "#1"}
			}
		},
		{
			"from": [6.69875, 14.15128, 9.23168],
			"to": [9.58875, 14.32128, 9.91168],
			"rotation": {"angle": 0, "axis": "y", "origin": [-46.25625, -2.16872, -46.61332]},
			"faces": {
				"north": {"uv": [11.25, 11.25, 12, 11.3125], "texture": "#1"},
				"east": {"uv": [0.5, 11.75, 0.6875, 11.8125], "texture": "#1"},
				"south": {"uv": [11.5, 0.5, 12.25, 0.5625], "texture": "#1"},
				"west": {"uv": [0.75, 11.75, 0.9375, 11.8125], "texture": "#1"},
				"up": {"uv": [11.75, 3.1875, 11, 3], "texture": "#1"},
				"down": {"uv": [11.75, 3.5, 11, 3.6875], "texture": "#1"}
			}
		},
		{
			"from": [6.69875, 13.64128, 9.23168],
			"to": [9.58875, 14.15128, 9.91168],
			"rotation": {"angle": 0, "axis": "y", "origin": [-46.25625, -2.16872, -46.61332]},
			"faces": {
				"north": {"uv": [11, 6.75, 11.75, 6.875], "texture": "#1"},
				"east": {"uv": [11.5, 9.5, 11.6875, 9.625], "texture": "#1"},
				"south": {"uv": [4.25, 11.25, 5, 11.375], "texture": "#1"},
				"west": {"uv": [9.75, 11.5, 9.9375, 11.625], "texture": "#1"},
				"up": {"uv": [10.25, 6.4375, 9.5, 6.25], "texture": "#1"},
				"down": {"uv": [10.5, 8.5, 9.75, 8.6875], "texture": "#1"}
			}
		},
		{
			"from": [6.69875, 13.47128, 6.17168],
			"to": [9.58875, 16.02128, 9.23168],
			"rotation": {"angle": 0, "axis": "y", "origin": [-46.25625, -2.16872, -46.61332]},
			"faces": {
				"north": {"uv": [9.75, 7.75, 10.5, 8.375], "texture": "#1"},
				"east": {"uv": [9, 9.75, 9.75, 10.375], "texture": "#1"},
				"south": {"uv": [9.75, 9.75, 10.5, 10.375], "texture": "#1"},
				"west": {"uv": [3.75, 10, 4.5, 10.625], "texture": "#1"},
				"up": {"uv": [7.5, 9.75, 6.75, 9], "texture": "#1"},
				"down": {"uv": [10.25, 5.5, 9.5, 6.25], "texture": "#1"}
			}
		},
		{
			"name": "octagon",
			"from": [6.75736, 12, 5],
			"to": [9.24264, 13.5, 11],
			"rotation": {"angle": 0, "axis": "y", "origin": [8, 20, 8]},
			"faces": {
				"north": {"uv": [10.75, 9, 11.375, 9.375], "texture": "#1"},
				"east": {"uv": [9.5, 4, 11, 4.375], "texture": "#1"},
				"south": {"uv": [10.75, 9.5, 11.375, 9.875], "texture": "#1"},
				"west": {"uv": [9.5, 4.5, 11, 4.875], "texture": "#1"},
				"up": {"uv": [9.375, 5, 8.75, 3.5], "texture": "#1"},
				"down": {"uv": [9.375, 5, 8.75, 6.5], "texture": "#1"}
			}
		},
		{
			"name": "octagon",
			"from": [5, 12, 6.75736],
			"to": [11, 13.5, 9.24264],
			"rotation": {"angle": 45, "axis": "y", "origin": [8, 20, 8]},
			"faces": {
				"north": {"uv": [9.5, 3.5, 11, 3.875], "texture": "#1"},
				"east": {"uv": [10.75, 8, 11.375, 8.375], "texture": "#1"},
				"south": {"uv": [3.75, 9.5, 5.25, 9.875], "texture": "#1"},
				"west": {"uv": [10.75, 8.5, 11.375, 8.875], "texture": "#1"},
				"up": {"uv": [9.75, 8.625, 8.25, 8], "texture": "#1"},
				"down": {"uv": [10.25, 2.75, 8.75, 3.375], "texture": "#1"}
			}
		},
		{
			"name": "octagon",
			"from": [5, 12, 6.75736],
			"to": [11, 13.5, 9.24264],
			"rotation": {"angle": 0, "axis": "y", "origin": [8, 20, 8]},
			"faces": {
				"north": {"uv": [9.25, 2, 10.75, 2.375], "texture": "#1"},
				"east": {"uv": [10.75, 7, 11.375, 7.375], "texture": "#1"},
				"south": {"uv": [9, 9.25, 10.5, 9.625], "texture": "#1"},
				"west": {"uv": [10.75, 7.5, 11.375, 7.875], "texture": "#1"},
				"up": {"uv": [7.5, 8.875, 6, 8.25], "texture": "#1"},
				"down": {"uv": [9.75, 7.25, 8.25, 7.875], "texture": "#1"}
			}
		},
		{
			"name": "hexadecagon",
			"from": [7.45299, 1.5, 5.25],
			"to": [8.54701, 12.5, 10.75],
			"rotation": {"angle": -45, "axis": "y", "origin": [8, 7, 8]},
			"faces": {
				"north": {"uv": [0, 9, 0.25, 11.75], "texture": "#1"},
				"east": {"uv": [0, 0, 1.375, 2.75], "texture": "#1"},
				"south": {"uv": [9, 0, 9.25, 2.75], "texture": "#1"},
				"west": {"uv": [1.5, 0, 2.875, 2.75], "texture": "#1"},
				"up": {"uv": [8.75, 11.625, 8.5, 10.25], "texture": "#1"},
				"down": {"uv": [9, 10.25, 8.75, 11.625], "texture": "#1"}
			}
		},
		{
			"name": "hexadecagon",
			"from": [7.45299, 1.5, 5.25],
			"to": [8.54701, 12.5, 10.75],
			"rotation": {"angle": -22.5, "axis": "y", "origin": [8, 7, 8]},
			"faces": {
				"north": {"uv": [0.25, 9, 0.5, 11.75], "texture": "#1"},
				"east": {"uv": [0, 2.75, 1.375, 5.5], "texture": "#1"},
				"south": {"uv": [0.5, 9, 0.75, 11.75], "texture": "#1"},
				"west": {"uv": [1.5, 2.75, 2.875, 5.5], "texture": "#1"},
				"up": {"uv": [7, 11.875, 6.75, 10.5], "texture": "#1"},
				"down": {"uv": [7.25, 10.5, 7, 11.875], "texture": "#1"}
			}
		},
		{
			"name": "hexadecagon",
			"from": [7.45299, 1.5, 5.25],
			"to": [8.54701, 12.5, 10.75],
			"rotation": {"angle": 0, "axis": "y", "origin": [8, 7, 8]},
			"faces": {
				"north": {"uv": [0.75, 9, 1, 11.75], "texture": "#1"},
				"east": {"uv": [3, 0, 4.375, 2.75], "texture": "#1"},
				"south": {"uv": [1, 9, 1.25, 11.75], "texture": "#1"},
				"west": {"uv": [3, 2.75, 4.375, 5.5], "texture": "#1"},
				"up": {"uv": [10.75, 8.375, 10.5, 7], "texture": "#1"},
				"down": {"uv": [7.5, 10.5, 7.25, 11.875], "texture": "#1"}
			}
		},
		{
			"name": "hexadecagon",
			"from": [7.45299, 1.5, 5.25],
			"to": [8.54701, 12.5, 10.75],
			"rotation": {"angle": 22.5, "axis": "y", "origin": [8, 7, 8]},
			"faces": {
				"north": {"uv": [1.25, 9, 1.5, 11.75], "texture": "#1"},
				"east": {"uv": [4.5, 0, 5.875, 2.75], "texture": "#1"},
				"south": {"uv": [1.5, 9, 1.75, 11.75], "texture": "#1"},
				"west": {"uv": [4.5, 2.75, 5.875, 5.5], "texture": "#1"},
				"up": {"uv": [10.75, 9.875, 10.5, 8.5], "texture": "#1"},
				"down": {"uv": [9.25, 10.5, 9, 11.875], "texture": "#1"}
			}
		},
		{
			"name": "hexadecagon",
			"from": [7.45299, 1.5, 5.25],
			"to": [8.54701, 12.5, 10.75],
			"rotation": {"angle": 45, "axis": "y", "origin": [8, 7, 8]},
			"faces": {
				"north": {"uv": [1.75, 9, 2, 11.75], "texture": "#1"},
				"east": {"uv": [0, 5.5, 1.375, 8.25], "texture": "#1"},
				"south": {"uv": [2, 9, 2.25, 11.75], "texture": "#1"},
				"west": {"uv": [1.5, 5.5, 2.875, 8.25], "texture": "#1"},
				"up": {"uv": [9.5, 11.875, 9.25, 10.5], "texture": "#1"},
				"down": {"uv": [9.75, 10.5, 9.5, 11.875], "texture": "#1"}
			}
		},
		{
			"name": "hexadecagon",
			"from": [5.25, 1.5, 7.45299],
			"to": [10.75, 12.5, 8.54701],
			"rotation": {"angle": -22.5, "axis": "y", "origin": [8, 7, 8]},
			"faces": {
				"north": {"uv": [3, 5.5, 4.375, 8.25], "texture": "#1"},
				"east": {"uv": [2.25, 9, 2.5, 11.75], "texture": "#1"},
				"south": {"uv": [4.5, 5.5, 5.875, 8.25], "texture": "#1"},
				"west": {"uv": [2.5, 9, 2.75, 11.75], "texture": "#1"},
				"up": {"uv": [11.625, 3.5, 10.25, 3.25], "texture": "#1"},
				"down": {"uv": [11.125, 10.5, 9.75, 10.75], "texture": "#1"}
			}
		},
		{
			"name": "hexadecagon",
			"from": [5.25, 1.5, 7.45299],
			"to": [10.75, 12.5, 8.54701],
			"rotation": {"angle": 0, "axis": "y", "origin": [8, 7, 8]},
			"faces": {
				"north": {"uv": [6, 0, 7.375, 2.75], "texture": "#1"},
				"east": {"uv": [2.75, 9, 3, 11.75], "texture": "#1"},
				"south": {"uv": [6, 2.75, 7.375, 5.5], "texture": "#1"},
				"west": {"uv": [3, 9, 3.25, 11.75], "texture": "#1"},
				"up": {"uv": [11.875, 10.25, 10.5, 10], "texture": "#1"},
				"down": {"uv": [11.875, 10.25, 10.5, 10.5], "texture": "#1"}
			}
		},
		{
			"name": "hexadecagon",
			"from": [5.25, 1.5, 7.45299],
			"to": [10.75, 12.5, 8.54701],
			"rotation": {"angle": 22.5, "axis": "y", "origin": [8, 7, 8]},
			"faces": {
				"north": {"uv": [6, 5.5, 7.375, 8.25], "texture": "#1"},
				"east": {"uv": [3.25, 9, 3.5, 11.75], "texture": "#1"},
				"south": {"uv": [7.5, 0, 8.875, 2.75], "texture": "#1"},
				"west": {"uv": [3.5, 9, 3.75, 11.75], "texture": "#1"},
				"up": {"uv": [12.125, 0.25, 10.75, 0], "texture": "#1"},
				"down": {"uv": [12.125, 0.25, 10.75, 0.5], "texture": "#1"}
			}
		},
		{
			"name": "hexadecagon",
			"from": [6.3395, 14.59733, 6.96697],
			"to": [6.4825, 15.07517, 7.02418],
			"rotation": {"angle": -45, "axis": "x", "origin": [9.1995, 14.83625, 8.16818]},
			"faces": {
				"north": {"uv": [1.5, 11.75, 1.5625, 11.875], "texture": "#1"},
				"east": {"uv": [1.75, 11.75, 1.8125, 11.875], "texture": "#1"},
				"south": {"uv": [2, 11.75, 2.0625, 11.875], "texture": "#1"},
				"west": {"uv": [2.25, 11.75, 2.3125, 11.875], "texture": "#1"},
				"up": {"uv": [12.0625, 2.5625, 12, 2.5], "texture": "#1"},
				"down": {"uv": [2.8125, 12, 2.75, 12.0625], "texture": "#1"}
			}
		},
		{
			"name": "hexadecagon",
			"from": [6.3395, 14.59733, 6.96697],
			"to": [6.4825, 15.07517, 7.02418],
			"rotation": {"angle": -22.5, "axis": "x", "origin": [9.1995, 14.83625, 8.16818]},
			"faces": {
				"north": {"uv": [2.5, 11.75, 2.5625, 11.875], "texture": "#1"},
				"east": {"uv": [11.75, 2.5, 11.8125, 2.625], "texture": "#1"},
				"south": {"uv": [2.75, 11.75, 2.8125, 11.875], "texture": "#1"},
				"west": {"uv": [11.75, 2.75, 11.8125, 2.875], "texture": "#1"},
				"up": {"uv": [12.0625, 2.8125, 12, 2.75], "texture": "#1"},
				"down": {"uv": [3.0625, 12, 3, 12.0625], "texture": "#1"}
			}
		},
		{
			"name": "hexadecagon",
			"from": [6.3395, 14.59733, 6.96697],
			"to": [6.4825, 15.07517, 7.02418],
			"rotation": {"angle": 0, "axis": "y", "origin": [9.1995, 14.83625, 8.16818]},
			"faces": {
				"north": {"uv": [3, 11.75, 3.0625, 11.875], "texture": "#1"},
				"east": {"uv": [11.75, 3, 11.8125, 3.125], "texture": "#1"},
				"south": {"uv": [3.25, 11.75, 3.3125, 11.875], "texture": "#1"},
				"west": {"uv": [11.75, 3.25, 11.8125, 3.375], "texture": "#1"},
				"up": {"uv": [12.0625, 3.0625, 12, 3], "texture": "#1"},
				"down": {"uv": [3.3125, 12, 3.25, 12.0625], "texture": "#1"}
			}
		},
		{
			"name": "hexadecagon",
			"from": [6.3395, 14.59733, 6.96697],
			"to": [6.4825, 15.07517, 7.02418],
			"rotation": {"angle": 22.5, "axis": "x", "origin": [9.1995, 14.83625, 8.16818]},
			"faces": {
				"north": {"uv": [3.5, 11.75, 3.5625, 11.875], "texture": "#1"},
				"east": {"uv": [11.75, 3.5, 11.8125, 3.625], "texture": "#1"},
				"south": {"uv": [11.75, 3.75, 11.8125, 3.875], "texture": "#1"},
				"west": {"uv": [11.75, 4, 11.8125, 4.125], "texture": "#1"},
				"up": {"uv": [12.0625, 3.3125, 12, 3.25], "texture": "#1"},
				"down": {"uv": [3.5625, 12, 3.5, 12.0625], "texture": "#1"}
			}
		},
		{
			"name": "hexadecagon",
			"from": [6.3395, 14.59733, 6.96697],
			"to": [6.4825, 15.07517, 7.02418],
			"rotation": {"angle": 45, "axis": "x", "origin": [9.1995, 14.83625, 8.16818]},
			"faces": {
				"north": {"uv": [4.25, 11.75, 4.3125, 11.875], "texture": "#1"},
				"east": {"uv": [11.75, 4.25, 11.8125, 4.375], "texture": "#1"},
				"south": {"uv": [4.5, 11.75, 4.5625, 11.875], "texture": "#1"},
				"west": {"uv": [11.75, 4.5, 11.8125, 4.625], "texture": "#1"},
				"up": {"uv": [12.0625, 3.5625, 12, 3.5], "texture": "#1"},
				"down": {"uv": [12.0625, 3.75, 12, 3.8125], "texture": "#1"}
			}
		},
		{
			"name": "hexadecagon",
			"from": [6.3395, 14.59733, 9.31217],
			"to": [6.4825, 15.07517, 9.36938],
			"rotation": {"angle": -45, "axis": "x", "origin": [9.1995, 14.83625, 8.16818]},
			"faces": {
				"north": {"uv": [4.75, 11.75, 4.8125, 11.875], "texture": "#1"},
				"east": {"uv": [11.75, 4.75, 11.8125, 4.875], "texture": "#1"},
				"south": {"uv": [5, 11.75, 5.0625, 11.875], "texture": "#1"},
				"west": {"uv": [11.75, 5, 11.8125, 5.125], "texture": "#1"},
				"up": {"uv": [12.0625, 4.0625, 12, 4], "texture": "#1"},
				"down": {"uv": [4.3125, 12, 4.25, 12.0625], "texture": "#1"}
			}
		},
		{
			"name": "hexadecagon",
			"from": [6.3395, 14.59733, 9.31217],
			"to": [6.4825, 15.07517, 9.36938],
			"rotation": {"angle": -22.5, "axis": "x", "origin": [9.1995, 14.83625, 8.16818]},
			"faces": {
				"north": {"uv": [5.25, 11.75, 5.3125, 11.875], "texture": "#1"},
				"east": {"uv": [11.75, 5.25, 11.8125, 5.375], "texture": "#1"},
				"south": {"uv": [5.5, 11.75, 5.5625, 11.875], "texture": "#1"},
				"west": {"uv": [11.75, 5.5, 11.8125, 5.625], "texture": "#1"},
				"up": {"uv": [12.0625, 4.3125, 12, 4.25], "texture": "#1"},
				"down": {"uv": [4.5625, 12, 4.5, 12.0625], "texture": "#1"}
			}
		},
		{
			"name": "hexadecagon",
			"from": [6.3395, 14.59733, 9.31217],
			"to": [6.4825, 15.07517, 9.36938],
			"rotation": {"angle": 0, "axis": "y", "origin": [9.1995, 14.83625, 8.16818]},
			"faces": {
				"north": {"uv": [5.75, 11.75, 5.8125, 11.875], "texture": "#1"},
				"east": {"uv": [11.75, 5.75, 11.8125, 5.875], "texture": "#1"},
				"south": {"uv": [6, 11.75, 6.0625, 11.875], "texture": "#1"},
				"west": {"uv": [11.75, 6, 11.8125, 6.125], "texture": "#1"},
				"up": {"uv": [12.0625, 4.5625, 12, 4.5], "texture": "#1"},
				"down": {"uv": [4.8125, 12, 4.75, 12.0625], "texture": "#1"}
			}
		},
		{
			"name": "hexadecagon",
			"from": [6.3395, 14.59733, 9.31217],
			"to": [6.4825, 15.07517, 9.36938],
			"rotation": {"angle": 22.5, "axis": "x", "origin": [9.1995, 14.83625, 8.16818]},
			"faces": {
				"north": {"uv": [6.25, 11.75, 6.3125, 11.875], "texture": "#1"},
				"east": {"uv": [11.75, 6.25, 11.8125, 6.375], "texture": "#1"},
				"south": {"uv": [11.75, 6.5, 11.8125, 6.625], "texture": "#1"},
				"west": {"uv": [11.75, 6.75, 11.8125, 6.875], "texture": "#1"},
				"up": {"uv": [12.0625, 4.8125, 12, 4.75], "texture": "#1"},
				"down": {"uv": [5.0625, 12, 5, 12.0625], "texture": "#1"}
			}
		},
		{
			"name": "hexadecagon",
			"from": [6.3395, 14.59733, 9.31217],
			"to": [6.4825, 15.07517, 9.36938],
			"rotation": {"angle": 45, "axis": "x", "origin": [9.1995, 14.83625, 8.16818]},
			"faces": {
				"north": {"uv": [11.75, 7, 11.8125, 7.125], "texture": "#1"},
				"east": {"uv": [11.75, 7.25, 11.8125, 7.375], "texture": "#1"},
				"south": {"uv": [11.75, 7.5, 11.8125, 7.625], "texture": "#1"},
				"west": {"uv": [7.75, 11.75, 7.8125, 11.875], "texture": "#1"},
				"up": {"uv": [12.0625, 5.0625, 12, 5], "texture": "#1"},
				"down": {"uv": [5.3125, 12, 5.25, 12.0625], "texture": "#1"}
			}
		},
		{
			"name": "hexadecagon",
			"from": [6.3395, 13.63505, 7.92925],
			"to": [6.4825, 13.69225, 8.4071],
			"rotation": {"angle": -22.5, "axis": "x", "origin": [9.1995, 14.83625, 8.16818]},
			"faces": {
				"north": {"uv": [12, 5.25, 12.0625, 5.3125], "texture": "#1"},
				"east": {"uv": [8, 11.75, 8.125, 11.8125], "texture": "#1"},
				"south": {"uv": [5.5, 12, 5.5625, 12.0625], "texture": "#1"},
				"west": {"uv": [8.5, 11.75, 8.625, 11.8125], "texture": "#1"},
				"up": {"uv": [8.8125, 11.875, 8.75, 11.75], "texture": "#1"},
				"down": {"uv": [11.8125, 9.5, 11.75, 9.625], "texture": "#1"}
			}
		},
		{
			"name": "hexadecagon",
			"from": [6.3395, 13.63505, 7.92925],
			"to": [6.4825, 13.69225, 8.4071],
			"rotation": {"angle": 0, "axis": "y", "origin": [9.1995, 14.83625, 8.16818]},
			"faces": {
				"north": {"uv": [12, 5.5, 12.0625, 5.5625], "texture": "#1"},
				"east": {"uv": [9.75, 11.75, 9.875, 11.8125], "texture": "#1"},
				"south": {"uv": [5.75, 12, 5.8125, 12.0625], "texture": "#1"},
				"west": {"uv": [11.75, 9.75, 11.875, 9.8125], "texture": "#1"},
				"up": {"uv": [10.0625, 11.875, 10, 11.75], "texture": "#1"},
				"down": {"uv": [10.3125, 11.75, 10.25, 11.875], "texture": "#1"}
			}
		},
		{
			"name": "hexadecagon",
			"from": [6.3395, 13.63505, 7.92925],
			"to": [6.4825, 13.69225, 8.4071],
			"rotation": {"angle": 22.5, "axis": "x", "origin": [9.1995, 14.83625, 8.16818]},
			"faces": {
				"north": {"uv": [12, 5.75, 12.0625, 5.8125], "texture": "#1"},
				"east": {"uv": [10.5, 11.75, 10.625, 11.8125], "texture": "#1"},
				"south": {"uv": [6, 12, 6.0625, 12.0625], "texture": "#1"},
				"west": {"uv": [10.75, 11.75, 10.875, 11.8125], "texture": "#1"},
				"up": {"uv": [11.0625, 11.875, 11, 11.75], "texture": "#1"},
				"down": {"uv": [11.3125, 11.75, 11.25, 11.875], "texture": "#1"}
			}
		},
		{
			"name": "hexadecagon",
			"from": [6.3395, 15.98025, 7.92925],
			"to": [6.4825, 16.03745, 8.4071],
			"rotation": {"angle": -22.5, "axis": "x", "origin": [9.1995, 14.83625, 8.16818]},
			"faces": {
				"north": {"uv": [12, 6, 12.0625, 6.0625], "texture": "#1"},
				"east": {"uv": [11.5, 11.75, 11.625, 11.8125], "texture": "#1"},
				"south": {"uv": [6.25, 12, 6.3125, 12.0625], "texture": "#1"},
				"west": {"uv": [11.75, 11.5, 11.875, 11.5625], "texture": "#1"},
				"up": {"uv": [11.8125, 11.875, 11.75, 11.75], "texture": "#1"},
				"down": {"uv": [0.0625, 12, 0, 12.125], "texture": "#1"}
			}
		},
		{
			"name": "hexadecagon",
			"from": [6.3395, 15.98025, 7.92925],
			"to": [6.4825, 16.03745, 8.4071],
			"rotation": {"angle": 0, "axis": "y", "origin": [9.1995, 14.83625, 8.16818]},
			"faces": {
				"north": {"uv": [12, 6.25, 12.0625, 6.3125], "texture": "#1"},
				"east": {"uv": [0.25, 12, 0.375, 12.0625], "texture": "#1"},
				"south": {"uv": [12, 6.5, 12.0625, 6.5625], "texture": "#1"},
				"west": {"uv": [0.5, 12, 0.625, 12.0625], "texture": "#1"},
				"up": {"uv": [0.8125, 12.125, 0.75, 12], "texture": "#1"},
				"down": {"uv": [1.0625, 12, 1, 12.125], "texture": "#1"}
			}
		},
		{
			"name": "hexadecagon",
			"from": [6.3395, 15.98025, 7.92925],
			"to": [6.4825, 16.03745, 8.4071],
			"rotation": {"angle": 22.5, "axis": "x", "origin": [9.1995, 14.83625, 8.16818]},
			"faces": {
				"north": {"uv": [6.75, 12, 6.8125, 12.0625], "texture": "#1"},
				"east": {"uv": [1.25, 12, 1.375, 12.0625], "texture": "#1"},
				"south": {"uv": [12, 6.75, 12.0625, 6.8125], "texture": "#1"},
				"west": {"uv": [1.5, 12, 1.625, 12.0625], "texture": "#1"},
				"up": {"uv": [1.8125, 12.125, 1.75, 12], "texture": "#1"},
				"down": {"uv": [2.0625, 12, 2, 12.125], "texture": "#1"}
			}
		},
		{
			"from": [6.411, 15.83725, 7.52467],
			"to": [8.842, 15.98025, 7.66767],
			"rotation": {"angle": 0, "axis": "y", "origin": [-37.8475, 1.10825, -39.02182]},
			"faces": {
				"north": {"uv": [11.5, 7.75, 12.125, 7.8125], "texture": "#1"},
				"east": {"uv": [7, 12, 7.0625, 12.0625], "texture": "#1"},
				"south": {"uv": [11.5, 8, 12.125, 8.0625], "texture": "#1"},
				"west": {"uv": [12, 7, 12.0625, 7.0625], "texture": "#1"},
				"up": {"uv": [12.125, 8.3125, 11.5, 8.25], "texture": "#1"},
				"down": {"uv": [12.125, 8.5, 11.5, 8.5625], "texture": "#1"}
			}
		}
	],
	"gui_light": "front",
	"display": {
		"thirdperson_righthand": {
			"translation": [0, -0.5, 0],
			"scale": [0.35, 0.35, 0.35]
		},
		"thirdperson_lefthand": {
			"translation": [0, -0.5, 0],
			"scale": [0.35, 0.35, 0.35]
		},
		"firstperson_righthand": {
			"translation": [0, 1.75, 0.25],
			"scale": [0.35, 0.35, 0.35]
		},
		"firstperson_lefthand": {
			"translation": [0, 1.75, 0.25],
			"scale": [0.35, 0.35, 0.35]
		},
		"ground": {
			"translation": [0, 3.25, 0],
			"scale": [0.4, 0.4, 0.4]
		},
		"gui": {
			"rotation": [0, 71, 0],
			"scale": [0.63, 0.63, 0.63]
		},
		"head": {
			"translation": [0, 9.25, 0]
		}
	},
	"groups": [
		{
			"name": "octagon",
			"origin": [8, 8, 8],
			"color": 0,
			"nbt": "{}",
			"children": [0, 1, 2, 3, 4, 5, 6, 7, 8, 9, 10, 11, 12, 13, 14, 15, 16, 17, 18, 19, 20]
		},
		{
			"name": "hexadecagon",
			"origin": [8, 8, 8],
			"color": 0,
			"nbt": "{}",
			"children": [21, 22, 23, 24, 25, 26, 27, 28]
		},
		29,
		30,
		31,
		32,
		33,
		34,
		35,
		36,
		37,
		38,
		39,
		40,
		41,
		42,
		43,
		44,
		45
	]
}