{
	"credit": "Made with Blockbench",
	"texture_size": [32, 32],
	"textures": {
		"0": "item/throwable/grenade/grenade",
		"particle": "item/throwable/grenade/grenade"
	},
	"elements": [
		{
			"from": [6.8, 1.7, 6],
			"to": [9.4, 2.3, 9],
			"rotation": {"angle": 0, "axis": "y", "origin": [6.6, 0, 0]},
			"faces": {
				"north": {"uv": [5, 12.5, 6.5, 13], "texture": "#0"},
				"east": {"uv": [6.5, 12.5, 8, 13], "texture": "#0"},
				"south": {"uv": [3, 13, 4.5, 13.5], "texture": "#0"},
				"west": {"uv": [4.5, 13, 6, 13.5], "texture": "#0"},
				"up": {"uv": [11.5, 10.5, 10, 9], "texture": "#0"},
				"down": {"uv": [12, 5, 10.5, 6.5], "texture": "#0"}
			}
		},
		{
			"from": [6.6, 2.2, 5.6],
			"to": [9.6, 2.8, 9.4],
			"rotation": {"angle": 0, "axis": "y", "origin": [6.6, 0, 0]},
			"faces": {
				"north": {"uv": [6, 13, 7.5, 13.5], "texture": "#0"},
				"east": {"uv": [11.5, 10, 13.5, 10.5], "texture": "#0"},
				"south": {"uv": [13, 8, 14.5, 8.5], "texture": "#0"},
				"west": {"uv": [11.5, 10.5, 13.5, 11], "texture": "#0"},
				"up": {"uv": [1.5, 11.5, 0, 9.5], "texture": "#0"},
				"down": {"uv": [3, 9.5, 1.5, 11.5], "texture": "#0"}
			}
		},
		{
			"from": [6.4, 2.8, 5.6],
			"to": [9.8, 3.4, 9.4],
			"rotation": {"angle": 0, "axis": "y", "origin": [6.6, 0, 0]},
			"faces": {
				"north": {"uv": [13, 8.5, 14.5, 9], "texture": "#0"},
				"east": {"uv": [11.5, 11, 13.5, 11.5], "texture": "#0"},
				"south": {"uv": [10, 13, 11.5, 13.5], "texture": "#0"},
				"west": {"uv": [11.5, 11.5, 13.5, 12], "texture": "#0"},
				"up": {"uv": [4.5, 11.5, 3, 9.5], "texture": "#0"},
				"down": {"uv": [6, 9.5, 4.5, 11.5], "texture": "#0"}
			}
		},
		{
			"from": [6.2, 3.4, 5.3],
			"to": [10, 4, 9.7],
			"rotation": {"angle": 0, "axis": "y", "origin": [6.6, 0, 0]},
			"faces": {
				"north": {"uv": [0, 12, 2, 12.5], "texture": "#0"},
				"east": {"uv": [2, 12, 4, 12.5], "texture": "#0"},
				"south": {"uv": [12, 3.5, 14, 4], "texture": "#0"},
				"west": {"uv": [4, 12, 6, 12.5], "texture": "#0"},
				"up": {"uv": [10, 6, 8, 4], "texture": "#0"},
				"down": {"uv": [11, 0, 9, 2], "texture": "#0"}
			}
		},
		{
			"from": [5.9, 4, 5],
			"to": [10.3, 4.6, 10],
			"rotation": {"angle": 0, "axis": "y", "origin": [6.6, 0, 0]},
			"faces": {
				"north": {"uv": [12, 4, 14, 4.5], "texture": "#0"},
				"east": {"uv": [11, 1.5, 13.5, 2], "texture": "#0"},
				"south": {"uv": [12, 4.5, 14, 5], "texture": "#0"},
				"west": {"uv": [0, 11.5, 2.5, 12], "texture": "#0"},
				"up": {"uv": [4.5, 2.5, 2.5, 0], "texture": "#0"},
				"down": {"uv": [4.5, 2.5, 2.5, 5], "texture": "#0"}
			}
		},
		{
			"from": [5.9, 4.6, 4.9],
			"to": [10.3, 7.2, 10.1],
			"rotation": {"angle": 0, "axis": "y", "origin": [6.6, 0, 0]},
			"faces": {
				"north": {"uv": [6, 9.5, 8, 11], "texture": "#0"},
				"east": {"uv": [8, 6, 10.5, 7.5], "texture": "#0"},
				"south": {"uv": [8, 9.5, 10, 11], "texture": "#0"},
				"west": {"uv": [9, 2, 11.5, 3.5], "texture": "#0"},
				"up": {"uv": [6.5, 2.5, 4.5, 0], "texture": "#0"},
				"down": {"uv": [6.5, 2.5, 4.5, 5], "texture": "#0"}
			}
		},
		{
			"from": [5.6, 4.3, 5.2],
			"to": [10.6, 8.1, 9.8],
			"rotation": {"angle": 0, "axis": "y", "origin": [6.6, 0, 0]},
			"faces": {
				"north": {"uv": [6.5, 0, 9, 2], "texture": "#0"},
				"east": {"uv": [6.5, 2, 9, 4], "texture": "#0"},
				"south": {"uv": [0, 7.5, 2.5, 9.5], "texture": "#0"},
				"west": {"uv": [2.5, 7.5, 5, 9.5], "texture": "#0"},
				"up": {"uv": [2.5, 2.5, 0, 0], "texture": "#0"},
				"down": {"uv": [2.5, 2.5, 0, 5], "texture": "#0"}
			}
		},
		{
			"from": [5.9, 7.2, 4.9],
			"to": [10.3, 7.8, 10.1],
			"rotation": {"angle": 0, "axis": "y", "origin": [6.6, 0, 0]},
			"faces": {
				"north": {"uv": [12, 5, 14, 5.5], "texture": "#0"},
				"east": {"uv": [11.5, 2, 14, 2.5], "texture": "#0"},
				"south": {"uv": [12, 5.5, 14, 6], "texture": "#0"},
				"west": {"uv": [2.5, 11.5, 5, 12], "texture": "#0"},
				"up": {"uv": [2, 7.5, 0, 5], "texture": "#0"},
				"down": {"uv": [4, 5, 2, 7.5], "texture": "#0"}
			}
		},
		{
			"from": [5.9, 7.8, 4.9],
			"to": [10.3, 8.1, 10.1],
			"rotation": {"angle": 0, "axis": "y", "origin": [6.6, 0, 0]},
			"faces": {
				"north": {"uv": [12, 6, 14, 6.5], "texture": "#0"},
				"east": {"uv": [11.5, 2.5, 14, 3], "texture": "#0"},
				"south": {"uv": [12, 6.5, 14, 7], "texture": "#0"},
				"west": {"uv": [11.5, 3, 14, 3.5], "texture": "#0"},
				"up": {"uv": [6, 7.5, 4, 5], "texture": "#0"},
				"down": {"uv": [8, 5, 6, 7.5], "texture": "#0"}
			}
		},
		{
			"from": [5.7, 7.8, 5.6],
			"to": [10.5, 8.4, 9.4],
			"rotation": {"angle": 0, "axis": "y", "origin": [6.6, 0, 0]},
			"faces": {
				"north": {"uv": [11.5, 9, 14, 9.5], "texture": "#0"},
				"east": {"uv": [12.5, 1, 14.5, 1.5], "texture": "#0"},
				"south": {"uv": [11.5, 9.5, 14, 10], "texture": "#0"},
				"west": {"uv": [3, 12.5, 5, 13], "texture": "#0"},
				"up": {"uv": [7.5, 9.5, 5, 7.5], "texture": "#0"},
				"down": {"uv": [10, 7.5, 7.5, 9.5], "texture": "#0"}
			}
		},
		{
			"from": [6, 8.4, 5.8],
			"to": [10.2, 9, 9.2],
			"rotation": {"angle": 0, "axis": "y", "origin": [6.6, 0, 0]},
			"faces": {
				"north": {"uv": [12, 7, 14, 7.5], "texture": "#0"},
				"east": {"uv": [11.5, 13, 13, 13.5], "texture": "#0"},
				"south": {"uv": [12, 7.5, 14, 8], "texture": "#0"},
				"west": {"uv": [13, 12, 14.5, 12.5], "texture": "#0"},
				"up": {"uv": [12, 5, 10, 3.5], "texture": "#0"},
				"down": {"uv": [12, 7.5, 10, 9], "texture": "#0"}
			}
		},
		{
			"from": [6.6, 8.9, 6.1],
			"to": [9.6, 9.5, 8.9],
			"rotation": {"angle": 0, "axis": "y", "origin": [6.6, 0, 0]},
			"faces": {
				"north": {"uv": [6.5, 13.5, 8, 14], "texture": "#0"},
				"east": {"uv": [8, 13.5, 9.5, 14], "texture": "#0"},
				"south": {"uv": [9.5, 13.5, 11, 14], "texture": "#0"},
				"west": {"uv": [13.5, 10, 15, 10.5], "texture": "#0"},
				"up": {"uv": [11.5, 12, 10, 10.5], "texture": "#0"},
				"down": {"uv": [12.5, 0, 11, 1.5], "texture": "#0"}
			}
		},
		{
			"from": [6.8, 9.3, 6.7],
			"to": [9.4, 10.6, 8.3],
			"rotation": {"angle": 0, "axis": "y", "origin": [6.6, 0, 0]},
			"faces": {
				"north": {"uv": [13.5, 10.5, 15, 11], "texture": "#0"},
				"east": {"uv": [14, 2.5, 15, 3], "texture": "#0"},
				"south": {"uv": [11, 13.5, 12.5, 14], "texture": "#0"},
				"west": {"uv": [3, 14, 4, 14.5], "texture": "#0"},
				"up": {"uv": [8, 5, 6.5, 4], "texture": "#0"},
				"down": {"uv": [12, 6.5, 10.5, 7.5], "texture": "#0"}
			}
		},
		{
			"from": [7.3, 10.5, 6.8],
			"to": [8.9, 11.5, 9.3],
			"rotation": {"angle": 0, "axis": "y", "origin": [6.6, 0, 0]},
			"faces": {
				"north": {"uv": [14, 3, 15, 3.5], "texture": "#0"},
				"east": {"uv": [13.5, 11, 15, 11.5], "texture": "#0"},
				"south": {"uv": [14, 3.5, 15, 4], "texture": "#0"},
				"west": {"uv": [13.5, 11.5, 15, 12], "texture": "#0"},
				"up": {"uv": [7, 12.5, 6, 11], "texture": "#0"},
				"down": {"uv": [8, 11, 7, 12.5], "texture": "#0"}
			}
		},
		{
			"from": [7.3, 11.5, 7],
			"to": [8.9, 12.6, 8.9],
			"rotation": {"angle": 0, "axis": "y", "origin": [6.6, 0, 0]},
			"faces": {
				"north": {"uv": [4, 14, 5, 14.5], "texture": "#0"},
				"east": {"uv": [14, 4, 15, 4.5], "texture": "#0"},
				"south": {"uv": [14, 4.5, 15, 5], "texture": "#0"},
				"west": {"uv": [5, 14, 6, 14.5], "texture": "#0"},
				"up": {"uv": [13.5, 1, 12.5, 0], "texture": "#0"},
				"down": {"uv": [3, 12.5, 2, 13.5], "texture": "#0"}
			}
		},
		{
			"from": [7.3, 11.5, 7.8],
			"to": [8.9, 12, 9.2],
			"rotation": {"angle": 0, "axis": "y", "origin": [6.6, 0, 0]},
			"faces": {
				"north": {"uv": [14, 5, 15, 5.5], "texture": "#0"},
				"east": {"uv": [9, 14, 9.5, 14.5], "texture": "#0"},
				"south": {"uv": [14, 5.5, 15, 6], "texture": "#0"},
				"west": {"uv": [14, 9, 14.5, 9.5], "texture": "#0"},
				"up": {"uv": [7, 14.5, 6, 14], "texture": "#0"},
				"down": {"uv": [15, 6, 14, 6.5], "texture": "#0"}
			}
		},
		{
			"from": [7.8, 7.7, 9.3],
			"to": [8.4, 12.6, 9.6],
			"rotation": {"angle": -22.5, "axis": "x", "origin": [7.6, 11.05, 9.05]},
			"faces": {
				"north": {"uv": [8, 11, 8.5, 13.5], "texture": "#0"},
				"east": {"uv": [8.5, 11, 9, 13.5], "texture": "#0"},
				"south": {"uv": [9, 11, 9.5, 13.5], "texture": "#0"},
				"west": {"uv": [9.5, 11, 10, 13.5], "texture": "#0"},
				"up": {"uv": [8, 14.5, 7.5, 14], "texture": "#0"},
				"down": {"uv": [14.5, 7.5, 14, 8], "texture": "#0"}
			}
		},
		{
			"from": [8.8, 12.14593, 8.69891],
			"to": [9, 12.44593, 9.69891],
			"rotation": {"angle": 22.5, "axis": "x", "origin": [8.9, 11.69593, 9.34891]},
			"faces": {
				"north": {"uv": [9.5, 14, 10, 14.5], "texture": "#0"},
				"east": {"uv": [14, 9.5, 14.5, 10], "texture": "#0"},
				"south": {"uv": [10, 14, 10.5, 14.5], "texture": "#0"},
				"west": {"uv": [10.5, 14, 11, 14.5], "texture": "#0"},
				"up": {"uv": [11.5, 14.5, 11, 14], "texture": "#0"},
				"down": {"uv": [12, 14, 11.5, 14.5], "texture": "#0"}
			}
		},
		{
			"from": [8.8, 11.32183, 9.88],
			"to": [9, 12.32183, 10.18],
			"rotation": {"angle": -22.5, "axis": "x", "origin": [8.9, 11.82183, 10.13]},
			"faces": {
				"north": {"uv": [14.5, 1, 15, 1.5], "texture": "#0"},
				"east": {"uv": [1.5, 14.5, 2, 15], "texture": "#0"},
				"south": {"uv": [2, 14.5, 2.5, 15], "texture": "#0"},
				"west": {"uv": [2.5, 14.5, 3, 15], "texture": "#0"},
				"up": {"uv": [3.5, 15, 3, 14.5], "texture": "#0"},
				"down": {"uv": [4, 14.5, 3.5, 15], "texture": "#0"}
			}
		},
		{
			"from": [8.8, 10.35207, 9.83203],
			"to": [9, 11.35207, 10.13203],
			"rotation": {"angle": 22.5, "axis": "x", "origin": [8.9, 10.95207, 10.38203]},
			"faces": {
				"north": {"uv": [14.5, 8, 15, 8.5], "texture": "#0"},
				"east": {"uv": [8.5, 14.5, 9, 15], "texture": "#0"},
				"south": {"uv": [14.5, 8.5, 15, 9], "texture": "#0"},
				"west": {"uv": [9, 14.5, 9.5, 15], "texture": "#0"},
				"up": {"uv": [15, 9.5, 14.5, 9], "texture": "#0"},
				"down": {"uv": [10, 14.5, 9.5, 15], "texture": "#0"}
			}
		},
		{
			"from": [8.8, 10.33887, 9.09153],
			"to": [9, 10.63887, 10.09153],
			"rotation": {"angle": -22.5, "axis": "x", "origin": [8.9, 10.08887, 9.59153]},
			"faces": {
				"north": {"uv": [14.5, 9.5, 15, 10], "texture": "#0"},
				"east": {"uv": [10, 14.5, 10.5, 15], "texture": "#0"},
				"south": {"uv": [10.5, 14.5, 11, 15], "texture": "#0"},
				"west": {"uv": [11, 14.5, 11.5, 15], "texture": "#0"},
				"up": {"uv": [12, 15, 11.5, 14.5], "texture": "#0"},
				"down": {"uv": [12.5, 14.5, 12, 15], "texture": "#0"}
			}
		},
		{
			"from": [8.8, 12.14929, 8.2833],
			"to": [9, 12.44929, 9.1833],
			"rotation": {"angle": -22.5, "axis": "x", "origin": [8.9, 12.29929, 8.7333]},
			"faces": {
				"north": {"uv": [12, 14, 12.5, 14.5], "texture": "#0"},
				"east": {"uv": [14, 13.5, 14.5, 14], "texture": "#0"},
				"south": {"uv": [14, 14, 14.5, 14.5], "texture": "#0"},
				"west": {"uv": [0, 14.5, 0.5, 15], "texture": "#0"},
				"up": {"uv": [1, 15, 0.5, 14.5], "texture": "#0"},
				"down": {"uv": [1.5, 14.5, 1, 15], "texture": "#0"}
			}
		},
		{
			"from": [8.8, 11.54315, 8.1442],
			"to": [9, 12.44315, 8.4442],
			"rotation": {"angle": 22.5, "axis": "x", "origin": [8.9, 11.99315, 7.9942]},
			"faces": {
				"north": {"uv": [4, 14.5, 4.5, 15], "texture": "#0"},
				"east": {"uv": [4.5, 14.5, 5, 15], "texture": "#0"},
				"south": {"uv": [5, 14.5, 5.5, 15], "texture": "#0"},
				"west": {"uv": [5.5, 14.5, 6, 15], "texture": "#0"},
				"up": {"uv": [6.5, 15, 6, 14.5], "texture": "#0"},
				"down": {"uv": [7, 14.5, 6.5, 15], "texture": "#0"}
			}
		},
		{
			"from": [8.8, 10.59685, 8.07694],
			"to": [9, 11.49685, 8.37694],
			"rotation": {"angle": -22.5, "axis": "x", "origin": [8.9, 11.04685, 8.12694]},
			"faces": {
				"north": {"uv": [14.5, 6.5, 15, 7], "texture": "#0"},
				"east": {"uv": [7, 14.5, 7.5, 15], "texture": "#0"},
				"south": {"uv": [14.5, 7, 15, 7.5], "texture": "#0"},
				"west": {"uv": [7.5, 14.5, 8, 15], "texture": "#0"},
				"up": {"uv": [15, 8, 14.5, 7.5], "texture": "#0"},
				"down": {"uv": [8.5, 14.5, 8, 15], "texture": "#0"}
			}
		},
		{
			"from": [8.8, 9.80363, 8.61375],
			"to": [9, 10.70363, 8.91375],
			"rotation": {"angle": -45, "axis": "x", "origin": [8.9, 10.25363, 8.56375]},
			"faces": {
				"north": {"uv": [14.5, 12, 15, 12.5], "texture": "#0"},
				"east": {"uv": [12.5, 14.5, 13, 15], "texture": "#0"},
				"south": {"uv": [14.5, 12.5, 15, 13], "texture": "#0"},
				"west": {"uv": [13, 14.5, 13.5, 15], "texture": "#0"},
				"up": {"uv": [15, 13.5, 14.5, 13], "texture": "#0"},
				"down": {"uv": [14, 14.5, 13.5, 15], "texture": "#0"}
			}
		},
		{
			"from": [7.8, 4.3783, 10.51007],
			"to": [8.4, 8.2783, 10.81007],
			"rotation": {"angle": 0, "axis": "x", "origin": [7.6, 4.8283, 12.06007]},
			"faces": {
				"north": {"uv": [0, 12.5, 0.5, 14.5], "texture": "#0"},
				"east": {"uv": [0.5, 12.5, 1, 14.5], "texture": "#0"},
				"south": {"uv": [1, 12.5, 1.5, 14.5], "texture": "#0"},
				"west": {"uv": [1.5, 12.5, 2, 14.5], "texture": "#0"},
				"up": {"uv": [8.5, 14.5, 8, 14], "texture": "#0"},
				"down": {"uv": [9, 14, 8.5, 14.5], "texture": "#0"}
			}
		},
		{
			"from": [7.1, 8.7, 8],
			"to": [9.1, 10.5, 8.7],
			"rotation": {"angle": -22.5, "axis": "x", "origin": [7.6, 9.8, 8.55]},
			"faces": {
				"north": {"uv": [12, 8, 13, 9], "texture": "#0"},
				"east": {"uv": [10, 5, 10.5, 6], "texture": "#0"},
				"south": {"uv": [10, 12, 11, 13], "texture": "#0"},
				"west": {"uv": [12.5, 13.5, 13, 14.5], "texture": "#0"},
				"up": {"uv": [10, 4, 9, 3.5], "texture": "#0"},
				"down": {"uv": [6, 11.5, 5, 12], "texture": "#0"}
			}
		},
		{
			"from": [7.1, 8.53463, 5.95224],
			"to": [9.1, 10.33463, 6.65224],
			"rotation": {"angle": 22.5, "axis": "x", "origin": [7.6, 9.03463, 6.70224]},
			"faces": {
				"north": {"uv": [11, 12, 12, 13], "texture": "#0"},
				"east": {"uv": [13, 13.5, 13.5, 14.5], "texture": "#0"},
				"south": {"uv": [12, 12, 13, 13], "texture": "#0"},
				"west": {"uv": [13.5, 13.5, 14, 14.5], "texture": "#0"},
				"up": {"uv": [3, 14.5, 2, 14], "texture": "#0"},
				"down": {"uv": [15, 2, 14, 2.5], "texture": "#0"}
			}
		},
		{
			"from": [6.6, 8.1, 8.8],
			"to": [9.6, 8.7, 10.1],
			"rotation": {"angle": 22.5, "axis": "x", "origin": [7.6, 8.7, 9.45]},
			"faces": {
				"north": {"uv": [13, 12.5, 14.5, 13], "texture": "#0"},
				"east": {"uv": [7.5, 13, 8, 13.5], "texture": "#0"},
				"south": {"uv": [13, 13, 14.5, 13.5], "texture": "#0"},
				"west": {"uv": [14, 6.5, 14.5, 7], "texture": "#0"},
				"up": {"uv": [15, 0.5, 13.5, 0], "texture": "#0"},
				"down": {"uv": [15, 0.5, 13.5, 1], "texture": "#0"}
			}
		},
		{
			"from": [6.6, 8.5, 4.9],
			"to": [9.6, 9.1, 6.2],
			"rotation": {"angle": -22.5, "axis": "x", "origin": [7.6, 8.7, 6.55]},
			"faces": {
				"north": {"uv": [13.5, 1.5, 15, 2], "texture": "#0"},
				"east": {"uv": [7, 14, 7.5, 14.5], "texture": "#0"},
				"south": {"uv": [2, 13.5, 3.5, 14], "texture": "#0"},
				"west": {"uv": [14, 7, 14.5, 7.5], "texture": "#0"},
				"up": {"uv": [5, 14, 3.5, 13.5], "texture": "#0"},
				"down": {"uv": [6.5, 13.5, 5, 14], "texture": "#0"}
			}
		}
	],
	"gui_light": "front",
	"display": {
		"thirdperson_righthand": {
			"translation": [0, 1.75, 0.5],
			"scale": [0.5, 0.5, 0.5]
		},
		"thirdperson_lefthand": {
			"translation": [0, 1.25, 0.5],
			"scale": [0.5, 0.5, 0.5]
		},
		"firstperson_righthand": {
			"rotation": [0, 20, 0],
			"translation": [-2, 4, 1.75],
			"scale": [0.5, 0.5, 0.5]
		},
		"firstperson_lefthand": {
			"rotation": [0, 20, 0],
			"translation": [0, 3, 0],
			"scale": [0.5, 0.5, 0.5]
		},
		"ground": {
			"translation": [0, 2.5, 0],
			"scale": [0.6, 0.6, 0.6]
		},
		"gui": {
			"rotation": [0, 40.75, 0],
			"translation": [0, 1, 0]
		}
	}
}