{
	"credit": "Made with Blockbench",
	"texture_size": [32, 32],
	"textures": {
		"0": "item/throwable/grenade/uav",
		"particle": "item/throwable/grenade/uav"
	},
	"elements": [
		{
			"from": [6.1, 7.8, 7.9],
			"to": [9.9, 8.7, 8.9],
			"rotation": {"angle": 0, "axis": "y", "origin": [16, 7.8, 15.4]},
			"faces": {
				"north": {"uv": [7.5, 2.5, 9.5, 3], "texture": "#0"},
				"east": {"uv": [8, 0.5, 8.5, 1], "texture": "#0"},
				"south": {"uv": [1, 7.5, 3, 8], "texture": "#0"},
				"west": {"uv": [8, 0, 8.5, 0.5], "texture": "#0"},
				"up": {"uv": [5, 8, 3, 7.5], "rotation": 180, "texture": "#0"},
				"down": {"uv": [9.5, 3, 7.5, 3.5], "rotation": 180, "texture": "#0"}
			}
		},
		{
			"from": [7.5, 8, 8.6],
			"to": [8.5, 8.5, 9],
			"rotation": {"angle": 0, "axis": "y", "origin": [16, 7.8, 15.4]},
			"faces": {
				"north": {"uv": [8.5, 1.5, 9, 2], "texture": "#0"},
				"east": {"uv": [2, 8.5, 2.5, 9], "texture": "#0"},
				"south": {"uv": [8.5, 1, 9, 1.5], "texture": "#0"},
				"west": {"uv": [1.5, 8.5, 2, 9], "texture": "#0"},
				"up": {"uv": [9, 2.5, 8.5, 2], "rotation": 180, "texture": "#0"},
				"down": {"uv": [3, 8.5, 2.5, 9], "rotation": 180, "texture": "#0"}
			}
		},
		{
			"from": [7, 13.4, 8.6],
			"to": [9, 13.9, 9],
			"rotation": {"angle": 0, "axis": "y", "origin": [16, 7.8, 15.4]},
			"faces": {
				"north": {"uv": [7.5, 6.5, 8.5, 7], "texture": "#0"},
				"east": {"uv": [1, 9.5, 1.5, 10], "texture": "#0"},
				"south": {"uv": [7.5, 6, 8.5, 6.5], "texture": "#0"},
				"west": {"uv": [9.5, 0.5, 10, 1], "texture": "#0"},
				"up": {"uv": [8, 8, 7, 7.5], "rotation": 180, "texture": "#0"},
				"down": {"uv": [8.5, 7, 7.5, 7.5], "rotation": 180, "texture": "#0"}
			}
		},
		{
			"from": [6.1, 13.2, 7.9],
			"to": [9.9, 14.1, 8.9],
			"rotation": {"angle": 0, "axis": "y", "origin": [16, 7.8, 15.4]},
			"faces": {
				"north": {"uv": [7.5, 4, 9.5, 4.5], "texture": "#0"},
				"east": {"uv": [8, 2, 8.5, 2.5], "texture": "#0"},
				"south": {"uv": [7.5, 3.5, 9.5, 4], "texture": "#0"},
				"west": {"uv": [2, 8, 2.5, 8.5], "texture": "#0"},
				"up": {"uv": [9.5, 5, 7.5, 4.5], "rotation": 180, "texture": "#0"},
				"down": {"uv": [7, 7.5, 5, 8], "rotation": 180, "texture": "#0"}
			}
		},
		{
			"from": [6.1, 8.7, 7.9],
			"to": [6.6, 13.2, 8.9],
			"rotation": {"angle": 0, "axis": "y", "origin": [16, 7.8, 15.4]},
			"faces": {
				"north": {"uv": [2, 2.5, 2.5, 5], "texture": "#0"},
				"east": {"uv": [2.5, 2.5, 3, 5], "texture": "#0"},
				"south": {"uv": [1, 2.5, 1.5, 5], "texture": "#0"},
				"west": {"uv": [1.5, 2.5, 2, 5], "texture": "#0"},
				"up": {"uv": [1.5, 8.5, 1, 8], "rotation": 180, "texture": "#0"},
				"down": {"uv": [8.5, 1, 8, 1.5], "rotation": 180, "texture": "#0"}
			}
		},
		{
			"from": [9.4, 8.7, 7.9],
			"to": [9.9, 13.2, 8.9],
			"rotation": {"angle": 0, "axis": "y", "origin": [16, 7.8, 15.4]},
			"faces": {
				"north": {"uv": [3.5, 0, 4, 2.5], "texture": "#0"},
				"east": {"uv": [3.5, 2.5, 4, 5], "texture": "#0"},
				"south": {"uv": [3, 0, 3.5, 2.5], "texture": "#0"},
				"west": {"uv": [3, 2.5, 3.5, 5], "texture": "#0"},
				"up": {"uv": [2, 8.5, 1.5, 8], "rotation": 180, "texture": "#0"},
				"down": {"uv": [8.5, 1.5, 8, 2], "rotation": 180, "texture": "#0"}
			}
		},
		{
			"from": [6.6, 8.7, 7.9],
			"to": [9.4, 13.2, 8.7],
			"rotation": {"angle": 0, "axis": "y", "origin": [16, 7.8, 15.4]},
			"faces": {
				"north": {"uv": [1.5, 0, 3, 2.5], "texture": "#0"},
				"east": {"uv": [0.5, 2.5, 1, 5], "texture": "#0"},
				"south": {"uv": [0, 0, 1.5, 2.5], "texture": "#0"},
				"west": {"uv": [0, 2.5, 0.5, 5], "texture": "#0"},
				"up": {"uv": [9, 5.5, 7.5, 5], "rotation": 180, "texture": "#0"},
				"down": {"uv": [9, 5.5, 7.5, 6], "rotation": 180, "texture": "#0"}
			}
		},
		{
			"name": "hexadecagon",
			"from": [9.35027, 12.1, 8.15],
			"to": [9.44973, 17.1, 8.65],
			"rotation": {"angle": -45, "axis": "y", "origin": [9.4, 14.6, 8.4]},
			"faces": {
				"north": {"uv": [4.5, 0, 5, 2.5], "texture": "#0"},
				"east": {"uv": [4.5, 2.5, 5, 5], "texture": "#0"},
				"south": {"uv": [4, 0, 4.5, 2.5], "texture": "#0"},
				"west": {"uv": [4, 2.5, 4.5, 5], "texture": "#0"},
				"up": {"uv": [3, 8.5, 2.5, 8], "rotation": 180, "texture": "#0"},
				"down": {"uv": [3.5, 8, 3, 8.5], "rotation": 180, "texture": "#0"}
			}
		},
		{
			"name": "hexadecagon",
			"from": [9.35027, 12.1, 8.15],
			"to": [9.44973, 17.1, 8.65],
			"rotation": {"angle": -22.5, "axis": "y", "origin": [9.4, 14.6, 8.4]},
			"faces": {
				"north": {"uv": [0.5, 5, 1, 7.5], "texture": "#0"},
				"east": {"uv": [1, 5, 1.5, 7.5], "texture": "#0"},
				"south": {"uv": [0, 5, 0.5, 7.5], "texture": "#0"},
				"west": {"uv": [5, 0, 5.5, 2.5], "texture": "#0"},
				"up": {"uv": [4, 8.5, 3.5, 8], "rotation": 180, "texture": "#0"},
				"down": {"uv": [4.5, 8, 4, 8.5], "rotation": 180, "texture": "#0"}
			}
		},
		{
			"name": "hexadecagon",
			"from": [9.35027, 12.1, 8.15],
			"to": [9.44973, 17.1, 8.65],
			"rotation": {"angle": 0, "axis": "x", "origin": [9.4, 14.6, 8.4]},
			"faces": {
				"north": {"uv": [2.5, 5, 3, 7.5], "texture": "#0"},
				"east": {"uv": [5, 2.5, 5.5, 5], "texture": "#0"},
				"south": {"uv": [1.5, 5, 2, 7.5], "texture": "#0"},
				"west": {"uv": [2, 5, 2.5, 7.5], "texture": "#0"},
				"up": {"uv": [5, 8.5, 4.5, 8], "rotation": 180, "texture": "#0"},
				"down": {"uv": [5.5, 8, 5, 8.5], "rotation": 180, "texture": "#0"}
			}
		},
		{
			"name": "hexadecagon",
			"from": [9.35027, 12.1, 8.15],
			"to": [9.44973, 17.1, 8.65],
			"rotation": {"angle": 22.5, "axis": "y", "origin": [9.4, 14.6, 8.4]},
			"faces": {
				"north": {"uv": [4, 5, 4.5, 7.5], "texture": "#0"},
				"east": {"uv": [4.5, 5, 5, 7.5], "texture": "#0"},
				"south": {"uv": [3, 5, 3.5, 7.5], "texture": "#0"},
				"west": {"uv": [3.5, 5, 4, 7.5], "texture": "#0"},
				"up": {"uv": [6, 8.5, 5.5, 8], "rotation": 180, "texture": "#0"},
				"down": {"uv": [6.5, 8, 6, 8.5], "rotation": 180, "texture": "#0"}
			}
		},
		{
			"name": "hexadecagon",
			"from": [9.35027, 12.1, 8.15],
			"to": [9.44973, 17.1, 8.65],
			"rotation": {"angle": 45, "axis": "y", "origin": [9.4, 14.6, 8.4]},
			"faces": {
				"north": {"uv": [5.5, 2.5, 6, 5], "texture": "#0"},
				"east": {"uv": [5.5, 5, 6, 7.5], "texture": "#0"},
				"south": {"uv": [5, 5, 5.5, 7.5], "texture": "#0"},
				"west": {"uv": [5.5, 0, 6, 2.5], "texture": "#0"},
				"up": {"uv": [7, 8.5, 6.5, 8], "rotation": 180, "texture": "#0"},
				"down": {"uv": [7.5, 8, 7, 8.5], "rotation": 180, "texture": "#0"}
			}
		},
		{
			"name": "hexadecagon",
			"from": [9.15, 12.1, 8.35027],
			"to": [9.65, 17.1, 8.44973],
			"rotation": {"angle": -22.5, "axis": "y", "origin": [9.4, 14.6, 8.4]},
			"faces": {
				"north": {"uv": [6, 5, 6.5, 7.5], "texture": "#0"},
				"east": {"uv": [6.5, 0, 7, 2.5], "texture": "#0"},
				"south": {"uv": [6, 0, 6.5, 2.5], "texture": "#0"},
				"west": {"uv": [6, 2.5, 6.5, 5], "texture": "#0"},
				"up": {"uv": [8, 8.5, 7.5, 8], "rotation": 180, "texture": "#0"},
				"down": {"uv": [8.5, 7.5, 8, 8], "rotation": 180, "texture": "#0"}
			}
		},
		{
			"name": "hexadecagon",
			"from": [9.15, 12.1, 8.35027],
			"to": [9.65, 17.1, 8.44973],
			"rotation": {"angle": 0, "axis": "x", "origin": [9.4, 14.6, 8.4]},
			"faces": {
				"north": {"uv": [7, 0, 7.5, 2.5], "texture": "#0"},
				"east": {"uv": [7, 2.5, 7.5, 5], "texture": "#0"},
				"south": {"uv": [6.5, 2.5, 7, 5], "texture": "#0"},
				"west": {"uv": [6.5, 5, 7, 7.5], "texture": "#0"},
				"up": {"uv": [8.5, 8.5, 8, 8], "rotation": 180, "texture": "#0"},
				"down": {"uv": [9, 0, 8.5, 0.5], "rotation": 180, "texture": "#0"}
			}
		},
		{
			"name": "hexadecagon",
			"from": [9.15, 12.1, 8.35027],
			"to": [9.65, 17.1, 8.44973],
			"rotation": {"angle": 22.5, "axis": "y", "origin": [9.4, 14.6, 8.4]},
			"faces": {
				"north": {"uv": [7.5, 0, 8, 2.5], "texture": "#0"},
				"east": {"uv": [0.5, 7.5, 1, 10], "texture": "#0"},
				"south": {"uv": [7, 5, 7.5, 7.5], "texture": "#0"},
				"west": {"uv": [0, 7.5, 0.5, 10], "texture": "#0"},
				"up": {"uv": [9, 1, 8.5, 0.5], "rotation": 180, "texture": "#0"},
				"down": {"uv": [1.5, 8.5, 1, 9], "rotation": 180, "texture": "#0"}
			}
		},
		{
			"name": "hexadecagon",
			"from": [6.55, 13.67016, 8.6],
			"to": [6.85, 13.72984, 9],
			"rotation": {"angle": 45, "axis": "z", "origin": [6.7, 13.7, 8.5]},
			"faces": {
				"north": {"uv": [4, 8.5, 4.5, 9], "texture": "#0"},
				"east": {"uv": [4.5, 8.5, 5, 9], "texture": "#0"},
				"south": {"uv": [3, 8.5, 3.5, 9], "texture": "#0"},
				"west": {"uv": [3.5, 8.5, 4, 9], "texture": "#0"},
				"up": {"uv": [5.5, 9, 5, 8.5], "rotation": 180, "texture": "#0"},
				"down": {"uv": [6, 8.5, 5.5, 9], "rotation": 180, "texture": "#0"}
			}
		},
		{
			"name": "hexadecagon",
			"from": [6.55, 13.67016, 8.6],
			"to": [6.85, 13.72984, 9],
			"rotation": {"angle": 22.5, "axis": "z", "origin": [6.7, 13.7, 8.5]},
			"faces": {
				"north": {"uv": [6.5, 8.5, 7, 9], "texture": "#0"},
				"east": {"uv": [8.5, 6.5, 9, 7], "texture": "#0"},
				"south": {"uv": [6, 8.5, 6.5, 9], "texture": "#0"},
				"west": {"uv": [8.5, 6, 9, 6.5], "texture": "#0"},
				"up": {"uv": [7.5, 9, 7, 8.5], "rotation": 180, "texture": "#0"},
				"down": {"uv": [9, 7, 8.5, 7.5], "rotation": 180, "texture": "#0"}
			}
		},
		{
			"name": "hexadecagon",
			"from": [6.55, 13.67016, 8.6],
			"to": [6.85, 13.72984, 9],
			"rotation": {"angle": 0, "axis": "x", "origin": [6.7, 13.7, 8.5]},
			"faces": {
				"north": {"uv": [8, 8.5, 8.5, 9], "texture": "#0"},
				"east": {"uv": [8.5, 8, 9, 8.5], "texture": "#0"},
				"south": {"uv": [7.5, 8.5, 8, 9], "texture": "#0"},
				"west": {"uv": [8.5, 7.5, 9, 8], "texture": "#0"},
				"up": {"uv": [9, 9, 8.5, 8.5], "rotation": 180, "texture": "#0"},
				"down": {"uv": [9.5, 0, 9, 0.5], "rotation": 180, "texture": "#0"}
			}
		},
		{
			"name": "hexadecagon",
			"from": [6.55, 13.67016, 8.6],
			"to": [6.85, 13.72984, 9],
			"rotation": {"angle": -22.5, "axis": "z", "origin": [6.7, 13.7, 8.5]},
			"faces": {
				"north": {"uv": [9, 1, 9.5, 1.5], "texture": "#0"},
				"east": {"uv": [1.5, 9, 2, 9.5], "texture": "#0"},
				"south": {"uv": [9, 0.5, 9.5, 1], "texture": "#0"},
				"west": {"uv": [1, 9, 1.5, 9.5], "texture": "#0"},
				"up": {"uv": [9.5, 2, 9, 1.5], "rotation": 180, "texture": "#0"},
				"down": {"uv": [2.5, 9, 2, 9.5], "rotation": 180, "texture": "#0"}
			}
		},
		{
			"name": "hexadecagon",
			"from": [6.55, 13.67016, 8.6],
			"to": [6.85, 13.72984, 9],
			"rotation": {"angle": -45, "axis": "z", "origin": [6.7, 13.7, 8.5]},
			"faces": {
				"north": {"uv": [3, 9, 3.5, 9.5], "texture": "#0"},
				"east": {"uv": [3.5, 9, 4, 9.5], "texture": "#0"},
				"south": {"uv": [9, 2, 9.5, 2.5], "texture": "#0"},
				"west": {"uv": [2.5, 9, 3, 9.5], "texture": "#0"},
				"up": {"uv": [4.5, 9.5, 4, 9], "rotation": 180, "texture": "#0"},
				"down": {"uv": [5, 9, 4.5, 9.5], "rotation": 180, "texture": "#0"}
			}
		},
		{
			"name": "hexadecagon",
			"from": [6.67016, 13.55, 8.6],
			"to": [6.72984, 13.85, 9],
			"rotation": {"angle": 22.5, "axis": "z", "origin": [6.7, 13.7, 8.5]},
			"faces": {
				"north": {"uv": [5.5, 9, 6, 9.5], "texture": "#0"},
				"east": {"uv": [9, 5.5, 9.5, 6], "texture": "#0"},
				"south": {"uv": [5, 9, 5.5, 9.5], "texture": "#0"},
				"west": {"uv": [9, 5, 9.5, 5.5], "texture": "#0"},
				"up": {"uv": [6.5, 9.5, 6, 9], "rotation": 180, "texture": "#0"},
				"down": {"uv": [9.5, 6, 9, 6.5], "rotation": 180, "texture": "#0"}
			}
		},
		{
			"name": "hexadecagon",
			"from": [6.67016, 13.55, 8.6],
			"to": [6.72984, 13.85, 9],
			"rotation": {"angle": 0, "axis": "x", "origin": [6.7, 13.7, 8.5]},
			"faces": {
				"north": {"uv": [7, 9, 7.5, 9.5], "texture": "#0"},
				"east": {"uv": [9, 7, 9.5, 7.5], "texture": "#0"},
				"south": {"uv": [6.5, 9, 7, 9.5], "texture": "#0"},
				"west": {"uv": [9, 6.5, 9.5, 7], "texture": "#0"},
				"up": {"uv": [8, 9.5, 7.5, 9], "rotation": 180, "texture": "#0"},
				"down": {"uv": [9.5, 7.5, 9, 8], "rotation": 180, "texture": "#0"}
			}
		},
		{
			"name": "hexadecagon",
			"from": [6.67016, 13.55, 8.6],
			"to": [6.72984, 13.85, 9],
			"rotation": {"angle": -22.5, "axis": "z", "origin": [6.7, 13.7, 8.5]},
			"faces": {
				"north": {"uv": [8.5, 9, 9, 9.5], "texture": "#0"},
				"east": {"uv": [9, 8.5, 9.5, 9], "texture": "#0"},
				"south": {"uv": [8, 9, 8.5, 9.5], "texture": "#0"},
				"west": {"uv": [9, 8, 9.5, 8.5], "texture": "#0"},
				"up": {"uv": [9.5, 9.5, 9, 9], "rotation": 180, "texture": "#0"},
				"down": {"uv": [10, 0, 9.5, 0.5], "rotation": 180, "texture": "#0"}
			}
		}
	],
	"gui_light": "front",
	"display": {
		"thirdperson_righthand": {
			"translation": [0, -0.75, 0],
			"scale": [0.8, 0.8, 0.8]
		},
		"thirdperson_lefthand": {
			"translation": [0, -0.75, 0],
			"scale": [0.8, 0.8, 0.8]
		},
		"firstperson_righthand": {
			"rotation": [0, -21, 0],
			"translation": [0, -0.25, 0]
		},
		"firstperson_lefthand": {
			"rotation": [0, -21, 0],
			"translation": [0, -0.25, 0]
		},
		"gui": {
			"rotation": [0, 17, 0],
			"translation": [-0.25, -6.25, 0],
			"scale": [1.5, 1.5, 1.5]
		},
		"head": {
			"rotation": [-180, -5.25, -180],
			"translation": [0, 4.75, 0]
		},
		"fixed": {
			"rotation": [-180, 0, -180],
			"translation": [0, -6.5, 0],
			"scale": [2, 2, 2]
		}
	},
	"groups": [
		0,
		1,
		2,
		3,
		4,
		5,
		6,
		{
			"name": "hexadecagon",
			"origin": [8, 8, 8],
			"color": 0,
			"children": [7, 8, 9, 10, 11, 12, 13, 14]
		},
		{
			"name": "hexadecagon",
			"origin": [8, 8, 8],
			"color": 0,
			"children": [15, 16, 17, 18, 19, 20, 21, 22]
		}
	]
}