{
	"credit": "Made with Blockbench",
	"textures": {
		"0": "item/powerup/speed/arrow",
		"particle": "item/powerup/speed/arrow"
	},
	"elements": [
		{
			"from": [7.5, 7, 2],
			"to": [8.5, 9, 9],
			"rotation": {"angle": 45, "axis": "x", "origin": [8, 8.5, 8.5]},
			"faces": {
				"north": {"uv": [8, 8, 9, 10], "texture": "#0"},
				"east": {"uv": [0, 0, 7, 2], "texture": "#0"},
				"south": {"uv": [9, 8, 10, 10], "texture": "#0"},
				"west": {"uv": [0, 2, 7, 4], "texture": "#0"},
				"up": {"uv": [1, 15, 0, 8], "texture": "#0"},
				"down": {"uv": [2, 8, 1, 15], "texture": "#0"}
			}
		},
		{
			"from": [7.5, 8, 2],
			"to": [8.5, 10, 7],
			"rotation": {"angle": -45, "axis": "x", "origin": [8, 8.5, 8.5]},
			"faces": {
				"north": {"uv": [8, 10, 9, 12], "texture": "#0"},
				"east": {"uv": [0, 4, 7, 6], "texture": "#0"},
				"south": {"uv": [10, 8, 11, 10], "texture": "#0"},
				"west": {"uv": [0, 6, 7, 8], "texture": "#0"},
				"up": {"uv": [3, 15, 2, 8], "texture": "#0"},
				"down": {"uv": [4, 8, 3, 15], "texture": "#0"}
			}
		},
		{
			"from": [7.5, 7, 6],
			"to": [8.5, 9, 13],
			"rotation": {"angle": 45, "axis": "x", "origin": [8, 8.5, 12.5]},
			"faces": {
				"north": {"uv": [11, 8, 12, 10], "texture": "#0"},
				"east": {"uv": [7, 4, 14, 6], "texture": "#0"},
				"south": {"uv": [11, 10, 12, 12], "texture": "#0"},
				"west": {"uv": [7, 6, 14, 8], "texture": "#0"},
				"up": {"uv": [7, 15, 6, 8], "texture": "#0"},
				"down": {"uv": [8, 8, 7, 15], "texture": "#0"}
			}
		},
		{
			"from": [7.5, 8, 6],
			"to": [8.5, 10, 13],
			"rotation": {"angle": -45, "axis": "x", "origin": [8, 8.5, 12.5]},
			"faces": {
				"north": {"uv": [9, 10, 10, 12], "texture": "#0"},
				"east": {"uv": [7, 0, 14, 2], "texture": "#0"},
				"south": {"uv": [10, 10, 11, 12], "texture": "#0"},
				"west": {"uv": [7, 2, 14, 4], "texture": "#0"},
				"up": {"uv": [5, 15, 4, 8], "texture": "#0"},
				"down": {"uv": [6, 8, 5, 15], "texture": "#0"}
			}
		}
	],
	"display": {
		"head": {
			"translation": [0, 5.5, 0],
			"scale": [1.7, 1.7, 1.7]
		}
	}
}