{
	"credit": "Made by Aiden (feignedmars4438 on discord)",
	"texture_size": [64, 64],
	"textures": {
		"0": "item/rods/master/master",
		"particle": "item/rods/master/master"
	},
	"elements": [
		{
			"name": "hexadecagon",
			"from": [7.87071, -5, 7.35],
			"to": [8.12929, -1, 8.65],
			"rotation": {"angle": -45, "axis": "y", "origin": [8, -5, 8]},
			"faces": {
				"north": {"uv": [7.75, 9, 7.8125, 10], "texture": "#0"},
				"east": {"uv": [4, 0, 4.3125, 1], "texture": "#0"},
				"south": {"uv": [8, 9, 8.0625, 10], "texture": "#0"},
				"west": {"uv": [4, 1, 4.3125, 2], "texture": "#0"},
				"up": {"uv": [5.5625, 11.0625, 5.5, 10.75], "texture": "#0"},
				"down": {"uv": [10.8125, 5.5, 10.75, 5.8125], "texture": "#0"}
			}
		},
		{
			"name": "hexadecagon",
			"from": [7.87071, -5, 7.35],
			"to": [8.12929, -1, 8.65],
			"rotation": {"angle": -22.5, "axis": "y", "origin": [8, -5, 8]},
			"faces": {
				"north": {"uv": [9.25, 2.25, 9.3125, 3.25], "texture": "#0"},
				"east": {"uv": [4, 2, 4.3125, 3], "texture": "#0"},
				"south": {"uv": [9.25, 3.25, 9.3125, 4.25], "texture": "#0"},
				"west": {"uv": [4, 3, 4.3125, 4], "texture": "#0"},
				"up": {"uv": [10.8125, 6.3125, 10.75, 6], "texture": "#0"},
				"down": {"uv": [10.8125, 6.5, 10.75, 6.8125], "texture": "#0"}
			}
		},
		{
			"name": "hexadecagon",
			"from": [7.87071, -5, 7.35],
			"to": [8.12929, -1, 8.65],
			"rotation": {"angle": 0, "axis": "y", "origin": [8, -5, 8]},
			"faces": {
				"north": {"uv": [9.25, 4.25, 9.3125, 5.25], "texture": "#0"},
				"east": {"uv": [4, 4, 4.3125, 5], "texture": "#0"},
				"south": {"uv": [6.5, 9.25, 6.5625, 10.25], "texture": "#0"},
				"west": {"uv": [0, 4.5, 0.3125, 5.5], "texture": "#0"},
				"up": {"uv": [6.8125, 11.0625, 6.75, 10.75], "texture": "#0"},
				"down": {"uv": [7.0625, 10.75, 7, 11.0625], "texture": "#0"}
			}
		},
		{
			"name": "hexadecagon",
			"from": [7.87071, -5, 7.35],
			"to": [8.12929, -1, 8.65],
			"rotation": {"angle": 22.5, "axis": "y", "origin": [8, -5, 8]},
			"faces": {
				"north": {"uv": [8.75, 9.25, 8.8125, 10.25], "texture": "#0"},
				"east": {"uv": [4.5, 0, 4.8125, 1], "texture": "#0"},
				"south": {"uv": [9, 9.25, 9.0625, 10.25], "texture": "#0"},
				"west": {"uv": [0.5, 4.5, 0.8125, 5.5], "texture": "#0"},
				"up": {"uv": [10.8125, 7.3125, 10.75, 7], "texture": "#0"},
				"down": {"uv": [7.3125, 10.75, 7.25, 11.0625], "texture": "#0"}
			}
		},
		{
			"name": "hexadecagon",
			"from": [7.87071, -5, 7.35],
			"to": [8.12929, -1, 8.65],
			"rotation": {"angle": 45, "axis": "y", "origin": [8, -5, 8]},
			"faces": {
				"north": {"uv": [9.25, 9.25, 9.3125, 10.25], "texture": "#0"},
				"east": {"uv": [1, 4.5, 1.3125, 5.5], "texture": "#0"},
				"south": {"uv": [9.5, 2.25, 9.5625, 3.25], "texture": "#0"},
				"west": {"uv": [4.5, 1, 4.8125, 2], "texture": "#0"},
				"up": {"uv": [7.5625, 11.0625, 7.5, 10.75], "texture": "#0"},
				"down": {"uv": [10.8125, 7.5, 10.75, 7.8125], "texture": "#0"}
			}
		},
		{
			"name": "hexadecagon",
			"from": [7.35, -5, 7.87071],
			"to": [8.65, -1, 8.12929],
			"rotation": {"angle": -22.5, "axis": "y", "origin": [8, -5, 8]},
			"faces": {
				"north": {"uv": [4.5, 2, 4.8125, 3], "texture": "#0"},
				"east": {"uv": [3, 9.5, 3.0625, 10.5], "texture": "#0"},
				"south": {"uv": [4.5, 3, 4.8125, 4], "texture": "#0"},
				"west": {"uv": [3.25, 9.5, 3.3125, 10.5], "texture": "#0"},
				"up": {"uv": [11.0625, 8.0625, 10.75, 8], "texture": "#0"},
				"down": {"uv": [8.5625, 10.75, 8.25, 10.8125], "texture": "#0"}
			}
		},
		{
			"name": "hexadecagon",
			"from": [7.35, -5, 7.87071],
			"to": [8.65, -1, 8.12929],
			"rotation": {"angle": 0, "axis": "y", "origin": [8, -5, 8]},
			"faces": {
				"north": {"uv": [4.5, 4, 4.8125, 5], "texture": "#0"},
				"east": {"uv": [9.5, 3.25, 9.5625, 4.25], "texture": "#0"},
				"south": {"uv": [1.5, 4.75, 1.8125, 5.75], "texture": "#0"},
				"west": {"uv": [9.5, 4.25, 9.5625, 5.25], "texture": "#0"},
				"up": {"uv": [11.0625, 8.3125, 10.75, 8.25], "texture": "#0"},
				"down": {"uv": [11.0625, 8.5, 10.75, 8.5625], "texture": "#0"}
			}
		},
		{
			"name": "hexadecagon",
			"from": [7.35, -5, 7.87071],
			"to": [8.65, -1, 8.12929],
			"rotation": {"angle": 22.5, "axis": "y", "origin": [8, -5, 8]},
			"faces": {
				"north": {"uv": [2, 4.75, 2.3125, 5.75], "texture": "#0"},
				"east": {"uv": [9.5, 8, 9.5625, 9], "texture": "#0"},
				"south": {"uv": [5, 0, 5.3125, 1], "texture": "#0"},
				"west": {"uv": [8.25, 9.5, 8.3125, 10.5], "texture": "#0"},
				"up": {"uv": [11.0625, 8.8125, 10.75, 8.75], "texture": "#0"},
				"down": {"uv": [11.0625, 9, 10.75, 9.0625], "texture": "#0"}
			}
		},
		{
			"name": "hexadecagon",
			"from": [7.87071, 0.7, 7.35],
			"to": [8.12929, 4.7, 8.65],
			"rotation": {"angle": -45, "axis": "y", "origin": [8, -1.3, 8]},
			"faces": {
				"north": {"uv": [7.25, 9.75, 7.3125, 10.75], "texture": "#0"},
				"east": {"uv": [5.5, 1, 5.8125, 2], "texture": "#0"},
				"south": {"uv": [9.75, 7.25, 9.8125, 8.25], "texture": "#0"},
				"west": {"uv": [5.5, 2, 5.8125, 3], "texture": "#0"},
				"up": {"uv": [1.0625, 11.3125, 1, 11], "texture": "#0"},
				"down": {"uv": [1.3125, 11, 1.25, 11.3125], "texture": "#0"}
			}
		},
		{
			"name": "hexadecagon",
			"from": [7.87071, 0.7, 7.35],
			"to": [8.12929, 4.7, 8.65],
			"rotation": {"angle": -22.5, "axis": "y", "origin": [8, -1.3, 8]},
			"faces": {
				"north": {"uv": [5, 9.75, 5.0625, 10.75], "texture": "#0"},
				"east": {"uv": [0.5, 5.5, 0.8125, 6.5], "texture": "#0"},
				"south": {"uv": [9.75, 5.25, 9.8125, 6.25], "texture": "#0"},
				"west": {"uv": [1, 5.5, 1.3125, 6.5], "texture": "#0"},
				"up": {"uv": [11.0625, 0.8125, 11, 0.5], "texture": "#0"},
				"down": {"uv": [0.8125, 11, 0.75, 11.3125], "texture": "#0"}
			}
		},
		{
			"name": "hexadecagon",
			"from": [7.87071, 0.7, 7.35],
			"to": [8.12929, 4.7, 8.65],
			"rotation": {"angle": 0, "axis": "y", "origin": [8, -1.3, 8]},
			"faces": {
				"north": {"uv": [4.5, 9.75, 4.5625, 10.75], "texture": "#0"},
				"east": {"uv": [0, 5.5, 0.3125, 6.5], "texture": "#0"},
				"south": {"uv": [4.75, 9.75, 4.8125, 10.75], "texture": "#0"},
				"west": {"uv": [5.5, 0, 5.8125, 1], "texture": "#0"},
				"up": {"uv": [0.3125, 11.3125, 0.25, 11], "texture": "#0"},
				"down": {"uv": [0.5625, 11, 0.5, 11.3125], "texture": "#0"}
			}
		},
		{
			"name": "hexadecagon",
			"from": [7.87071, 0.7, 7.35],
			"to": [8.12929, 4.7, 8.65],
			"rotation": {"angle": 22.5, "axis": "y", "origin": [8, -1.3, 8]},
			"faces": {
				"north": {"uv": [4.25, 9.75, 4.3125, 10.75], "texture": "#0"},
				"east": {"uv": [4.5, 5, 4.8125, 6], "texture": "#0"},
				"south": {"uv": [9.75, 4.25, 9.8125, 5.25], "texture": "#0"},
				"west": {"uv": [5, 5, 5.3125, 6], "texture": "#0"},
				"up": {"uv": [0.0625, 11.3125, 0, 11], "texture": "#0"},
				"down": {"uv": [11.0625, 0, 11, 0.3125], "texture": "#0"}
			}
		},
		{
			"name": "hexadecagon",
			"from": [7.87071, 0.7, 7.35],
			"to": [8.12929, 4.7, 8.65],
			"rotation": {"angle": 45, "axis": "y", "origin": [8, -1.3, 8]},
			"faces": {
				"north": {"uv": [3.75, 9.75, 3.8125, 10.75], "texture": "#0"},
				"east": {"uv": [4, 5, 4.3125, 6], "texture": "#0"},
				"south": {"uv": [4, 9.75, 4.0625, 10.75], "texture": "#0"},
				"west": {"uv": [5, 4, 5.3125, 5], "texture": "#0"},
				"up": {"uv": [10.5625, 11.0625, 10.5, 10.75], "texture": "#0"},
				"down": {"uv": [10.8125, 10.75, 10.75, 11.0625], "texture": "#0"}
			}
		},
		{
			"name": "hexadecagon",
			"from": [7.35, 0.7, 7.87071],
			"to": [8.65, 4.7, 8.12929],
			"rotation": {"angle": -22.5, "axis": "y", "origin": [8, -1.3, 8]},
			"faces": {
				"north": {"uv": [5, 3, 5.3125, 4], "texture": "#0"},
				"east": {"uv": [9.75, 3.25, 9.8125, 4.25], "texture": "#0"},
				"south": {"uv": [3.5, 5, 3.8125, 6], "texture": "#0"},
				"west": {"uv": [3.5, 9.75, 3.5625, 10.75], "texture": "#0"},
				"up": {"uv": [11.0625, 10.0625, 10.75, 10], "texture": "#0"},
				"down": {"uv": [11.0625, 10.25, 10.75, 10.3125], "texture": "#0"}
			}
		},
		{
			"name": "hexadecagon",
			"from": [7.35, 0.7, 7.87071],
			"to": [8.65, 4.7, 8.12929],
			"rotation": {"angle": 0, "axis": "y", "origin": [8, -1.3, 8]},
			"faces": {
				"north": {"uv": [2.5, 5, 2.8125, 6], "texture": "#0"},
				"east": {"uv": [9.75, 0, 9.8125, 1], "texture": "#0"},
				"south": {"uv": [3, 5, 3.3125, 6], "texture": "#0"},
				"west": {"uv": [9.75, 2.25, 9.8125, 3.25], "texture": "#0"},
				"up": {"uv": [11.0625, 9.5625, 10.75, 9.5], "texture": "#0"},
				"down": {"uv": [11.0625, 9.75, 10.75, 9.8125], "texture": "#0"}
			}
		},
		{
			"name": "hexadecagon",
			"from": [7.35, 0.7, 7.87071],
			"to": [8.65, 4.7, 8.12929],
			"rotation": {"angle": 22.5, "axis": "y", "origin": [8, -1.3, 8]},
			"faces": {
				"north": {"uv": [5, 1, 5.3125, 2], "texture": "#0"},
				"east": {"uv": [8.5, 9.5, 8.5625, 10.5], "texture": "#0"},
				"south": {"uv": [5, 2, 5.3125, 3], "texture": "#0"},
				"west": {"uv": [9.5, 9, 9.5625, 10], "texture": "#0"},
				"up": {"uv": [11.0625, 9.3125, 10.75, 9.25], "texture": "#0"},
				"down": {"uv": [9.8125, 10.75, 9.5, 10.8125], "texture": "#0"}
			}
		},
		{
			"name": "hexadecagon",
			"from": [7.5255, 4.7, 7.90562],
			"to": [8.4745, 13.7, 8.09438],
			"rotation": {"angle": 22.5, "axis": "y", "origin": [8, 3.7, 8]},
			"faces": {
				"north": {"uv": [1, 2.25, 1.25, 4.5], "texture": "#0"},
				"east": {"uv": [5.25, 8.25, 5.3125, 10.5], "texture": "#0"},
				"south": {"uv": [1.25, 2.25, 1.5, 4.5], "texture": "#0"},
				"west": {"uv": [5.75, 8.25, 5.8125, 10.5], "texture": "#0"},
				"up": {"uv": [11.25, 10.5625, 11, 10.5], "texture": "#0"},
				"down": {"uv": [11.25, 10.75, 11, 10.8125], "texture": "#0"}
			}
		},
		{
			"name": "hexadecagon",
			"from": [7.5255, 4.7, 7.90562],
			"to": [8.4745, 13.7, 8.09438],
			"rotation": {"angle": 0, "axis": "y", "origin": [8, 3.7, 8]},
			"faces": {
				"north": {"uv": [0.5, 2.25, 0.75, 4.5], "texture": "#0"},
				"east": {"uv": [8.25, 2.25, 8.3125, 4.5], "texture": "#0"},
				"south": {"uv": [0.75, 2.25, 1, 4.5], "texture": "#0"},
				"west": {"uv": [8.25, 4.5, 8.3125, 6.75], "texture": "#0"},
				"up": {"uv": [10.25, 11.0625, 10, 11], "texture": "#0"},
				"down": {"uv": [10.5, 11, 10.25, 11.0625], "texture": "#0"}
			}
		},
		{
			"name": "hexadecagon",
			"from": [7.5255, 4.7, 7.90562],
			"to": [8.4745, 13.7, 8.09438],
			"rotation": {"angle": -22.5, "axis": "y", "origin": [8, 3.7, 8]},
			"faces": {
				"north": {"uv": [2.25, 0, 2.5, 2.25], "texture": "#0"},
				"east": {"uv": [8, 6.75, 8.0625, 9], "texture": "#0"},
				"south": {"uv": [0.25, 2.25, 0.5, 4.5], "texture": "#0"},
				"west": {"uv": [8.25, 0, 8.3125, 2.25], "texture": "#0"},
				"up": {"uv": [9.75, 11.0625, 9.5, 11], "texture": "#0"},
				"down": {"uv": [10, 11, 9.75, 11.0625], "texture": "#0"}
			}
		},
		{
			"name": "hexadecagon",
			"from": [7.90562, 4.7, 7.5255],
			"to": [8.09438, 13.7, 8.4745],
			"rotation": {"angle": 45, "axis": "y", "origin": [8, 3.7, 8]},
			"faces": {
				"north": {"uv": [8, 2.25, 8.0625, 4.5], "texture": "#0"},
				"east": {"uv": [2, 0, 2.25, 2.25], "texture": "#0"},
				"south": {"uv": [8, 4.5, 8.0625, 6.75], "texture": "#0"},
				"west": {"uv": [0, 2.25, 0.25, 4.5], "texture": "#0"},
				"up": {"uv": [9.0625, 11.25, 9, 11], "texture": "#0"},
				"down": {"uv": [9.3125, 11, 9.25, 11.25], "texture": "#0"}
			}
		},
		{
			"name": "hexadecagon",
			"from": [7.90562, 4.7, 7.5255],
			"to": [8.09438, 13.7, 8.4745],
			"rotation": {"angle": 22.5, "axis": "y", "origin": [8, 3.7, 8]},
			"faces": {
				"north": {"uv": [7.75, 6.75, 7.8125, 9], "texture": "#0"},
				"east": {"uv": [1.5, 0, 1.75, 2.25], "texture": "#0"},
				"south": {"uv": [8, 0, 8.0625, 2.25], "texture": "#0"},
				"west": {"uv": [1.75, 0, 2, 2.25], "texture": "#0"},
				"up": {"uv": [8.5625, 11.25, 8.5, 11], "texture": "#0"},
				"down": {"uv": [8.8125, 11, 8.75, 11.25], "texture": "#0"}
			}
		},
		{
			"name": "hexadecagon",
			"from": [7.90562, 4.7, 7.5255],
			"to": [8.09438, 13.7, 8.4745],
			"rotation": {"angle": 0, "axis": "y", "origin": [8, 3.7, 8]},
			"faces": {
				"north": {"uv": [7.75, 4.5, 7.8125, 6.75], "texture": "#0"},
				"east": {"uv": [1, 0, 1.25, 2.25], "texture": "#0"},
				"south": {"uv": [6.75, 7.75, 6.8125, 10], "texture": "#0"},
				"west": {"uv": [1.25, 0, 1.5, 2.25], "texture": "#0"},
				"up": {"uv": [8.0625, 11.25, 8, 11], "texture": "#0"},
				"down": {"uv": [8.3125, 11, 8.25, 11.25], "texture": "#0"}
			}
		},
		{
			"name": "hexadecagon",
			"from": [7.90562, 2.05, 8.8255],
			"to": [8.04562, 20.05, 8.9655],
			"rotation": {"angle": 0, "axis": "y", "origin": [8, 3.7, 7.5]},
			"faces": {
				"north": {"uv": [5.5, 3, 5.5625, 7.5], "texture": "#0"},
				"east": {"uv": [1.5, 5.75, 1.5625, 10.25], "texture": "#0"},
				"south": {"uv": [1.75, 5.75, 1.8125, 10.25], "texture": "#0"},
				"west": {"uv": [2, 5.75, 2.0625, 10.25], "texture": "#0"},
				"up": {"uv": [12.0625, 12.0625, 12, 12], "texture": "#0"},
				"down": {"uv": [0.0625, 12.25, 0, 12.3125], "texture": "#0"}
			}
		},
		{
			"name": "hexadecagon",
			"from": [7.90562, 20.05, 8.6855],
			"to": [8.04562, 29.35, 8.8255],
			"rotation": {"angle": 0, "axis": "y", "origin": [8, 2.7, 7.36]},
			"faces": {
				"north": {"uv": [7.5, 2.5, 7.5625, 4.8125], "texture": "#0"},
				"east": {"uv": [7.5, 5, 7.5625, 7.3125], "texture": "#0"},
				"south": {"uv": [5.5, 7.5, 5.5625, 9.8125], "texture": "#0"},
				"west": {"uv": [7, 7.5, 7.0625, 9.8125], "texture": "#0"},
				"up": {"uv": [12.3125, 0.0625, 12.25, 0], "texture": "#0"},
				"down": {"uv": [0.3125, 12.25, 0.25, 12.3125], "texture": "#0"}
			}
		},
		{
			"name": "hexadecagon",
			"from": [7.90562, 29.28515, 8.49949],
			"to": [8.04562, 30.28515, 8.63949],
			"rotation": {"angle": -22.5, "axis": "x", "origin": [7.97562, 29.78515, 8.56949]},
			"faces": {
				"north": {"uv": [11.25, 1.25, 11.3125, 1.5], "texture": "#0"},
				"east": {"uv": [1.5, 11.25, 1.5625, 11.5], "texture": "#0"},
				"south": {"uv": [11.25, 1.5, 11.3125, 1.75], "texture": "#0"},
				"west": {"uv": [1.75, 11.25, 1.8125, 11.5], "texture": "#0"},
				"up": {"uv": [12.3125, 0.3125, 12.25, 0.25], "texture": "#0"},
				"down": {"uv": [0.5625, 12.25, 0.5, 12.3125], "texture": "#0"}
			}
		},
		{
			"name": "hexadecagon",
			"from": [7.90562, 4.7, 7.5255],
			"to": [8.09438, 13.7, 8.4745],
			"rotation": {"angle": -22.5, "axis": "y", "origin": [8, 3.7, 8]},
			"faces": {
				"north": {"uv": [7.75, 0, 7.8125, 2.25], "texture": "#0"},
				"east": {"uv": [0.5, 0, 0.75, 2.25], "texture": "#0"},
				"south": {"uv": [7.75, 2.25, 7.8125, 4.5], "texture": "#0"},
				"west": {"uv": [0.75, 0, 1, 2.25], "texture": "#0"},
				"up": {"uv": [7.8125, 11.25, 7.75, 11], "texture": "#0"},
				"down": {"uv": [11.0625, 7.75, 11, 8], "texture": "#0"}
			}
		},
		{
			"name": "hexadecagon",
			"from": [7.90562, 4.7, 7.5255],
			"to": [8.09438, 13.7, 8.4745],
			"rotation": {"angle": -45, "axis": "y", "origin": [8, 3.7, 8]},
			"faces": {
				"north": {"uv": [7.25, 7.5, 7.3125, 9.75], "texture": "#0"},
				"east": {"uv": [0, 0, 0.25, 2.25], "texture": "#0"},
				"south": {"uv": [7.5, 7.5, 7.5625, 9.75], "texture": "#0"},
				"west": {"uv": [0.25, 0, 0.5, 2.25], "texture": "#0"},
				"up": {"uv": [11.0625, 7.5, 11, 7.25], "texture": "#0"},
				"down": {"uv": [11.0625, 7.5, 11, 7.75], "texture": "#0"}
			}
		},
		{
			"name": "hexadecagon",
			"from": [7.61584, 13.7, 7.92359],
			"to": [8.38416, 23.7, 8.07641],
			"rotation": {"angle": 22.5, "axis": "y", "origin": [8, 12.7, 8]},
			"faces": {
				"north": {"uv": [3.75, 0, 3.9375, 2.5], "texture": "#0"},
				"east": {"uv": [7.25, 5, 7.3125, 7.5], "texture": "#0"},
				"south": {"uv": [3.75, 2.5, 3.9375, 5], "texture": "#0"},
				"west": {"uv": [7.5, 0, 7.5625, 2.5], "texture": "#0"},
				"up": {"uv": [11.4375, 5.3125, 11.25, 5.25], "texture": "#0"},
				"down": {"uv": [5.6875, 11.25, 5.5, 11.3125], "texture": "#0"}
			}
		},
		{
			"name": "hexadecagon",
			"from": [7.61584, 13.7, 7.92359],
			"to": [8.38416, 23.7, 8.07641],
			"rotation": {"angle": 0, "axis": "y", "origin": [8, 12.7, 8]},
			"faces": {
				"north": {"uv": [3.5, 0, 3.6875, 2.5], "texture": "#0"},
				"east": {"uv": [4.75, 7.25, 4.8125, 9.75], "texture": "#0"},
				"south": {"uv": [3.5, 2.5, 3.6875, 5], "texture": "#0"},
				"west": {"uv": [5, 7.25, 5.0625, 9.75], "texture": "#0"},
				"up": {"uv": [11.4375, 5.0625, 11.25, 5], "texture": "#0"},
				"down": {"uv": [5.4375, 11.25, 5.25, 11.3125], "texture": "#0"}
			}
		},
		{
			"name": "hexadecagon",
			"from": [7.61584, 13.7, 7.92359],
			"to": [8.38416, 23.7, 8.07641],
			"rotation": {"angle": -22.5, "axis": "y", "origin": [8, 12.7, 8]},
			"faces": {
				"north": {"uv": [3.25, 0, 3.4375, 2.5], "texture": "#0"},
				"east": {"uv": [4.25, 7.25, 4.3125, 9.75], "texture": "#0"},
				"south": {"uv": [3.25, 2.5, 3.4375, 5], "texture": "#0"},
				"west": {"uv": [4.5, 7.25, 4.5625, 9.75], "texture": "#0"},
				"up": {"uv": [11.4375, 4.8125, 11.25, 4.75], "texture": "#0"},
				"down": {"uv": [5.1875, 11.25, 5, 11.3125], "texture": "#0"}
			}
		},
		{
			"name": "hexadecagon",
			"from": [7.92359, 13.7, 7.61584],
			"to": [8.07641, 23.7, 8.38416],
			"rotation": {"angle": 45, "axis": "y", "origin": [8, 12.7, 8]},
			"faces": {
				"north": {"uv": [3.75, 7.25, 3.8125, 9.75], "texture": "#0"},
				"east": {"uv": [3, 0, 3.1875, 2.5], "texture": "#0"},
				"south": {"uv": [4, 7.25, 4.0625, 9.75], "texture": "#0"},
				"west": {"uv": [3, 2.5, 3.1875, 5], "texture": "#0"},
				"up": {"uv": [11.3125, 4.6875, 11.25, 4.5], "texture": "#0"},
				"down": {"uv": [4.8125, 11.25, 4.75, 11.4375], "texture": "#0"}
			}
		},
		{
			"name": "hexadecagon",
			"from": [7.92359, 13.7, 7.61584],
			"to": [8.07641, 23.7, 8.38416],
			"rotation": {"angle": 22.5, "axis": "y", "origin": [8, 12.7, 8]},
			"faces": {
				"north": {"uv": [7.25, 2.5, 7.3125, 5], "texture": "#0"},
				"east": {"uv": [2.75, 0, 2.9375, 2.5], "texture": "#0"},
				"south": {"uv": [3.5, 7.25, 3.5625, 9.75], "texture": "#0"},
				"west": {"uv": [2.75, 2.5, 2.9375, 5], "texture": "#0"},
				"up": {"uv": [11.3125, 4.4375, 11.25, 4.25], "texture": "#0"},
				"down": {"uv": [4.5625, 11.25, 4.5, 11.4375], "texture": "#0"}
			}
		},
		{
			"name": "hexadecagon",
			"from": [7.92359, 13.7, 7.61584],
			"to": [8.07641, 23.7, 8.38416],
			"rotation": {"angle": 0, "axis": "y", "origin": [8, 12.7, 8]},
			"faces": {
				"north": {"uv": [7, 5, 7.0625, 7.5], "texture": "#0"},
				"east": {"uv": [2.5, 0, 2.6875, 2.5], "texture": "#0"},
				"south": {"uv": [7.25, 0, 7.3125, 2.5], "texture": "#0"},
				"west": {"uv": [2.5, 2.5, 2.6875, 5], "texture": "#0"},
				"up": {"uv": [11.3125, 4.1875, 11.25, 4], "texture": "#0"},
				"down": {"uv": [4.3125, 11.25, 4.25, 11.4375], "texture": "#0"}
			}
		},
		{
			"name": "hexadecagon",
			"from": [7.92359, 13.7, 7.61584],
			"to": [8.07641, 23.7, 8.38416],
			"rotation": {"angle": -22.5, "axis": "y", "origin": [8, 12.7, 8]},
			"faces": {
				"north": {"uv": [7, 0, 7.0625, 2.5], "texture": "#0"},
				"east": {"uv": [2, 2.25, 2.1875, 4.75], "texture": "#0"},
				"south": {"uv": [7, 2.5, 7.0625, 5], "texture": "#0"},
				"west": {"uv": [2.25, 2.25, 2.4375, 4.75], "texture": "#0"},
				"up": {"uv": [11.3125, 3.9375, 11.25, 3.75], "texture": "#0"},
				"down": {"uv": [4.0625, 11.25, 4, 11.4375], "texture": "#0"}
			}
		},
		{
			"name": "hexadecagon",
			"from": [7.92359, 13.7, 7.61584],
			"to": [8.07641, 23.7, 8.38416],
			"rotation": {"angle": -45, "axis": "y", "origin": [8, 12.7, 8]},
			"faces": {
				"north": {"uv": [6.75, 5.25, 6.8125, 7.75], "texture": "#0"},
				"east": {"uv": [1.5, 2.25, 1.6875, 4.75], "texture": "#0"},
				"south": {"uv": [6.5, 6.75, 6.5625, 9.25], "texture": "#0"},
				"west": {"uv": [1.75, 2.25, 1.9375, 4.75], "texture": "#0"},
				"up": {"uv": [11.3125, 3.6875, 11.25, 3.5], "texture": "#0"},
				"down": {"uv": [3.8125, 11.25, 3.75, 11.4375], "texture": "#0"}
			}
		},
		{
			"name": "hexadecagon",
			"from": [7.69229, 21.7, 7.93879],
			"to": [8.30771, 30, 8.06121],
			"rotation": {"angle": 22.5, "axis": "y", "origin": [8, 12.7, 8]},
			"faces": {
				"north": {"uv": [6.5, 3, 6.625, 5.0625], "texture": "#0"},
				"east": {"uv": [2.5, 8.75, 2.5625, 10.8125], "texture": "#0"},
				"south": {"uv": [3.25, 6.5, 3.375, 8.5625], "texture": "#0"},
				"west": {"uv": [2.75, 8.75, 2.8125, 10.8125], "texture": "#0"},
				"up": {"uv": [0.125, 11.5625, 0, 11.5], "texture": "#0"},
				"down": {"uv": [11.625, 0, 11.5, 0.0625], "texture": "#0"}
			}
		},
		{
			"name": "hexadecagon",
			"from": [7.69229, 21.7, 7.93879],
			"to": [8.30771, 30, 8.06121],
			"rotation": {"angle": 0, "axis": "y", "origin": [8, 12.7, 8]},
			"faces": {
				"north": {"uv": [2.75, 6.5, 2.875, 8.5625], "texture": "#0"},
				"east": {"uv": [2.25, 8.75, 2.3125, 10.8125], "texture": "#0"},
				"south": {"uv": [3, 6.5, 3.125, 8.5625], "texture": "#0"},
				"west": {"uv": [8.75, 2.25, 8.8125, 4.3125], "texture": "#0"},
				"up": {"uv": [11.375, 11.0625, 11.25, 11], "texture": "#0"},
				"down": {"uv": [11.375, 11.25, 11.25, 11.3125], "texture": "#0"}
			}
		},
		{
			"name": "hexadecagon",
			"from": [7.69229, 21.7, 7.93879],
			"to": [8.30771, 30, 8.06121],
			"rotation": {"angle": -22.5, "axis": "y", "origin": [8, 12.7, 8]},
			"faces": {
				"north": {"uv": [2.25, 6.5, 2.375, 8.5625], "texture": "#0"},
				"east": {"uv": [1, 8.75, 1.0625, 10.8125], "texture": "#0"},
				"south": {"uv": [2.5, 6.5, 2.625, 8.5625], "texture": "#0"},
				"west": {"uv": [1.25, 8.75, 1.3125, 10.8125], "texture": "#0"},
				"up": {"uv": [11.375, 10.8125, 11.25, 10.75], "texture": "#0"},
				"down": {"uv": [11.125, 11.25, 11, 11.3125], "texture": "#0"}
			}
		},
		{
			"name": "hexadecagon",
			"from": [7.93879, 21.7, 7.69229],
			"to": [8.06121, 30, 8.30771],
			"rotation": {"angle": 45, "axis": "y", "origin": [8, 12.7, 8]},
			"faces": {
				"north": {"uv": [0.5, 8.75, 0.5625, 10.8125], "texture": "#0"},
				"east": {"uv": [1, 6.5, 1.125, 8.5625], "texture": "#0"},
				"south": {"uv": [0.75, 8.75, 0.8125, 10.8125], "texture": "#0"},
				"west": {"uv": [1.25, 6.5, 1.375, 8.5625], "texture": "#0"},
				"up": {"uv": [11.3125, 10.625, 11.25, 10.5], "texture": "#0"},
				"down": {"uv": [10.8125, 11.25, 10.75, 11.375], "texture": "#0"}
			}
		},
		{
			"name": "hexadecagon",
			"from": [7.93879, 21.7, 7.69229],
			"to": [8.06121, 30, 8.30771],
			"rotation": {"angle": 22.5, "axis": "y", "origin": [8, 12.7, 8]},
			"faces": {
				"north": {"uv": [8.75, 0, 8.8125, 2.0625], "texture": "#0"},
				"east": {"uv": [0.5, 6.5, 0.625, 8.5625], "texture": "#0"},
				"south": {"uv": [0.25, 8.75, 0.3125, 10.8125], "texture": "#0"},
				"west": {"uv": [0.75, 6.5, 0.875, 8.5625], "texture": "#0"},
				"up": {"uv": [11.3125, 10.375, 11.25, 10.25], "texture": "#0"},
				"down": {"uv": [10.5625, 11.25, 10.5, 11.375], "texture": "#0"}
			}
		},
		{
			"name": "hexadecagon",
			"from": [7.93879, 21.7, 7.69229],
			"to": [8.06121, 30, 8.30771],
			"rotation": {"angle": 0, "axis": "y", "origin": [8, 12.7, 8]},
			"faces": {
				"north": {"uv": [8.5, 7.25, 8.5625, 9.3125], "texture": "#0"},
				"east": {"uv": [0, 6.5, 0.125, 8.5625], "texture": "#0"},
				"south": {"uv": [0, 8.75, 0.0625, 10.8125], "texture": "#0"},
				"west": {"uv": [0.25, 6.5, 0.375, 8.5625], "texture": "#0"},
				"up": {"uv": [11.3125, 10.125, 11.25, 10], "texture": "#0"},
				"down": {"uv": [10.3125, 11.25, 10.25, 11.375], "texture": "#0"}
			}
		},
		{
			"name": "hexadecagon",
			"from": [7.93879, 21.7, 7.69229],
			"to": [8.06121, 30, 8.30771],
			"rotation": {"angle": -22.5, "axis": "y", "origin": [8, 12.7, 8]},
			"faces": {
				"north": {"uv": [8.5, 2.25, 8.5625, 4.3125], "texture": "#0"},
				"east": {"uv": [6, 6, 6.125, 8.0625], "texture": "#0"},
				"south": {"uv": [8.5, 4.5, 8.5625, 6.5625], "texture": "#0"},
				"west": {"uv": [6.25, 6, 6.375, 8.0625], "texture": "#0"},
				"up": {"uv": [11.3125, 9.875, 11.25, 9.75], "texture": "#0"},
				"down": {"uv": [10.0625, 11.25, 10, 11.375], "texture": "#0"}
			}
		},
		{
			"name": "hexadecagon",
			"from": [7.93879, 21.7, 7.69229],
			"to": [8.06121, 30, 8.30771],
			"rotation": {"angle": -45, "axis": "y", "origin": [8, 12.7, 8]},
			"faces": {
				"north": {"uv": [8.25, 7.25, 8.3125, 9.3125], "texture": "#0"},
				"east": {"uv": [5.25, 6, 5.375, 8.0625], "texture": "#0"},
				"south": {"uv": [8.5, 0, 8.5625, 2.0625], "texture": "#0"},
				"west": {"uv": [5.75, 6, 5.875, 8.0625], "texture": "#0"},
				"up": {"uv": [11.3125, 9.625, 11.25, 9.5], "texture": "#0"},
				"down": {"uv": [9.8125, 11.25, 9.75, 11.375], "texture": "#0"}
			}
		},
		{
			"name": "hexadecagon",
			"from": [7.89269, -1.06, 7.4605],
			"to": [8.10731, 1.76, 8.5395],
			"rotation": {"angle": -45, "axis": "y", "origin": [8, -0.66, 8]},
			"faces": {
				"north": {"uv": [7.5, 9.75, 7.5625, 10.4375], "texture": "#0"},
				"east": {"uv": [3.5, 6.5, 3.75, 7.1875], "texture": "#0"},
				"south": {"uv": [9.75, 8.25, 9.8125, 8.9375], "texture": "#0"},
				"west": {"uv": [3.75, 6.5, 4, 7.1875], "texture": "#0"},
				"up": {"uv": [1.5625, 11.25, 1.5, 11], "texture": "#0"},
				"down": {"uv": [1.8125, 11, 1.75, 11.25], "texture": "#0"}
			}
		},
		{
			"name": "hexadecagon",
			"from": [7.89269, -1.06, 7.4605],
			"to": [8.10731, 1.76, 8.5395],
			"rotation": {"angle": -22.5, "axis": "y", "origin": [8, -0.66, 8]},
			"faces": {
				"north": {"uv": [9.75, 9, 9.8125, 9.6875], "texture": "#0"},
				"east": {"uv": [4, 6.5, 4.25, 7.1875], "texture": "#0"},
				"south": {"uv": [9.75, 9.75, 9.8125, 10.4375], "texture": "#0"},
				"west": {"uv": [4.25, 6.5, 4.5, 7.1875], "texture": "#0"},
				"up": {"uv": [2.0625, 11.25, 2, 11], "texture": "#0"},
				"down": {"uv": [2.3125, 11, 2.25, 11.25], "texture": "#0"}
			}
		},
		{
			"name": "hexadecagon",
			"from": [7.89269, -1.06, 7.4605],
			"to": [8.10731, 1.76, 8.5395],
			"rotation": {"angle": 0, "axis": "y", "origin": [8, -0.66, 8]},
			"faces": {
				"north": {"uv": [10, 0, 10.0625, 0.6875], "texture": "#0"},
				"east": {"uv": [4.5, 6.5, 4.75, 7.1875], "texture": "#0"},
				"south": {"uv": [10, 0.75, 10.0625, 1.4375], "texture": "#0"},
				"west": {"uv": [4.75, 6.5, 5, 7.1875], "texture": "#0"},
				"up": {"uv": [2.5625, 11.25, 2.5, 11], "texture": "#0"},
				"down": {"uv": [2.8125, 11, 2.75, 11.25], "texture": "#0"}
			}
		},
		{
			"name": "hexadecagon",
			"from": [7.89269, -1.06, 7.4605],
			"to": [8.10731, 1.76, 8.5395],
			"rotation": {"angle": 22.5, "axis": "y", "origin": [8, -0.66, 8]},
			"faces": {
				"north": {"uv": [10, 1.5, 10.0625, 2.1875], "texture": "#0"},
				"east": {"uv": [5, 6.5, 5.25, 7.1875], "texture": "#0"},
				"south": {"uv": [10, 2.25, 10.0625, 2.9375], "texture": "#0"},
				"west": {"uv": [6.5, 5.25, 6.75, 5.9375], "texture": "#0"},
				"up": {"uv": [11.0625, 3.5, 11, 3.25], "texture": "#0"},
				"down": {"uv": [11.0625, 3.5, 11, 3.75], "texture": "#0"}
			}
		},
		{
			"name": "hexadecagon",
			"from": [7.89269, -1.06, 7.4605],
			"to": [8.10731, 1.76, 8.5395],
			"rotation": {"angle": 45, "axis": "y", "origin": [8, -0.66, 8]},
			"faces": {
				"north": {"uv": [10, 3, 10.0625, 3.6875], "texture": "#0"},
				"east": {"uv": [6.5, 6, 6.75, 6.6875], "texture": "#0"},
				"south": {"uv": [10, 3.75, 10.0625, 4.4375], "texture": "#0"},
				"west": {"uv": [6.75, 0, 7, 0.6875], "texture": "#0"},
				"up": {"uv": [11.0625, 4, 11, 3.75], "texture": "#0"},
				"down": {"uv": [11.0625, 4, 11, 4.25], "texture": "#0"}
			}
		},
		{
			"name": "hexadecagon",
			"from": [7.4605, -1.06, 7.89269],
			"to": [8.5395, 1.76, 8.10731],
			"rotation": {"angle": -22.5, "axis": "y", "origin": [8, -0.66, 8]},
			"faces": {
				"north": {"uv": [6.75, 0.75, 7, 1.4375], "texture": "#0"},
				"east": {"uv": [10, 4.5, 10.0625, 5.1875], "texture": "#0"},
				"south": {"uv": [6.75, 1.5, 7, 2.1875], "texture": "#0"},
				"west": {"uv": [10, 5.25, 10.0625, 5.9375], "texture": "#0"},
				"up": {"uv": [11.25, 4.3125, 11, 4.25], "texture": "#0"},
				"down": {"uv": [4.75, 11, 4.5, 11.0625], "texture": "#0"}
			}
		},
		{
			"name": "hexadecagon",
			"from": [7.4605, -1.06, 7.89269],
			"to": [8.5395, 1.76, 8.10731],
			"rotation": {"angle": 0, "axis": "y", "origin": [8, -0.66, 8]},
			"faces": {
				"north": {"uv": [6.75, 2.25, 7, 2.9375], "texture": "#0"},
				"east": {"uv": [5.5, 10, 5.5625, 10.6875], "texture": "#0"},
				"south": {"uv": [6.75, 3, 7, 3.6875], "texture": "#0"},
				"west": {"uv": [10, 6, 10.0625, 6.6875], "texture": "#0"},
				"up": {"uv": [11.25, 4.5625, 11, 4.5], "texture": "#0"},
				"down": {"uv": [5, 11, 4.75, 11.0625], "texture": "#0"}
			}
		},
		{
			"name": "hexadecagon",
			"from": [7.4605, -1.06, 7.89269],
			"to": [8.5395, 1.76, 8.10731],
			"rotation": {"angle": 22.5, "axis": "y", "origin": [8, -0.66, 8]},
			"faces": {
				"north": {"uv": [6.75, 3.75, 7, 4.4375], "texture": "#0"},
				"east": {"uv": [6.75, 10, 6.8125, 10.6875], "texture": "#0"},
				"south": {"uv": [6.75, 4.5, 7, 5.1875], "texture": "#0"},
				"west": {"uv": [7, 10, 7.0625, 10.6875], "texture": "#0"},
				"up": {"uv": [11.25, 4.8125, 11, 4.75], "texture": "#0"},
				"down": {"uv": [5.25, 11, 5, 11.0625], "texture": "#0"}
			}
		},
		{
			"name": "hexadecagon",
			"from": [6.72, 1.82177, 8.804],
			"to": [9.28, 2.17823, 10.596],
			"rotation": {"angle": -45, "axis": "x", "origin": [8, 2, 9.7]},
			"faces": {
				"north": {"uv": [10, 7.25, 10.625, 7.3125], "texture": "#0"},
				"east": {"uv": [10.5, 10.5, 10.9375, 10.5625], "texture": "#0"},
				"south": {"uv": [10, 7.5, 10.625, 7.5625], "texture": "#0"},
				"west": {"uv": [10.75, 1, 11.1875, 1.0625], "texture": "#0"},
				"up": {"uv": [6.375, 3.4375, 5.75, 3], "texture": "#0"},
				"down": {"uv": [6.375, 3.5, 5.75, 3.9375], "texture": "#0"}
			}
		},
		{
			"name": "hexadecagon",
			"from": [6.72, 1.82177, 8.804],
			"to": [9.28, 2.17823, 10.596],
			"rotation": {"angle": -22.5, "axis": "x", "origin": [8, 2, 9.7]},
			"faces": {
				"north": {"uv": [10, 7.75, 10.625, 7.8125], "texture": "#0"},
				"east": {"uv": [10.75, 1.25, 11.1875, 1.3125], "texture": "#0"},
				"south": {"uv": [10, 8, 10.625, 8.0625], "texture": "#0"},
				"west": {"uv": [10.75, 1.5, 11.1875, 1.5625], "texture": "#0"},
				"up": {"uv": [6.375, 4.4375, 5.75, 4], "texture": "#0"},
				"down": {"uv": [6.375, 4.5, 5.75, 4.9375], "texture": "#0"}
			}
		},
		{
			"name": "hexadecagon",
			"from": [6.72, 1.82177, 8.804],
			"to": [9.28, 2.17823, 10.596],
			"rotation": {"angle": 0, "axis": "x", "origin": [8, 2, 9.7]},
			"faces": {
				"north": {"uv": [10, 8.25, 10.625, 8.3125], "texture": "#0"},
				"east": {"uv": [10.75, 1.75, 11.1875, 1.8125], "texture": "#0"},
				"south": {"uv": [10, 8.5, 10.625, 8.5625], "texture": "#0"},
				"west": {"uv": [10.75, 2, 11.1875, 2.0625], "texture": "#0"},
				"up": {"uv": [6.375, 5.4375, 5.75, 5], "texture": "#0"},
				"down": {"uv": [6.375, 5.5, 5.75, 5.9375], "texture": "#0"}
			}
		},
		{
			"name": "hexadecagon",
			"from": [6.72, 1.82177, 8.804],
			"to": [9.28, 2.17823, 10.596],
			"rotation": {"angle": 22.5, "axis": "x", "origin": [8, 2, 9.7]},
			"faces": {
				"north": {"uv": [10, 8.75, 10.625, 8.8125], "texture": "#0"},
				"east": {"uv": [10.75, 2.25, 11.1875, 2.3125], "texture": "#0"},
				"south": {"uv": [10, 9, 10.625, 9.0625], "texture": "#0"},
				"west": {"uv": [10.75, 2.5, 11.1875, 2.5625], "texture": "#0"},
				"up": {"uv": [6.625, 0.4375, 6, 0], "texture": "#0"},
				"down": {"uv": [6.625, 0.5, 6, 0.9375], "texture": "#0"}
			}
		},
		{
			"name": "hexadecagon",
			"from": [6.72, 1.82177, 8.804],
			"to": [9.28, 2.17823, 10.596],
			"rotation": {"angle": 45, "axis": "x", "origin": [8, 2, 9.7]},
			"faces": {
				"north": {"uv": [10, 9.25, 10.625, 9.3125], "texture": "#0"},
				"east": {"uv": [10.75, 2.75, 11.1875, 2.8125], "texture": "#0"},
				"south": {"uv": [10, 9.5, 10.625, 9.5625], "texture": "#0"},
				"west": {"uv": [10.75, 3, 11.1875, 3.0625], "texture": "#0"},
				"up": {"uv": [6.625, 1.4375, 6, 1], "texture": "#0"},
				"down": {"uv": [6.625, 1.5, 6, 1.9375], "texture": "#0"}
			}
		},
		{
			"name": "hexadecagon",
			"from": [6.72, 1.104, 9.52177],
			"to": [9.28, 2.896, 9.87823],
			"rotation": {"angle": -22.5, "axis": "x", "origin": [8, 2, 9.7]},
			"faces": {
				"north": {"uv": [6, 2, 6.625, 2.4375], "texture": "#0"},
				"east": {"uv": [10.75, 3.25, 10.8125, 3.6875], "texture": "#0"},
				"south": {"uv": [2.25, 6, 2.875, 6.4375], "texture": "#0"},
				"west": {"uv": [3.5, 10.75, 3.5625, 11.1875], "texture": "#0"},
				"up": {"uv": [10.625, 9.8125, 10, 9.75], "texture": "#0"},
				"down": {"uv": [10.625, 10, 10, 10.0625], "texture": "#0"}
			}
		},
		{
			"name": "hexadecagon",
			"from": [6.72, 1.104, 9.52177],
			"to": [9.28, 2.896, 9.87823],
			"rotation": {"angle": 0, "axis": "x", "origin": [8, 2, 9.7]},
			"faces": {
				"north": {"uv": [6, 2.5, 6.625, 2.9375], "texture": "#0"},
				"east": {"uv": [3.75, 10.75, 3.8125, 11.1875], "texture": "#0"},
				"south": {"uv": [3, 6, 3.625, 6.4375], "texture": "#0"},
				"west": {"uv": [10.75, 3.75, 10.8125, 4.1875], "texture": "#0"},
				"up": {"uv": [10.875, 0.0625, 10.25, 0], "texture": "#0"},
				"down": {"uv": [10.875, 0.25, 10.25, 0.3125], "texture": "#0"}
			}
		},
		{
			"name": "hexadecagon",
			"from": [6.58623, 1.804, 9.02],
			"to": [6.97823, 2.196, 10.02],
			"rotation": {"angle": -45, "axis": "y", "origin": [8, 2, 9.7]},
			"faces": {
				"north": {"uv": [11, 5, 11.125, 5.125], "texture": "#0"},
				"east": {"uv": [2.25, 5.75, 2.5, 5.875], "texture": "#0"},
				"south": {"uv": [11, 5.25, 11.125, 5.375], "texture": "#0"},
				"west": {"uv": [10.5, 6.75, 10.75, 6.875], "texture": "#0"},
				"up": {"uv": [10.625, 7.25, 10.5, 7], "texture": "#0"},
				"down": {"uv": [7.625, 10.5, 7.5, 10.75], "texture": "#0"}
			}
		},
		{
			"name": "hexadecagon",
			"from": [9.02177, 1.804, 9.02],
			"to": [9.41377, 2.196, 10.02],
			"rotation": {"angle": 45, "axis": "y", "origin": [8, 2, 9.7]},
			"faces": {
				"north": {"uv": [11, 5.5, 11.125, 5.625], "texture": "#0"},
				"east": {"uv": [8.25, 10.5, 8.5, 10.625], "texture": "#0"},
				"south": {"uv": [11, 5.75, 11.125, 5.875], "texture": "#0"},
				"west": {"uv": [8.5, 10.5, 8.75, 10.625], "texture": "#0"},
				"up": {"uv": [9.875, 10.75, 9.75, 10.5], "texture": "#0"},
				"down": {"uv": [10.625, 10.25, 10.5, 10.5], "texture": "#0"}
			}
		},
		{
			"name": "hexadecagon",
			"from": [6.72, 1.104, 9.52177],
			"to": [9.28, 2.896, 9.87823],
			"rotation": {"angle": 22.5, "axis": "x", "origin": [8, 2, 9.7]},
			"faces": {
				"north": {"uv": [3.75, 6, 4.375, 6.4375], "texture": "#0"},
				"east": {"uv": [4, 10.75, 4.0625, 11.1875], "texture": "#0"},
				"south": {"uv": [4.5, 6, 5.125, 6.4375], "texture": "#0"},
				"west": {"uv": [4.25, 10.75, 4.3125, 11.1875], "texture": "#0"},
				"up": {"uv": [10.875, 0.5625, 10.25, 0.5], "texture": "#0"},
				"down": {"uv": [10.875, 0.75, 10.25, 0.8125], "texture": "#0"}
			}
		},
		{
			"name": "hexadecagon",
			"from": [6.41, 1.78613, 8.6248],
			"to": [6.73, 2.21387, 10.7752],
			"rotation": {"angle": -45, "axis": "x", "origin": [8.266, 2, 9.7]},
			"faces": {
				"north": {"uv": [11.25, 7.25, 11.3125, 7.375], "texture": "#0"},
				"east": {"uv": [9, 1, 9.5625, 1.125], "texture": "#0"},
				"south": {"uv": [7.5, 11.25, 7.5625, 11.375], "texture": "#0"},
				"west": {"uv": [9, 1.25, 9.5625, 1.375], "texture": "#0"},
				"up": {"uv": [8.8125, 10.8125, 8.75, 10.25], "texture": "#0"},
				"down": {"uv": [9.0625, 10.25, 9, 10.8125], "texture": "#0"}
			}
		},
		{
			"name": "hexadecagon",
			"from": [6.41, 1.78613, 8.6248],
			"to": [6.73, 2.21387, 10.7752],
			"rotation": {"angle": -22.5, "axis": "x", "origin": [8.266, 2, 9.7]},
			"faces": {
				"north": {"uv": [11.25, 7, 11.3125, 7.125], "texture": "#0"},
				"east": {"uv": [9, 0.5, 9.5625, 0.625], "texture": "#0"},
				"south": {"uv": [7.25, 11.25, 7.3125, 11.375], "texture": "#0"},
				"west": {"uv": [9, 0.75, 9.5625, 0.875], "texture": "#0"},
				"up": {"uv": [7.8125, 10.8125, 7.75, 10.25], "texture": "#0"},
				"down": {"uv": [8.0625, 10.25, 8, 10.8125], "texture": "#0"}
			}
		},
		{
			"name": "hexadecagon",
			"from": [6.41, 1.78613, 8.6248],
			"to": [6.73, 2.21387, 10.7752],
			"rotation": {"angle": 0, "axis": "x", "origin": [8.266, 2, 9.7]},
			"faces": {
				"north": {"uv": [11.25, 6.75, 11.3125, 6.875], "texture": "#0"},
				"east": {"uv": [9, 0, 9.5625, 0.125], "texture": "#0"},
				"south": {"uv": [7, 11.25, 7.0625, 11.375], "texture": "#0"},
				"west": {"uv": [9, 0.25, 9.5625, 0.375], "texture": "#0"},
				"up": {"uv": [10.3125, 6.5625, 10.25, 6], "texture": "#0"},
				"down": {"uv": [6.5625, 10.25, 6.5, 10.8125], "texture": "#0"}
			}
		},
		{
			"name": "hexadecagon",
			"from": [6.41, 1.78613, 8.6248],
			"to": [6.73, 2.21387, 10.7752],
			"rotation": {"angle": 22.5, "axis": "x", "origin": [8.266, 2, 9.7]},
			"faces": {
				"north": {"uv": [11.25, 6.5, 11.3125, 6.625], "texture": "#0"},
				"east": {"uv": [8.75, 8.5, 9.3125, 8.625], "texture": "#0"},
				"south": {"uv": [6.75, 11.25, 6.8125, 11.375], "texture": "#0"},
				"west": {"uv": [8.75, 8.75, 9.3125, 8.875], "texture": "#0"},
				"up": {"uv": [10.3125, 5.0625, 10.25, 4.5], "texture": "#0"},
				"down": {"uv": [10.3125, 5.25, 10.25, 5.8125], "texture": "#0"}
			}
		},
		{
			"name": "hexadecagon",
			"from": [6.41, 1.78613, 8.6248],
			"to": [6.73, 2.21387, 10.7752],
			"rotation": {"angle": 45, "axis": "x", "origin": [8.266, 2, 9.7]},
			"faces": {
				"north": {"uv": [11.25, 6.25, 11.3125, 6.375], "texture": "#0"},
				"east": {"uv": [8.75, 8, 9.3125, 8.125], "texture": "#0"},
				"south": {"uv": [6.5, 11.25, 6.5625, 11.375], "texture": "#0"},
				"west": {"uv": [8.75, 8.25, 9.3125, 8.375], "texture": "#0"},
				"up": {"uv": [10.3125, 3.5625, 10.25, 3], "texture": "#0"},
				"down": {"uv": [10.3125, 3.75, 10.25, 4.3125], "texture": "#0"}
			}
		},
		{
			"name": "hexadecagon",
			"from": [6.41, 0.9248, 9.48613],
			"to": [6.73, 3.0752, 9.91387],
			"rotation": {"angle": -22.5, "axis": "x", "origin": [8.266, 2, 9.7]},
			"faces": {
				"north": {"uv": [2, 10.25, 2.0625, 10.8125], "texture": "#0"},
				"east": {"uv": [8.75, 6, 8.875, 6.5625], "texture": "#0"},
				"south": {"uv": [10.25, 2.25, 10.3125, 2.8125], "texture": "#0"},
				"west": {"uv": [8.75, 7.25, 8.875, 7.8125], "texture": "#0"},
				"up": {"uv": [11.3125, 6.125, 11.25, 6], "texture": "#0"},
				"down": {"uv": [6.3125, 11.25, 6.25, 11.375], "texture": "#0"}
			}
		},
		{
			"name": "hexadecagon",
			"from": [6.41, 0.9248, 9.48613],
			"to": [6.73, 3.0752, 9.91387],
			"rotation": {"angle": 0, "axis": "x", "origin": [8.266, 2, 9.7]},
			"faces": {
				"north": {"uv": [10.25, 1.5, 10.3125, 2.0625], "texture": "#0"},
				"east": {"uv": [8.75, 4.5, 8.875, 5.0625], "texture": "#0"},
				"south": {"uv": [1.75, 10.25, 1.8125, 10.8125], "texture": "#0"},
				"west": {"uv": [8.75, 5.25, 8.875, 5.8125], "texture": "#0"},
				"up": {"uv": [11.3125, 5.875, 11.25, 5.75], "texture": "#0"},
				"down": {"uv": [6.0625, 11.25, 6, 11.375], "texture": "#0"}
			}
		},
		{
			"name": "hexadecagon",
			"from": [6.41, 0.9248, 9.48613],
			"to": [6.73, 3.0752, 9.91387],
			"rotation": {"angle": 22.5, "axis": "x", "origin": [8.266, 2, 9.7]},
			"faces": {
				"north": {"uv": [9.5, 10, 9.5625, 10.5625], "texture": "#0"},
				"east": {"uv": [3, 8.75, 3.125, 9.3125], "texture": "#0"},
				"south": {"uv": [1.5, 10.25, 1.5625, 10.8125], "texture": "#0"},
				"west": {"uv": [3.25, 8.75, 3.375, 9.3125], "texture": "#0"},
				"up": {"uv": [11.3125, 5.625, 11.25, 5.5], "texture": "#0"},
				"down": {"uv": [5.8125, 11.25, 5.75, 11.375], "texture": "#0"}
			}
		},
		{
			"name": "hexadecagon",
			"from": [9.27, 1.78613, 8.6248],
			"to": [9.59, 2.21387, 10.7752],
			"rotation": {"angle": -45, "axis": "x", "origin": [7.734, 2, 9.7]},
			"faces": {
				"north": {"uv": [11.25, 9.25, 11.3125, 9.375], "texture": "#0"},
				"east": {"uv": [9.25, 1.75, 9.8125, 1.875], "texture": "#0"},
				"south": {"uv": [9.5, 11.25, 9.5625, 11.375], "texture": "#0"},
				"west": {"uv": [9.25, 2, 9.8125, 2.125], "texture": "#0"},
				"up": {"uv": [10.5625, 6.5625, 10.5, 6], "texture": "#0"},
				"down": {"uv": [6.3125, 10.5, 6.25, 11.0625], "texture": "#0"}
			}
		},
		{
			"name": "hexadecagon",
			"from": [9.27, 1.78613, 8.6248],
			"to": [9.59, 2.21387, 10.7752],
			"rotation": {"angle": -22.5, "axis": "x", "origin": [7.734, 2, 9.7]},
			"faces": {
				"north": {"uv": [11.25, 9, 11.3125, 9.125], "texture": "#0"},
				"east": {"uv": [8.75, 9, 9.3125, 9.125], "texture": "#0"},
				"south": {"uv": [9.25, 11.25, 9.3125, 11.375], "texture": "#0"},
				"west": {"uv": [9.25, 1.5, 9.8125, 1.625], "texture": "#0"},
				"up": {"uv": [5.8125, 11.0625, 5.75, 10.5], "texture": "#0"},
				"down": {"uv": [6.0625, 10.5, 6, 11.0625], "texture": "#0"}
			}
		},
		{
			"name": "hexadecagon",
			"from": [9.27, 1.78613, 8.6248],
			"to": [9.59, 2.21387, 10.7752],
			"rotation": {"angle": 0, "axis": "x", "origin": [7.734, 2, 9.7]},
			"faces": {
				"north": {"uv": [11.25, 8.75, 11.3125, 8.875], "texture": "#0"},
				"east": {"uv": [9, 7.5, 9.5625, 7.625], "texture": "#0"},
				"south": {"uv": [9, 11.25, 9.0625, 11.375], "texture": "#0"},
				"west": {"uv": [9, 7.75, 9.5625, 7.875], "texture": "#0"},
				"up": {"uv": [5.3125, 11.0625, 5.25, 10.5], "texture": "#0"},
				"down": {"uv": [10.5625, 5.25, 10.5, 5.8125], "texture": "#0"}
			}
		},
		{
			"name": "hexadecagon",
			"from": [9.27, 1.78613, 8.6248],
			"to": [9.59, 2.21387, 10.7752],
			"rotation": {"angle": 22.5, "axis": "x", "origin": [7.734, 2, 9.7]},
			"faces": {
				"north": {"uv": [11.25, 8.5, 11.3125, 8.625], "texture": "#0"},
				"east": {"uv": [9, 6.5, 9.5625, 6.625], "texture": "#0"},
				"south": {"uv": [8.75, 11.25, 8.8125, 11.375], "texture": "#0"},
				"west": {"uv": [9, 7.25, 9.5625, 7.375], "texture": "#0"},
				"up": {"uv": [10.5625, 4.3125, 10.5, 3.75], "texture": "#0"},
				"down": {"uv": [10.5625, 4.5, 10.5, 5.0625], "texture": "#0"}
			}
		},
		{
			"name": "hexadecagon",
			"from": [5.97, 1.78613, 9.45],
			"to": [7.29, 2.21387, 9.95],
			"rotation": {"angle": 22.5, "axis": "x", "origin": [7.734, 2, 9.7]},
			"faces": {
				"north": {"uv": [9.25, 5.75, 9.5625, 5.875], "texture": "#0"},
				"east": {"uv": [11, 6, 11.125, 6.125], "texture": "#0"},
				"south": {"uv": [7.75, 10, 8.0625, 10.125], "texture": "#0"},
				"west": {"uv": [11, 6.25, 11.125, 6.375], "texture": "#0"},
				"up": {"uv": [10.5625, 1.125, 10.25, 1], "texture": "#0"},
				"down": {"uv": [10.5625, 1.25, 10.25, 1.375], "texture": "#0"}
			}
		},
		{
			"name": "hexadecagon",
			"from": [4.77, 2.78613, 9.45],
			"to": [5.49, 3.21387, 9.95],
			"rotation": {"angle": 22.5, "axis": "x", "origin": [7.734, 2, 9.7]},
			"faces": {
				"north": {"uv": [10.75, 4.25, 10.9375, 4.375], "texture": "#0"},
				"east": {"uv": [11, 6.75, 11.125, 6.875], "texture": "#0"},
				"south": {"uv": [4.5, 10.75, 4.6875, 10.875], "texture": "#0"},
				"west": {"uv": [11, 7, 11.125, 7.125], "texture": "#0"},
				"up": {"uv": [10.9375, 4.625, 10.75, 4.5], "texture": "#0"},
				"down": {"uv": [4.9375, 10.75, 4.75, 10.875], "texture": "#0"}
			}
		},
		{
			"name": "hexadecagon",
			"from": [5.47, 1.78613, 9.45],
			"to": [5.97, 3.21387, 9.95],
			"rotation": {"angle": 22.5, "axis": "x", "origin": [7.734, 2, 9.7]},
			"faces": {
				"north": {"uv": [9.25, 5.25, 9.375, 5.625], "texture": "#0"},
				"east": {"uv": [9.5, 5.25, 9.625, 5.625], "texture": "#0"},
				"south": {"uv": [9.75, 1, 9.875, 1.375], "texture": "#0"},
				"west": {"uv": [9.75, 6.25, 9.875, 6.625], "texture": "#0"},
				"up": {"uv": [6.625, 11.125, 6.5, 11], "texture": "#0"},
				"down": {"uv": [11.125, 6.5, 11, 6.625], "texture": "#0"}
			}
		},
		{
			"name": "hexadecagon",
			"from": [9.27, 1.78613, 8.6248],
			"to": [9.59, 2.21387, 10.7752],
			"rotation": {"angle": 45, "axis": "x", "origin": [7.734, 2, 9.7]},
			"faces": {
				"north": {"uv": [11.25, 8.25, 11.3125, 8.375], "texture": "#0"},
				"east": {"uv": [9, 6, 9.5625, 6.125], "texture": "#0"},
				"south": {"uv": [8.5, 11.25, 8.5625, 11.375], "texture": "#0"},
				"west": {"uv": [9, 6.25, 9.5625, 6.375], "texture": "#0"},
				"up": {"uv": [10.5625, 3.5625, 10.5, 3], "texture": "#0"},
				"down": {"uv": [3.3125, 10.5, 3.25, 11.0625], "texture": "#0"}
			}
		},
		{
			"name": "hexadecagon",
			"from": [9.27, 0.9248, 9.48613],
			"to": [9.59, 3.0752, 9.91387],
			"rotation": {"angle": -22.5, "axis": "x", "origin": [7.734, 2, 9.7]},
			"faces": {
				"north": {"uv": [10.5, 2.25, 10.5625, 2.8125], "texture": "#0"},
				"east": {"uv": [9, 4.5, 9.125, 5.0625], "texture": "#0"},
				"south": {"uv": [3, 10.5, 3.0625, 11.0625], "texture": "#0"},
				"west": {"uv": [9, 5.25, 9.125, 5.8125], "texture": "#0"},
				"up": {"uv": [11.3125, 8.125, 11.25, 8], "texture": "#0"},
				"down": {"uv": [8.3125, 11.25, 8.25, 11.375], "texture": "#0"}
			}
		},
		{
			"name": "hexadecagon",
			"from": [9.27, 0.9248, 9.48613],
			"to": [9.59, 3.0752, 9.91387],
			"rotation": {"angle": 0, "axis": "x", "origin": [7.734, 2, 9.7]},
			"faces": {
				"north": {"uv": [10.25, 10.25, 10.3125, 10.8125], "texture": "#0"},
				"east": {"uv": [9, 3, 9.125, 3.5625], "texture": "#0"},
				"south": {"uv": [10.5, 1.5, 10.5625, 2.0625], "texture": "#0"},
				"west": {"uv": [9, 3.75, 9.125, 4.3125], "texture": "#0"},
				"up": {"uv": [11.3125, 7.875, 11.25, 7.75], "texture": "#0"},
				"down": {"uv": [8.0625, 11.25, 8, 11.375], "texture": "#0"}
			}
		},
		{
			"name": "hexadecagon",
			"from": [9.27, 0.9248, 9.48613],
			"to": [9.59, 3.0752, 9.91387],
			"rotation": {"angle": 22.5, "axis": "x", "origin": [7.734, 2, 9.7]},
			"faces": {
				"north": {"uv": [9.25, 10.25, 9.3125, 10.8125], "texture": "#0"},
				"east": {"uv": [9, 1.5, 9.125, 2.0625], "texture": "#0"},
				"south": {"uv": [10, 10.25, 10.0625, 10.8125], "texture": "#0"},
				"west": {"uv": [9, 2.25, 9.125, 2.8125], "texture": "#0"},
				"up": {"uv": [11.3125, 7.625, 11.25, 7.5], "texture": "#0"},
				"down": {"uv": [7.8125, 11.25, 7.75, 11.375], "texture": "#0"}
			}
		},
		{
			"name": "hexadecagon",
			"from": [7.8901, 8.2, 8.5475],
			"to": [8.1099, 8.6, 8.6138],
			"rotation": {"angle": -45, "axis": "y", "origin": [8, 8.4, 9.1]},
			"faces": {
				"north": {"uv": [0.25, 11.5, 0.3125, 11.625], "texture": "#0"},
				"east": {"uv": [11.5, 0.25, 11.5625, 0.375], "texture": "#0"},
				"south": {"uv": [0.5, 11.5, 0.5625, 11.625], "texture": "#0"},
				"west": {"uv": [11.5, 0.5, 11.5625, 0.625], "texture": "#0"},
				"up": {"uv": [0.8125, 12.0625, 0.75, 12], "texture": "#0"},
				"down": {"uv": [12.0625, 0.75, 12, 0.8125], "texture": "#0"}
			}
		},
		{
			"name": "hexadecagon",
			"from": [7.8901, 8.2, 8.5475],
			"to": [8.1099, 8.6, 8.6138],
			"rotation": {"angle": -22.5, "axis": "y", "origin": [8, 8.4, 9.1]},
			"faces": {
				"north": {"uv": [0.75, 11.5, 0.8125, 11.625], "texture": "#0"},
				"east": {"uv": [11.5, 0.75, 11.5625, 0.875], "texture": "#0"},
				"south": {"uv": [1, 11.5, 1.0625, 11.625], "texture": "#0"},
				"west": {"uv": [11.5, 1, 11.5625, 1.125], "texture": "#0"},
				"up": {"uv": [1.0625, 12.0625, 1, 12], "texture": "#0"},
				"down": {"uv": [12.0625, 1, 12, 1.0625], "texture": "#0"}
			}
		},
		{
			"name": "hexadecagon",
			"from": [7.8901, 8.2, 8.1475],
			"to": [8.1099, 8.6, 8.6138],
			"rotation": {"angle": 0, "axis": "y", "origin": [8, 8.4, 9.1]},
			"faces": {
				"north": {"uv": [1.25, 11.5, 1.3125, 11.625], "texture": "#0"},
				"east": {"uv": [11, 11, 11.125, 11.125], "texture": "#0"},
				"south": {"uv": [11.5, 1.25, 11.5625, 1.375], "texture": "#0"},
				"west": {"uv": [11.25, 0, 11.375, 0.125], "texture": "#0"},
				"up": {"uv": [1.5625, 11.625, 1.5, 11.5], "texture": "#0"},
				"down": {"uv": [11.5625, 1.5, 11.5, 1.625], "texture": "#0"}
			}
		},
		{
			"name": "hexadecagon",
			"from": [7.8901, 8.2, 8.5475],
			"to": [8.1099, 8.6, 8.6138],
			"rotation": {"angle": 22.5, "axis": "y", "origin": [8, 8.4, 9.1]},
			"faces": {
				"north": {"uv": [1.75, 11.5, 1.8125, 11.625], "texture": "#0"},
				"east": {"uv": [11.5, 1.75, 11.5625, 1.875], "texture": "#0"},
				"south": {"uv": [2, 11.5, 2.0625, 11.625], "texture": "#0"},
				"west": {"uv": [11.5, 2, 11.5625, 2.125], "texture": "#0"},
				"up": {"uv": [1.3125, 12.0625, 1.25, 12], "texture": "#0"},
				"down": {"uv": [12.0625, 1.25, 12, 1.3125], "texture": "#0"}
			}
		},
		{
			"name": "hexadecagon",
			"from": [7.8901, 8.2, 8.5475],
			"to": [8.1099, 8.6, 8.6138],
			"rotation": {"angle": 45, "axis": "y", "origin": [8, 8.4, 9.1]},
			"faces": {
				"north": {"uv": [2.25, 11.5, 2.3125, 11.625], "texture": "#0"},
				"east": {"uv": [11.5, 2.25, 11.5625, 2.375], "texture": "#0"},
				"south": {"uv": [2.5, 11.5, 2.5625, 11.625], "texture": "#0"},
				"west": {"uv": [11.5, 2.5, 11.5625, 2.625], "texture": "#0"},
				"up": {"uv": [1.5625, 12.0625, 1.5, 12], "texture": "#0"},
				"down": {"uv": [12.0625, 1.5, 12, 1.5625], "texture": "#0"}
			}
		},
		{
			"name": "hexadecagon",
			"from": [7.8901, 8.2, 9.5862],
			"to": [8.1099, 8.6, 9.6525],
			"rotation": {"angle": -45, "axis": "y", "origin": [8, 8.4, 9.1]},
			"faces": {
				"north": {"uv": [2.75, 11.5, 2.8125, 11.625], "texture": "#0"},
				"east": {"uv": [11.5, 2.75, 11.5625, 2.875], "texture": "#0"},
				"south": {"uv": [3, 11.5, 3.0625, 11.625], "texture": "#0"},
				"west": {"uv": [11.5, 3, 11.5625, 3.125], "texture": "#0"},
				"up": {"uv": [1.8125, 12.0625, 1.75, 12], "texture": "#0"},
				"down": {"uv": [12.0625, 1.75, 12, 1.8125], "texture": "#0"}
			}
		},
		{
			"name": "hexadecagon",
			"from": [7.8901, 8.2, 9.5862],
			"to": [8.1099, 8.6, 9.6525],
			"rotation": {"angle": -22.5, "axis": "y", "origin": [8, 8.4, 9.1]},
			"faces": {
				"north": {"uv": [3.25, 11.5, 3.3125, 11.625], "texture": "#0"},
				"east": {"uv": [11.5, 3.25, 11.5625, 3.375], "texture": "#0"},
				"south": {"uv": [3.5, 11.5, 3.5625, 11.625], "texture": "#0"},
				"west": {"uv": [11.5, 3.5, 11.5625, 3.625], "texture": "#0"},
				"up": {"uv": [2.0625, 12.0625, 2, 12], "texture": "#0"},
				"down": {"uv": [12.0625, 2, 12, 2.0625], "texture": "#0"}
			}
		},
		{
			"name": "hexadecagon",
			"from": [7.8901, 8.2, 9.5862],
			"to": [8.1099, 8.6, 9.6525],
			"rotation": {"angle": 0, "axis": "y", "origin": [8, 8.4, 9.1]},
			"faces": {
				"north": {"uv": [3.75, 11.5, 3.8125, 11.625], "texture": "#0"},
				"east": {"uv": [11.5, 3.75, 11.5625, 3.875], "texture": "#0"},
				"south": {"uv": [4, 11.5, 4.0625, 11.625], "texture": "#0"},
				"west": {"uv": [11.5, 4, 11.5625, 4.125], "texture": "#0"},
				"up": {"uv": [2.3125, 12.0625, 2.25, 12], "texture": "#0"},
				"down": {"uv": [12.0625, 2.25, 12, 2.3125], "texture": "#0"}
			}
		},
		{
			"name": "hexadecagon",
			"from": [7.8901, 8.2, 9.5862],
			"to": [8.1099, 8.6, 9.6525],
			"rotation": {"angle": 22.5, "axis": "y", "origin": [8, 8.4, 9.1]},
			"faces": {
				"north": {"uv": [4.25, 11.5, 4.3125, 11.625], "texture": "#0"},
				"east": {"uv": [11.5, 4.25, 11.5625, 4.375], "texture": "#0"},
				"south": {"uv": [4.5, 11.5, 4.5625, 11.625], "texture": "#0"},
				"west": {"uv": [11.5, 4.5, 11.5625, 4.625], "texture": "#0"},
				"up": {"uv": [2.5625, 12.0625, 2.5, 12], "texture": "#0"},
				"down": {"uv": [12.0625, 2.5, 12, 2.5625], "texture": "#0"}
			}
		},
		{
			"name": "hexadecagon",
			"from": [7.8901, 8.2, 9.5862],
			"to": [8.1099, 8.6, 9.6525],
			"rotation": {"angle": 45, "axis": "y", "origin": [8, 8.4, 9.1]},
			"faces": {
				"north": {"uv": [4.75, 11.5, 4.8125, 11.625], "texture": "#0"},
				"east": {"uv": [11.5, 4.75, 11.5625, 4.875], "texture": "#0"},
				"south": {"uv": [5, 11.5, 5.0625, 11.625], "texture": "#0"},
				"west": {"uv": [11.5, 5, 11.5625, 5.125], "texture": "#0"},
				"up": {"uv": [2.8125, 12.0625, 2.75, 12], "texture": "#0"},
				"down": {"uv": [12.0625, 2.75, 12, 2.8125], "texture": "#0"}
			}
		},
		{
			"name": "hexadecagon",
			"from": [7.4475, 8.2, 8.9901],
			"to": [7.5138, 8.6, 9.2099],
			"rotation": {"angle": -22.5, "axis": "y", "origin": [8, 8.4, 9.1]},
			"faces": {
				"north": {"uv": [5.25, 11.5, 5.3125, 11.625], "texture": "#0"},
				"east": {"uv": [11.5, 5.25, 11.5625, 5.375], "texture": "#0"},
				"south": {"uv": [5.5, 11.5, 5.5625, 11.625], "texture": "#0"},
				"west": {"uv": [11.5, 5.5, 11.5625, 5.625], "texture": "#0"},
				"up": {"uv": [3.0625, 12.0625, 3, 12], "texture": "#0"},
				"down": {"uv": [12.0625, 3, 12, 3.0625], "texture": "#0"}
			}
		},
		{
			"name": "hexadecagon",
			"from": [7.4475, 8.2, 8.9901],
			"to": [7.5138, 8.6, 9.2099],
			"rotation": {"angle": 0, "axis": "y", "origin": [8, 8.4, 9.1]},
			"faces": {
				"north": {"uv": [5.75, 11.5, 5.8125, 11.625], "texture": "#0"},
				"east": {"uv": [11.5, 5.75, 11.5625, 5.875], "texture": "#0"},
				"south": {"uv": [6, 11.5, 6.0625, 11.625], "texture": "#0"},
				"west": {"uv": [11.5, 6, 11.5625, 6.125], "texture": "#0"},
				"up": {"uv": [3.3125, 12.0625, 3.25, 12], "texture": "#0"},
				"down": {"uv": [12.0625, 3.25, 12, 3.3125], "texture": "#0"}
			}
		},
		{
			"name": "hexadecagon",
			"from": [7.4475, 8.2, 8.9901],
			"to": [7.5138, 8.6, 9.2099],
			"rotation": {"angle": 22.5, "axis": "y", "origin": [8, 8.4, 9.1]},
			"faces": {
				"north": {"uv": [6.25, 11.5, 6.3125, 11.625], "texture": "#0"},
				"east": {"uv": [11.5, 6.25, 11.5625, 6.375], "texture": "#0"},
				"south": {"uv": [6.5, 11.5, 6.5625, 11.625], "texture": "#0"},
				"west": {"uv": [11.5, 6.5, 11.5625, 6.625], "texture": "#0"},
				"up": {"uv": [3.5625, 12.0625, 3.5, 12], "texture": "#0"},
				"down": {"uv": [12.0625, 3.5, 12, 3.5625], "texture": "#0"}
			}
		},
		{
			"name": "hexadecagon",
			"from": [8.4862, 8.2, 8.9901],
			"to": [8.5525, 8.6, 9.2099],
			"rotation": {"angle": -22.5, "axis": "y", "origin": [8, 8.4, 9.1]},
			"faces": {
				"north": {"uv": [6.75, 11.5, 6.8125, 11.625], "texture": "#0"},
				"east": {"uv": [11.5, 6.75, 11.5625, 6.875], "texture": "#0"},
				"south": {"uv": [7, 11.5, 7.0625, 11.625], "texture": "#0"},
				"west": {"uv": [11.5, 7, 11.5625, 7.125], "texture": "#0"},
				"up": {"uv": [3.8125, 12.0625, 3.75, 12], "texture": "#0"},
				"down": {"uv": [12.0625, 3.75, 12, 3.8125], "texture": "#0"}
			}
		},
		{
			"name": "hexadecagon",
			"from": [8.4862, 8.2, 8.9901],
			"to": [8.5525, 8.6, 9.2099],
			"rotation": {"angle": 0, "axis": "y", "origin": [8, 8.4, 9.1]},
			"faces": {
				"north": {"uv": [7.25, 11.5, 7.3125, 11.625], "texture": "#0"},
				"east": {"uv": [11.5, 7.25, 11.5625, 7.375], "texture": "#0"},
				"south": {"uv": [7.5, 11.5, 7.5625, 11.625], "texture": "#0"},
				"west": {"uv": [11.5, 7.5, 11.5625, 7.625], "texture": "#0"},
				"up": {"uv": [4.0625, 12.0625, 4, 12], "texture": "#0"},
				"down": {"uv": [12.0625, 4, 12, 4.0625], "texture": "#0"}
			}
		},
		{
			"name": "hexadecagon",
			"from": [8.4862, 8.2, 8.9901],
			"to": [8.5525, 8.6, 9.2099],
			"rotation": {"angle": 22.5, "axis": "y", "origin": [8, 8.4, 9.1]},
			"faces": {
				"north": {"uv": [7.75, 11.5, 7.8125, 11.625], "texture": "#0"},
				"east": {"uv": [11.5, 7.75, 11.5625, 7.875], "texture": "#0"},
				"south": {"uv": [8, 11.5, 8.0625, 11.625], "texture": "#0"},
				"west": {"uv": [11.5, 8, 11.5625, 8.125], "texture": "#0"},
				"up": {"uv": [4.3125, 12.0625, 4.25, 12], "texture": "#0"},
				"down": {"uv": [12.0625, 4.25, 12, 4.3125], "texture": "#0"}
			}
		},
		{
			"name": "hexadecagon",
			"from": [7.8901, 19.2, 8.4475],
			"to": [8.1099, 19.6, 8.5138],
			"rotation": {"angle": -45, "axis": "y", "origin": [8, 19.4, 9]},
			"faces": {
				"north": {"uv": [11.75, 4, 11.8125, 4.125], "texture": "#0"},
				"east": {"uv": [4.25, 11.75, 4.3125, 11.875], "texture": "#0"},
				"south": {"uv": [11.75, 4.25, 11.8125, 4.375], "texture": "#0"},
				"west": {"uv": [4.5, 11.75, 4.5625, 11.875], "texture": "#0"},
				"up": {"uv": [8.0625, 12.0625, 8, 12], "texture": "#0"},
				"down": {"uv": [12.0625, 8, 12, 8.0625], "texture": "#0"}
			}
		},
		{
			"name": "hexadecagon",
			"from": [7.8901, 19.2, 8.4475],
			"to": [8.1099, 19.6, 8.5138],
			"rotation": {"angle": -22.5, "axis": "y", "origin": [8, 19.4, 9]},
			"faces": {
				"north": {"uv": [11.75, 3.5, 11.8125, 3.625], "texture": "#0"},
				"east": {"uv": [3.75, 11.75, 3.8125, 11.875], "texture": "#0"},
				"south": {"uv": [11.75, 3.75, 11.8125, 3.875], "texture": "#0"},
				"west": {"uv": [4, 11.75, 4.0625, 11.875], "texture": "#0"},
				"up": {"uv": [7.8125, 12.0625, 7.75, 12], "texture": "#0"},
				"down": {"uv": [12.0625, 7.75, 12, 7.8125], "texture": "#0"}
			}
		},
		{
			"name": "hexadecagon",
			"from": [7.8901, 19.2, 8.0475],
			"to": [8.1099, 19.6, 8.5138],
			"rotation": {"angle": 0, "axis": "y", "origin": [8, 19.4, 9]},
			"faces": {
				"north": {"uv": [11.75, 3, 11.8125, 3.125], "texture": "#0"},
				"east": {"uv": [11.25, 0.25, 11.375, 0.375], "texture": "#0"},
				"south": {"uv": [3.25, 11.75, 3.3125, 11.875], "texture": "#0"},
				"west": {"uv": [11.25, 0.5, 11.375, 0.625], "texture": "#0"},
				"up": {"uv": [11.8125, 3.375, 11.75, 3.25], "texture": "#0"},
				"down": {"uv": [3.5625, 11.75, 3.5, 11.875], "texture": "#0"}
			}
		},
		{
			"name": "hexadecagon",
			"from": [7.8901, 19.2, 8.4475],
			"to": [8.1099, 19.6, 8.5138],
			"rotation": {"angle": 22.5, "axis": "y", "origin": [8, 19.4, 9]},
			"faces": {
				"north": {"uv": [11.75, 2.5, 11.8125, 2.625], "texture": "#0"},
				"east": {"uv": [2.75, 11.75, 2.8125, 11.875], "texture": "#0"},
				"south": {"uv": [11.75, 2.75, 11.8125, 2.875], "texture": "#0"},
				"west": {"uv": [3, 11.75, 3.0625, 11.875], "texture": "#0"},
				"up": {"uv": [7.5625, 12.0625, 7.5, 12], "texture": "#0"},
				"down": {"uv": [12.0625, 7.5, 12, 7.5625], "texture": "#0"}
			}
		},
		{
			"name": "hexadecagon",
			"from": [7.8901, 19.2, 8.4475],
			"to": [8.1099, 19.6, 8.5138],
			"rotation": {"angle": 45, "axis": "y", "origin": [8, 19.4, 9]},
			"faces": {
				"north": {"uv": [11.75, 2, 11.8125, 2.125], "texture": "#0"},
				"east": {"uv": [2.25, 11.75, 2.3125, 11.875], "texture": "#0"},
				"south": {"uv": [11.75, 2.25, 11.8125, 2.375], "texture": "#0"},
				"west": {"uv": [2.5, 11.75, 2.5625, 11.875], "texture": "#0"},
				"up": {"uv": [7.3125, 12.0625, 7.25, 12], "texture": "#0"},
				"down": {"uv": [12.0625, 7.25, 12, 7.3125], "texture": "#0"}
			}
		},
		{
			"name": "hexadecagon",
			"from": [7.8901, 19.2, 9.4862],
			"to": [8.1099, 19.6, 9.5525],
			"rotation": {"angle": -45, "axis": "y", "origin": [8, 19.4, 9]},
			"faces": {
				"north": {"uv": [11.75, 1.5, 11.8125, 1.625], "texture": "#0"},
				"east": {"uv": [1.75, 11.75, 1.8125, 11.875], "texture": "#0"},
				"south": {"uv": [11.75, 1.75, 11.8125, 1.875], "texture": "#0"},
				"west": {"uv": [2, 11.75, 2.0625, 11.875], "texture": "#0"},
				"up": {"uv": [7.0625, 12.0625, 7, 12], "texture": "#0"},
				"down": {"uv": [12.0625, 7, 12, 7.0625], "texture": "#0"}
			}
		},
		{
			"name": "hexadecagon",
			"from": [7.8901, 19.2, 9.4862],
			"to": [8.1099, 19.6, 9.5525],
			"rotation": {"angle": -22.5, "axis": "y", "origin": [8, 19.4, 9]},
			"faces": {
				"north": {"uv": [11.75, 1, 11.8125, 1.125], "texture": "#0"},
				"east": {"uv": [1.25, 11.75, 1.3125, 11.875], "texture": "#0"},
				"south": {"uv": [11.75, 1.25, 11.8125, 1.375], "texture": "#0"},
				"west": {"uv": [1.5, 11.75, 1.5625, 11.875], "texture": "#0"},
				"up": {"uv": [6.8125, 12.0625, 6.75, 12], "texture": "#0"},
				"down": {"uv": [12.0625, 6.75, 12, 6.8125], "texture": "#0"}
			}
		},
		{
			"name": "hexadecagon",
			"from": [7.8901, 19.2, 9.4862],
			"to": [8.1099, 19.6, 9.5525],
			"rotation": {"angle": 0, "axis": "y", "origin": [8, 19.4, 9]},
			"faces": {
				"north": {"uv": [11.75, 0.5, 11.8125, 0.625], "texture": "#0"},
				"east": {"uv": [0.75, 11.75, 0.8125, 11.875], "texture": "#0"},
				"south": {"uv": [11.75, 0.75, 11.8125, 0.875], "texture": "#0"},
				"west": {"uv": [1, 11.75, 1.0625, 11.875], "texture": "#0"},
				"up": {"uv": [6.5625, 12.0625, 6.5, 12], "texture": "#0"},
				"down": {"uv": [12.0625, 6.5, 12, 6.5625], "texture": "#0"}
			}
		},
		{
			"name": "hexadecagon",
			"from": [7.8901, 19.2, 9.4862],
			"to": [8.1099, 19.6, 9.5525],
			"rotation": {"angle": 22.5, "axis": "y", "origin": [8, 19.4, 9]},
			"faces": {
				"north": {"uv": [11.75, 0, 11.8125, 0.125], "texture": "#0"},
				"east": {"uv": [0.25, 11.75, 0.3125, 11.875], "texture": "#0"},
				"south": {"uv": [11.75, 0.25, 11.8125, 0.375], "texture": "#0"},
				"west": {"uv": [0.5, 11.75, 0.5625, 11.875], "texture": "#0"},
				"up": {"uv": [6.3125, 12.0625, 6.25, 12], "texture": "#0"},
				"down": {"uv": [12.0625, 6.25, 12, 6.3125], "texture": "#0"}
			}
		},
		{
			"name": "hexadecagon",
			"from": [7.8901, 19.2, 9.4862],
			"to": [8.1099, 19.6, 9.5525],
			"rotation": {"angle": 45, "axis": "y", "origin": [8, 19.4, 9]},
			"faces": {
				"north": {"uv": [11.25, 11.5, 11.3125, 11.625], "texture": "#0"},
				"east": {"uv": [11.5, 11.25, 11.5625, 11.375], "texture": "#0"},
				"south": {"uv": [11.5, 11.5, 11.5625, 11.625], "texture": "#0"},
				"west": {"uv": [0, 11.75, 0.0625, 11.875], "texture": "#0"},
				"up": {"uv": [6.0625, 12.0625, 6, 12], "texture": "#0"},
				"down": {"uv": [12.0625, 6, 12, 6.0625], "texture": "#0"}
			}
		},
		{
			"name": "hexadecagon",
			"from": [7.4475, 19.2, 8.8901],
			"to": [7.5138, 19.6, 9.1099],
			"rotation": {"angle": -22.5, "axis": "y", "origin": [8, 19.4, 9]},
			"faces": {
				"north": {"uv": [10.75, 11.5, 10.8125, 11.625], "texture": "#0"},
				"east": {"uv": [11.5, 10.75, 11.5625, 10.875], "texture": "#0"},
				"south": {"uv": [11, 11.5, 11.0625, 11.625], "texture": "#0"},
				"west": {"uv": [11.5, 11, 11.5625, 11.125], "texture": "#0"},
				"up": {"uv": [5.8125, 12.0625, 5.75, 12], "texture": "#0"},
				"down": {"uv": [12.0625, 5.75, 12, 5.8125], "texture": "#0"}
			}
		},
		{
			"name": "hexadecagon",
			"from": [7.4475, 19.2, 8.8901],
			"to": [7.5138, 19.6, 9.1099],
			"rotation": {"angle": 0, "axis": "y", "origin": [8, 19.4, 9]},
			"faces": {
				"north": {"uv": [10.25, 11.5, 10.3125, 11.625], "texture": "#0"},
				"east": {"uv": [11.5, 10.25, 11.5625, 10.375], "texture": "#0"},
				"south": {"uv": [10.5, 11.5, 10.5625, 11.625], "texture": "#0"},
				"west": {"uv": [11.5, 10.5, 11.5625, 10.625], "texture": "#0"},
				"up": {"uv": [5.5625, 12.0625, 5.5, 12], "texture": "#0"},
				"down": {"uv": [12.0625, 5.5, 12, 5.5625], "texture": "#0"}
			}
		},
		{
			"name": "hexadecagon",
			"from": [7.4475, 19.2, 8.8901],
			"to": [7.5138, 19.6, 9.1099],
			"rotation": {"angle": 22.5, "axis": "y", "origin": [8, 19.4, 9]},
			"faces": {
				"north": {"uv": [9.75, 11.5, 9.8125, 11.625], "texture": "#0"},
				"east": {"uv": [11.5, 9.75, 11.5625, 9.875], "texture": "#0"},
				"south": {"uv": [10, 11.5, 10.0625, 11.625], "texture": "#0"},
				"west": {"uv": [11.5, 10, 11.5625, 10.125], "texture": "#0"},
				"up": {"uv": [5.3125, 12.0625, 5.25, 12], "texture": "#0"},
				"down": {"uv": [12.0625, 5.25, 12, 5.3125], "texture": "#0"}
			}
		},
		{
			"name": "hexadecagon",
			"from": [8.4862, 19.2, 8.8901],
			"to": [8.5525, 19.6, 9.1099],
			"rotation": {"angle": -22.5, "axis": "y", "origin": [8, 19.4, 9]},
			"faces": {
				"north": {"uv": [9.25, 11.5, 9.3125, 11.625], "texture": "#0"},
				"east": {"uv": [11.5, 9.25, 11.5625, 9.375], "texture": "#0"},
				"south": {"uv": [9.5, 11.5, 9.5625, 11.625], "texture": "#0"},
				"west": {"uv": [11.5, 9.5, 11.5625, 9.625], "texture": "#0"},
				"up": {"uv": [5.0625, 12.0625, 5, 12], "texture": "#0"},
				"down": {"uv": [12.0625, 5, 12, 5.0625], "texture": "#0"}
			}
		},
		{
			"name": "hexadecagon",
			"from": [8.4862, 19.2, 8.8901],
			"to": [8.5525, 19.6, 9.1099],
			"rotation": {"angle": 0, "axis": "y", "origin": [8, 19.4, 9]},
			"faces": {
				"north": {"uv": [8.75, 11.5, 8.8125, 11.625], "texture": "#0"},
				"east": {"uv": [11.5, 8.75, 11.5625, 8.875], "texture": "#0"},
				"south": {"uv": [9, 11.5, 9.0625, 11.625], "texture": "#0"},
				"west": {"uv": [11.5, 9, 11.5625, 9.125], "texture": "#0"},
				"up": {"uv": [4.8125, 12.0625, 4.75, 12], "texture": "#0"},
				"down": {"uv": [12.0625, 4.75, 12, 4.8125], "texture": "#0"}
			}
		},
		{
			"name": "hexadecagon",
			"from": [8.4862, 19.2, 8.8901],
			"to": [8.5525, 19.6, 9.1099],
			"rotation": {"angle": 22.5, "axis": "y", "origin": [8, 19.4, 9]},
			"faces": {
				"north": {"uv": [8.25, 11.5, 8.3125, 11.625], "texture": "#0"},
				"east": {"uv": [11.5, 8.25, 11.5625, 8.375], "texture": "#0"},
				"south": {"uv": [8.5, 11.5, 8.5625, 11.625], "texture": "#0"},
				"west": {"uv": [11.5, 8.5, 11.5625, 8.625], "texture": "#0"},
				"up": {"uv": [4.5625, 12.0625, 4.5, 12], "texture": "#0"},
				"down": {"uv": [12.0625, 4.5, 12, 4.5625], "texture": "#0"}
			}
		},
		{
			"name": "hexadecagon",
			"from": [7.8901, 29.4, 8.3475],
			"to": [8.1099, 29.8, 8.4138],
			"rotation": {"angle": -45, "axis": "y", "origin": [8, 29.6, 8.9]},
			"faces": {
				"north": {"uv": [0.25, 12, 0.3125, 12.125], "texture": "#0"},
				"east": {"uv": [12, 0.25, 12.0625, 0.375], "texture": "#0"},
				"south": {"uv": [0.5, 12, 0.5625, 12.125], "texture": "#0"},
				"west": {"uv": [12, 0.5, 12.0625, 0.625], "texture": "#0"},
				"up": {"uv": [11.8125, 12.0625, 11.75, 12], "texture": "#0"},
				"down": {"uv": [12.0625, 11.75, 12, 11.8125], "texture": "#0"}
			}
		},
		{
			"name": "hexadecagon",
			"from": [7.8901, 29.4, 8.3475],
			"to": [8.1099, 29.8, 8.4138],
			"rotation": {"angle": -22.5, "axis": "y", "origin": [8, 29.6, 8.9]},
			"faces": {
				"north": {"uv": [11.75, 11.5, 11.8125, 11.625], "texture": "#0"},
				"east": {"uv": [11.75, 11.75, 11.8125, 11.875], "texture": "#0"},
				"south": {"uv": [0, 12, 0.0625, 12.125], "texture": "#0"},
				"west": {"uv": [12, 0, 12.0625, 0.125], "texture": "#0"},
				"up": {"uv": [11.5625, 12.0625, 11.5, 12], "texture": "#0"},
				"down": {"uv": [12.0625, 11.5, 12, 11.5625], "texture": "#0"}
			}
		},
		{
			"name": "hexadecagon",
			"from": [7.8901, 29.4, 7.9475],
			"to": [8.1099, 29.8, 8.4138],
			"rotation": {"angle": 0, "axis": "y", "origin": [8, 29.6, 8.9]},
			"faces": {
				"north": {"uv": [11.75, 11, 11.8125, 11.125], "texture": "#0"},
				"east": {"uv": [11.25, 0.75, 11.375, 0.875], "texture": "#0"},
				"south": {"uv": [11.25, 11.75, 11.3125, 11.875], "texture": "#0"},
				"west": {"uv": [11.25, 1, 11.375, 1.125], "texture": "#0"},
				"up": {"uv": [11.8125, 11.375, 11.75, 11.25], "texture": "#0"},
				"down": {"uv": [11.5625, 11.75, 11.5, 11.875], "texture": "#0"}
			}
		},
		{
			"name": "hexadecagon",
			"from": [7.8901, 29.4, 8.3475],
			"to": [8.1099, 29.8, 8.4138],
			"rotation": {"angle": 22.5, "axis": "y", "origin": [8, 29.6, 8.9]},
			"faces": {
				"north": {"uv": [11.75, 10.5, 11.8125, 10.625], "texture": "#0"},
				"east": {"uv": [10.75, 11.75, 10.8125, 11.875], "texture": "#0"},
				"south": {"uv": [11.75, 10.75, 11.8125, 10.875], "texture": "#0"},
				"west": {"uv": [11, 11.75, 11.0625, 11.875], "texture": "#0"},
				"up": {"uv": [11.3125, 12.0625, 11.25, 12], "texture": "#0"},
				"down": {"uv": [12.0625, 11.25, 12, 11.3125], "texture": "#0"}
			}
		},
		{
			"name": "hexadecagon",
			"from": [7.8901, 29.4, 8.3475],
			"to": [8.1099, 29.8, 8.4138],
			"rotation": {"angle": 45, "axis": "y", "origin": [8, 29.6, 8.9]},
			"faces": {
				"north": {"uv": [11.75, 10, 11.8125, 10.125], "texture": "#0"},
				"east": {"uv": [10.25, 11.75, 10.3125, 11.875], "texture": "#0"},
				"south": {"uv": [11.75, 10.25, 11.8125, 10.375], "texture": "#0"},
				"west": {"uv": [10.5, 11.75, 10.5625, 11.875], "texture": "#0"},
				"up": {"uv": [11.0625, 12.0625, 11, 12], "texture": "#0"},
				"down": {"uv": [12.0625, 11, 12, 11.0625], "texture": "#0"}
			}
		},
		{
			"name": "hexadecagon",
			"from": [7.8901, 29.4, 9.3862],
			"to": [8.1099, 29.8, 9.4525],
			"rotation": {"angle": -45, "axis": "y", "origin": [8, 29.6, 8.9]},
			"faces": {
				"north": {"uv": [11.75, 9.5, 11.8125, 9.625], "texture": "#0"},
				"east": {"uv": [9.75, 11.75, 9.8125, 11.875], "texture": "#0"},
				"south": {"uv": [11.75, 9.75, 11.8125, 9.875], "texture": "#0"},
				"west": {"uv": [10, 11.75, 10.0625, 11.875], "texture": "#0"},
				"up": {"uv": [10.8125, 12.0625, 10.75, 12], "texture": "#0"},
				"down": {"uv": [12.0625, 10.75, 12, 10.8125], "texture": "#0"}
			}
		},
		{
			"name": "hexadecagon",
			"from": [7.8901, 29.4, 9.3862],
			"to": [8.1099, 29.8, 9.4525],
			"rotation": {"angle": -22.5, "axis": "y", "origin": [8, 29.6, 8.9]},
			"faces": {
				"north": {"uv": [11.75, 9, 11.8125, 9.125], "texture": "#0"},
				"east": {"uv": [9.25, 11.75, 9.3125, 11.875], "texture": "#0"},
				"south": {"uv": [11.75, 9.25, 11.8125, 9.375], "texture": "#0"},
				"west": {"uv": [9.5, 11.75, 9.5625, 11.875], "texture": "#0"},
				"up": {"uv": [10.5625, 12.0625, 10.5, 12], "texture": "#0"},
				"down": {"uv": [12.0625, 10.5, 12, 10.5625], "texture": "#0"}
			}
		},
		{
			"name": "hexadecagon",
			"from": [7.8901, 29.4, 9.3862],
			"to": [8.1099, 29.8, 9.4525],
			"rotation": {"angle": 0, "axis": "y", "origin": [8, 29.6, 8.9]},
			"faces": {
				"north": {"uv": [11.75, 8.5, 11.8125, 8.625], "texture": "#0"},
				"east": {"uv": [8.75, 11.75, 8.8125, 11.875], "texture": "#0"},
				"south": {"uv": [11.75, 8.75, 11.8125, 8.875], "texture": "#0"},
				"west": {"uv": [9, 11.75, 9.0625, 11.875], "texture": "#0"},
				"up": {"uv": [10.3125, 12.0625, 10.25, 12], "texture": "#0"},
				"down": {"uv": [12.0625, 10.25, 12, 10.3125], "texture": "#0"}
			}
		},
		{
			"name": "hexadecagon",
			"from": [7.8901, 29.4, 9.3862],
			"to": [8.1099, 29.8, 9.4525],
			"rotation": {"angle": 22.5, "axis": "y", "origin": [8, 29.6, 8.9]},
			"faces": {
				"north": {"uv": [11.75, 8, 11.8125, 8.125], "texture": "#0"},
				"east": {"uv": [8.25, 11.75, 8.3125, 11.875], "texture": "#0"},
				"south": {"uv": [11.75, 8.25, 11.8125, 8.375], "texture": "#0"},
				"west": {"uv": [8.5, 11.75, 8.5625, 11.875], "texture": "#0"},
				"up": {"uv": [10.0625, 12.0625, 10, 12], "texture": "#0"},
				"down": {"uv": [12.0625, 10, 12, 10.0625], "texture": "#0"}
			}
		},
		{
			"name": "hexadecagon",
			"from": [7.8901, 29.4, 9.3862],
			"to": [8.1099, 29.8, 9.4525],
			"rotation": {"angle": 45, "axis": "y", "origin": [8, 29.6, 8.9]},
			"faces": {
				"north": {"uv": [11.75, 7.5, 11.8125, 7.625], "texture": "#0"},
				"east": {"uv": [7.75, 11.75, 7.8125, 11.875], "texture": "#0"},
				"south": {"uv": [11.75, 7.75, 11.8125, 7.875], "texture": "#0"},
				"west": {"uv": [8, 11.75, 8.0625, 11.875], "texture": "#0"},
				"up": {"uv": [9.8125, 12.0625, 9.75, 12], "texture": "#0"},
				"down": {"uv": [12.0625, 9.75, 12, 9.8125], "texture": "#0"}
			}
		},
		{
			"name": "hexadecagon",
			"from": [7.4475, 29.4, 8.7901],
			"to": [7.5138, 29.8, 9.0099],
			"rotation": {"angle": -22.5, "axis": "y", "origin": [8, 29.6, 8.9]},
			"faces": {
				"north": {"uv": [11.75, 7, 11.8125, 7.125], "texture": "#0"},
				"east": {"uv": [7.25, 11.75, 7.3125, 11.875], "texture": "#0"},
				"south": {"uv": [11.75, 7.25, 11.8125, 7.375], "texture": "#0"},
				"west": {"uv": [7.5, 11.75, 7.5625, 11.875], "texture": "#0"},
				"up": {"uv": [9.5625, 12.0625, 9.5, 12], "texture": "#0"},
				"down": {"uv": [12.0625, 9.5, 12, 9.5625], "texture": "#0"}
			}
		},
		{
			"name": "hexadecagon",
			"from": [7.4475, 29.4, 8.7901],
			"to": [7.5138, 29.8, 9.0099],
			"rotation": {"angle": 0, "axis": "y", "origin": [8, 29.6, 8.9]},
			"faces": {
				"north": {"uv": [11.75, 6.5, 11.8125, 6.625], "texture": "#0"},
				"east": {"uv": [6.75, 11.75, 6.8125, 11.875], "texture": "#0"},
				"south": {"uv": [11.75, 6.75, 11.8125, 6.875], "texture": "#0"},
				"west": {"uv": [7, 11.75, 7.0625, 11.875], "texture": "#0"},
				"up": {"uv": [9.3125, 12.0625, 9.25, 12], "texture": "#0"},
				"down": {"uv": [12.0625, 9.25, 12, 9.3125], "texture": "#0"}
			}
		},
		{
			"name": "hexadecagon",
			"from": [7.4475, 29.4, 8.7901],
			"to": [7.5138, 29.8, 9.0099],
			"rotation": {"angle": 22.5, "axis": "y", "origin": [8, 29.6, 8.9]},
			"faces": {
				"north": {"uv": [11.75, 6, 11.8125, 6.125], "texture": "#0"},
				"east": {"uv": [6.25, 11.75, 6.3125, 11.875], "texture": "#0"},
				"south": {"uv": [11.75, 6.25, 11.8125, 6.375], "texture": "#0"},
				"west": {"uv": [6.5, 11.75, 6.5625, 11.875], "texture": "#0"},
				"up": {"uv": [9.0625, 12.0625, 9, 12], "texture": "#0"},
				"down": {"uv": [12.0625, 9, 12, 9.0625], "texture": "#0"}
			}
		},
		{
			"name": "hexadecagon",
			"from": [8.4862, 29.4, 8.7901],
			"to": [8.5525, 29.8, 9.0099],
			"rotation": {"angle": -22.5, "axis": "y", "origin": [8, 29.6, 8.9]},
			"faces": {
				"north": {"uv": [11.75, 5.5, 11.8125, 5.625], "texture": "#0"},
				"east": {"uv": [5.75, 11.75, 5.8125, 11.875], "texture": "#0"},
				"south": {"uv": [11.75, 5.75, 11.8125, 5.875], "texture": "#0"},
				"west": {"uv": [6, 11.75, 6.0625, 11.875], "texture": "#0"},
				"up": {"uv": [8.8125, 12.0625, 8.75, 12], "texture": "#0"},
				"down": {"uv": [12.0625, 8.75, 12, 8.8125], "texture": "#0"}
			}
		},
		{
			"name": "hexadecagon",
			"from": [8.4862, 29.4, 8.7901],
			"to": [8.5525, 29.8, 9.0099],
			"rotation": {"angle": 0, "axis": "y", "origin": [8, 29.6, 8.9]},
			"faces": {
				"north": {"uv": [11.75, 5, 11.8125, 5.125], "texture": "#0"},
				"east": {"uv": [5.25, 11.75, 5.3125, 11.875], "texture": "#0"},
				"south": {"uv": [11.75, 5.25, 11.8125, 5.375], "texture": "#0"},
				"west": {"uv": [5.5, 11.75, 5.5625, 11.875], "texture": "#0"},
				"up": {"uv": [8.5625, 12.0625, 8.5, 12], "texture": "#0"},
				"down": {"uv": [12.0625, 8.5, 12, 8.5625], "texture": "#0"}
			}
		},
		{
			"name": "hexadecagon",
			"from": [8.4862, 29.4, 8.7901],
			"to": [8.5525, 29.8, 9.0099],
			"rotation": {"angle": 22.5, "axis": "y", "origin": [8, 29.6, 8.9]},
			"faces": {
				"north": {"uv": [11.75, 4.5, 11.8125, 4.625], "texture": "#0"},
				"east": {"uv": [4.75, 11.75, 4.8125, 11.875], "texture": "#0"},
				"south": {"uv": [11.75, 4.75, 11.8125, 4.875], "texture": "#0"},
				"west": {"uv": [5, 11.75, 5.0625, 11.875], "texture": "#0"},
				"up": {"uv": [8.3125, 12.0625, 8.25, 12], "texture": "#0"},
				"down": {"uv": [12.0625, 8.25, 12, 8.3125], "texture": "#0"}
			}
		}
	],
	"display": {
		"thirdperson_righthand": {
			"translation": [0, 8, 1]
		},
		"thirdperson_lefthand": {
			"translation": [0, 8, 1]
		},
		"firstperson_righthand": {
			"rotation": [-79, -13, -25],
			"translation": [10.5, -1.25, -9]
		},
		"firstperson_lefthand": {
			"rotation": [-79, -13, -25],
			"translation": [10.5, -1.25, -9]
		},
		"ground": {
			"translation": [0, 7.25, 0],
			"scale": [0.76, 0.76, 0.76]
		},
		"gui": {
			"rotation": [-90, -43, -90],
			"translation": [-1.75, -2, -0.5],
			"scale": [0.57, 0.57, 0.57]
		},
		"fixed": {
			"rotation": [-90, -43, -90],
			"translation": [-3.75, -2, -0.5],
			"scale": [0.65, 0.65, 0.65]
		}
	},
	"groups": [
		{
			"name": "hexadecagon",
			"origin": [8, 8, 8],
			"color": 0,
			"children": [0, 1, 2, 3, 4, 5, 6, 7, 8, 9, 10, 11, 12, 13, 14, 15, 16, 17, 18, 19, 20, 21, 22, 23, 24, 25, 26, 27, 28, 29, 30, 31, 32, 33, 34, 35, 36, 37, 38, 39, 40, 41, 42]
		},
		{
			"name": "hexadecagon",
			"origin": [8, 8, 8],
			"color": 0,
			"children": [43, 44, 45, 46, 47, 48, 49, 50]
		},
		{
			"name": "hexadecagon",
			"origin": [8, 8, 8],
			"color": 0,
			"children": [51, 52, 53, 54, 55, 56, 57, 58, 59, 60, 61, 62, 63, 64, 65, 66, 67, 68, 69, 70, 71, 72, 73, 74, 75, 76, 77, 78, 79]
		},
		{
			"name": "hexadecagon",
			"origin": [8, 8, 8],
			"color": 0,
			"children": [
				80,
				81,
				82,
				83,
				84,
				85,
				86,
				87,
				88,
				89,
				90,
				91,
				92,
				93,
				94,
				95,
				96,
				97,
				98,
				99,
				100,
				101,
				102,
				103,
				104,
				105,
				106,
				107,
				108,
				109,
				110,
				111,
				112,
				113,
				114,
				115,
				116,
				117,
				118,
				119,
				120,
				121,
				122,
				123,
				124,
				125,
				126,
				127
			]
		}
	]
}