{"textures":{"6":"item/mobs/zaku/7"},"elements":[{"from":[8.0,-0.64000034,5.12],"to":[8.0,16.64,22.400002],"rotation":{"angle":-45.0,"axis":"y","origin":[8.0,8.0,8.0]},"faces":{"east":{"uv":[0.0,0.0,8.0,8.0],"rotation":0,"texture":"#6","tintindex":0},"south":{"uv":[0.0,0.0,8.0,8.0],"rotation":0,"texture":"#6","tintindex":0},"north":{"uv":[16.0,0.0,0.0,16.0],"rotation":0,"texture":"#6","tintindex":0},"west":{"uv":[8.0,0.0,0.0,8.0],"rotation":0,"texture":"#6","tintindex":0},"up":{"uv":[16.0,0.0,0.0,0.0],"rotation":0,"texture":"#6","tintindex":0},"down":{"uv":[16.0,0.0,0.0,0.0],"rotation":0,"texture":"#6","tintindex":0}}},{"from":[6.56,-7.839999,8.0],"to":[23.84,9.44,8.0],"rotation":{"angle":22.5,"axis":"z","origin":[8.0,0.7999997,8.0]},"faces":{"east":{"uv":[0.0,0.0,8.0,8.0],"rotation":0,"texture":"#6","tintindex":0},"south":{"uv":[8.0,0.0,0.0,8.0],"rotation":0,"texture":"#6","tintindex":0},"north":{"uv":[0.0,0.0,8.0,8.0],"rotation":0,"texture":"#6","tintindex":0},"west":{"uv":[0.0,0.0,0.0,8.0],"rotation":0,"texture":"#6","tintindex":0},"up":{"uv":[16.0,0.0,0.0,0.0],"rotation":0,"texture":"#6","tintindex":0},"down":{"uv":[16.0,0.0,0.0,0.0],"rotation":0,"texture":"#6","tintindex":0}}},{"from":[-7.839999,-7.839999,8.0],"to":[9.44,9.44,8.0],"rotation":{"angle":-22.5,"axis":"z","origin":[8.0,0.7999997,8.0]},"faces":{"east":{"uv":[0.0,0.0,8.0,8.0],"rotation":0,"texture":"#6","tintindex":0},"south":{"uv":[0.0,0.0,8.0,8.0],"rotation":0,"texture":"#6","tintindex":0},"north":{"uv":[8.0,0.0,0.0,8.0],"rotation":0,"texture":"#6","tintindex":0},"west":{"uv":[0.0,0.0,0.0,8.0],"rotation":0,"texture":"#6","tintindex":0},"up":{"uv":[0.0,0.0,16.0,0.0],"rotation":0,"texture":"#6","tintindex":0},"down":{"uv":[0.0,0.0,16.0,0.0],"rotation":0,"texture":"#6","tintindex":0}}},{"from":[8.0,-0.64000034,-6.4000006],"to":[8.0,16.64,10.88],"rotation":{"angle":-45.0,"axis":"y","origin":[8.0,8.0,8.0]},"faces":{"east":{"uv":[8.0,0.0,0.0,8.0],"rotation":0,"texture":"#6","tintindex":0},"south":{"uv":[0.0,0.0,16.0,16.0],"rotation":0,"texture":"#6","tintindex":0},"north":{"uv":[16.0,0.0,0.0,16.0],"rotation":0,"texture":"#6","tintindex":0},"west":{"uv":[0.0,0.0,8.0,8.0],"rotation":0,"texture":"#6","tintindex":0},"up":{"uv":[16.0,0.0,0.0,0.0],"rotation":0,"texture":"#6","tintindex":0},"down":{"uv":[16.0,0.0,0.0,0.0],"rotation":0,"texture":"#6","tintindex":0}}},{"from":[8.0,-7.839999,6.56],"to":[8.0,9.44,23.84],"rotation":{"angle":-22.5,"axis":"x","origin":[8.0,0.7999997,8.0]},"faces":{"east":{"uv":[0.0,0.0,8.0,8.0],"rotation":0,"texture":"#6","tintindex":0},"south":{"uv":[0.0,0.0,16.0,16.0],"rotation":0,"texture":"#6","tintindex":0},"north":{"uv":[16.0,0.0,0.0,16.0],"rotation":0,"texture":"#6","tintindex":0},"west":{"uv":[8.0,0.0,0.0,8.0],"rotation":0,"texture":"#6","tintindex":0},"up":{"uv":[16.0,0.0,0.0,0.0],"rotation":0,"texture":"#6","tintindex":0},"down":{"uv":[16.0,0.0,0.0,0.0],"rotation":0,"texture":"#6","tintindex":0}}},{"from":[8.0,-7.839999,-7.839999],"to":[8.0,9.44,9.44],"rotation":{"angle":22.5,"axis":"x","origin":[8.0,0.7999997,8.0]},"faces":{"east":{"uv":[8.0,0.0,0.0,8.0],"rotation":0,"texture":"#6","tintindex":0},"south":{"uv":[0.0,0.0,16.0,16.0],"rotation":0,"texture":"#6","tintindex":0},"north":{"uv":[16.0,0.0,0.0,16.0],"rotation":0,"texture":"#6","tintindex":0},"west":{"uv":[0.0,0.0,8.0,8.0],"rotation":0,"texture":"#6","tintindex":0},"up":{"uv":[16.0,0.0,0.0,0.0],"rotation":0,"texture":"#6","tintindex":0},"down":{"uv":[16.0,0.0,0.0,0.0],"rotation":0,"texture":"#6","tintindex":0}}},{"from":[8.0,-0.64000034,-6.4000006],"to":[8.0,16.64,10.88],"rotation":{"angle":45.0,"axis":"y","origin":[8.0,8.0,8.0]},"faces":{"east":{"uv":[8.0,0.0,0.0,8.0],"rotation":0,"texture":"#6","tintindex":0},"south":{"uv":[0.0,0.0,16.0,16.0],"rotation":0,"texture":"#6","tintindex":0},"north":{"uv":[16.0,0.0,0.0,16.0],"rotation":0,"texture":"#6","tintindex":0},"west":{"uv":[0.0,0.0,8.0,8.0],"rotation":0,"texture":"#6","tintindex":0},"up":{"uv":[16.0,0.0,0.0,0.0],"rotation":0,"texture":"#6","tintindex":0},"down":{"uv":[16.0,0.0,0.0,0.0],"rotation":0,"texture":"#6","tintindex":0}}},{"from":[8.0,-0.64000034,5.12],"to":[8.0,16.64,22.400002],"rotation":{"angle":45.0,"axis":"y","origin":[8.0,8.0,8.0]},"faces":{"east":{"uv":[0.0,0.0,8.0,8.0],"rotation":0,"texture":"#6","tintindex":0},"south":{"uv":[0.0,0.0,16.0,16.0],"rotation":0,"texture":"#6","tintindex":0},"north":{"uv":[16.0,0.0,0.0,16.0],"rotation":0,"texture":"#6","tintindex":0},"west":{"uv":[8.0,0.0,0.0,8.0],"rotation":0,"texture":"#6","tintindex":0},"up":{"uv":[16.0,0.0,0.0,0.0],"rotation":0,"texture":"#6","tintindex":0},"down":{"uv":[16.0,0.0,0.0,0.0],"rotation":0,"texture":"#6","tintindex":0}}},{"from":[8.0,4.3999996,-2.8000002],"to":[8.0,26.0,18.8],"rotation":{"angle":0.0,"axis":"y","origin":[8.0,15.200001,8.0]},"faces":{"east":{"uv":[0.0,8.0,8.0,16.0],"rotation":0,"texture":"#6","tintindex":0},"south":{"uv":[0.0,0.0,16.0,16.0],"rotation":0,"texture":"#6","tintindex":0},"north":{"uv":[16.0,0.0,0.0,16.0],"rotation":0,"texture":"#6","tintindex":0},"west":{"uv":[8.0,8.0,0.0,16.0],"rotation":0,"texture":"#6","tintindex":0},"up":{"uv":[16.0,0.0,0.0,0.0],"rotation":0,"texture":"#6","tintindex":0},"down":{"uv":[16.0,0.0,0.0,0.0],"rotation":0,"texture":"#6","tintindex":0}}},{"from":[-3.0,4.3999996,8.0],"to":[18.6,26.0,8.0],"rotation":{"angle":0.0,"axis":"y","origin":[8.0,15.200001,8.0]},"faces":{"east":{"uv":[16.0,0.0,0.0,16.0],"rotation":0,"texture":"#6","tintindex":0},"south":{"uv":[0.0,8.0,8.0,16.0],"rotation":0,"texture":"#6","tintindex":0},"north":{"uv":[8.0,8.0,0.0,16.0],"rotation":0,"texture":"#6","tintindex":0},"west":{"uv":[0.0,0.0,16.0,16.0],"rotation":0,"texture":"#6","tintindex":0},"up":{"uv":[16.0,0.0,0.0,0.0],"rotation":90,"texture":"#6","tintindex":0},"down":{"uv":[16.0,0.0,0.0,0.0],"rotation":270,"texture":"#6","tintindex":0}}},{"from":[-9.280001,4.3999996,-9.280001],"to":[25.28,4.3999996,25.28],"rotation":{"angle":0.0,"axis":"y","origin":[8.0,1.5199995,8.0]},"faces":{"east":{"uv":[16.0,0.0,0.0,0.0],"rotation":0,"texture":"#6","tintindex":0},"south":{"uv":[16.0,0.0,0.0,0.0],"rotation":0,"texture":"#6","tintindex":0},"north":{"uv":[16.0,0.0,0.0,0.0],"rotation":0,"texture":"#6","tintindex":0},"west":{"uv":[16.0,0.0,0.0,0.0],"rotation":0,"texture":"#6","tintindex":0},"up":{"uv":[8.0,0.0,16.0,8.0],"rotation":0,"texture":"#6","tintindex":0},"down":{"uv":[16.0,0.0,8.0,8.0],"rotation":0,"texture":"#6","tintindex":0}}}],"display":{"head":{"translation":[0.0,-6.4,0.0],"scale":[4.0,4.0,4.0]}}}