{
	"credit": "Made by Aiden (feignedmars4438 on discord)",
	"texture_size": [64, 64],
	"textures": {
		"0": "item/rods/beginner/beginner",
		"particle": "item/rods/beginner/beginner"
	},
	"elements": [
		{
			"name": "hexadecagon",
			"from": [7.90005, 0, 7.4975],
			"to": [8.09995, 6, 7.6985],
			"rotation": {"angle": -45, "axis": "y", "origin": [8, 2, 8]},
			"faces": {
				"north": {"uv": [2.5, 0, 2.625, 1.5], "texture": "#0"},
				"east": {"uv": [2.5, 1.5, 2.625, 3], "texture": "#0"},
				"south": {"uv": [2.75, 0, 2.875, 1.5], "texture": "#0"},
				"west": {"uv": [2.75, 1.5, 2.875, 3], "texture": "#0"},
				"up": {"uv": [9.375, 8.875, 9.25, 8.75], "texture": "#0"},
				"down": {"uv": [9.375, 9, 9.25, 9.125], "texture": "#0"}
			}
		},
		{
			"name": "hexadecagon",
			"from": [7.90005, 0, 7.4975],
			"to": [8.09995, 6, 7.6985],
			"rotation": {"angle": -22.5, "axis": "y", "origin": [8, 2, 8]},
			"faces": {
				"north": {"uv": [3, 0, 3.125, 1.5], "texture": "#0"},
				"east": {"uv": [3, 1.5, 3.125, 3], "texture": "#0"},
				"south": {"uv": [2.5, 3, 2.625, 4.5], "texture": "#0"},
				"west": {"uv": [2.75, 3, 2.875, 4.5], "texture": "#0"},
				"up": {"uv": [9.375, 9.375, 9.25, 9.25], "texture": "#0"},
				"down": {"uv": [0.125, 9.5, 0, 9.625], "texture": "#0"}
			}
		},
		{
			"name": "hexadecagon",
			"from": [7.90005, 0, 7.4975],
			"to": [8.09995, 6, 7.6985],
			"rotation": {"angle": 0, "axis": "y", "origin": [8, 2, 8]},
			"faces": {
				"north": {"uv": [3, 3, 3.125, 4.5], "texture": "#0"},
				"east": {"uv": [3.25, 0, 3.375, 1.5], "texture": "#0"},
				"south": {"uv": [3.25, 1.5, 3.375, 3], "texture": "#0"},
				"west": {"uv": [3.25, 3, 3.375, 4.5], "texture": "#0"},
				"up": {"uv": [9.625, 0.125, 9.5, 0], "texture": "#0"},
				"down": {"uv": [0.375, 9.5, 0.25, 9.625], "texture": "#0"}
			}
		},
		{
			"name": "hexadecagon",
			"from": [7.90005, 0, 7.4975],
			"to": [8.09995, 6, 7.6985],
			"rotation": {"angle": 22.5, "axis": "y", "origin": [8, 2, 8]},
			"faces": {
				"north": {"uv": [0, 3.5, 0.125, 5], "texture": "#0"},
				"east": {"uv": [3.5, 0, 3.625, 1.5], "texture": "#0"},
				"south": {"uv": [0.25, 3.5, 0.375, 5], "texture": "#0"},
				"west": {"uv": [0.5, 3.5, 0.625, 5], "texture": "#0"},
				"up": {"uv": [9.625, 0.375, 9.5, 0.25], "texture": "#0"},
				"down": {"uv": [0.625, 9.5, 0.5, 9.625], "texture": "#0"}
			}
		},
		{
			"name": "hexadecagon",
			"from": [7.90005, 0, 7.4975],
			"to": [8.09995, 6, 7.6985],
			"rotation": {"angle": 45, "axis": "y", "origin": [8, 2, 8]},
			"faces": {
				"north": {"uv": [0.75, 3.5, 0.875, 5], "texture": "#0"},
				"east": {"uv": [1, 3.5, 1.125, 5], "texture": "#0"},
				"south": {"uv": [1.25, 3.5, 1.375, 5], "texture": "#0"},
				"west": {"uv": [1.5, 3.5, 1.625, 5], "texture": "#0"},
				"up": {"uv": [9.625, 0.625, 9.5, 0.5], "texture": "#0"},
				"down": {"uv": [0.875, 9.5, 0.75, 9.625], "texture": "#0"}
			}
		},
		{
			"name": "hexadecagon",
			"from": [7.90005, 0, 8.3015],
			"to": [8.09995, 6, 8.5025],
			"rotation": {"angle": -45, "axis": "y", "origin": [8, 2, 8]},
			"faces": {
				"north": {"uv": [3.5, 1.5, 3.625, 3], "texture": "#0"},
				"east": {"uv": [1.75, 3.5, 1.875, 5], "texture": "#0"},
				"south": {"uv": [2, 3.5, 2.125, 5], "texture": "#0"},
				"west": {"uv": [2.25, 3.5, 2.375, 5], "texture": "#0"},
				"up": {"uv": [9.625, 0.875, 9.5, 0.75], "texture": "#0"},
				"down": {"uv": [1.125, 9.5, 1, 9.625], "texture": "#0"}
			}
		},
		{
			"name": "hexadecagon",
			"from": [7.90005, 0, 8.3015],
			"to": [8.09995, 6, 8.5025],
			"rotation": {"angle": -22.5, "axis": "y", "origin": [8, 2, 8]},
			"faces": {
				"north": {"uv": [3.5, 3, 3.625, 4.5], "texture": "#0"},
				"east": {"uv": [3.75, 0, 3.875, 1.5], "texture": "#0"},
				"south": {"uv": [3.75, 1.5, 3.875, 3], "texture": "#0"},
				"west": {"uv": [3.75, 3, 3.875, 4.5], "texture": "#0"},
				"up": {"uv": [9.625, 1.125, 9.5, 1], "texture": "#0"},
				"down": {"uv": [1.375, 9.5, 1.25, 9.625], "texture": "#0"}
			}
		},
		{
			"name": "hexadecagon",
			"from": [7.90005, 0, 8.3015],
			"to": [8.09995, 6, 8.5025],
			"rotation": {"angle": 0, "axis": "y", "origin": [8, 2, 8]},
			"faces": {
				"north": {"uv": [4, 0, 4.125, 1.5], "texture": "#0"},
				"east": {"uv": [4, 1.5, 4.125, 3], "texture": "#0"},
				"south": {"uv": [4, 3, 4.125, 4.5], "texture": "#0"},
				"west": {"uv": [4.25, 0, 4.375, 1.5], "texture": "#0"},
				"up": {"uv": [9.625, 1.375, 9.5, 1.25], "texture": "#0"},
				"down": {"uv": [1.625, 9.5, 1.5, 9.625], "texture": "#0"}
			}
		},
		{
			"name": "hexadecagon",
			"from": [7.90005, 0, 8.3015],
			"to": [8.09995, 6, 8.5025],
			"rotation": {"angle": 22.5, "axis": "y", "origin": [8, 2, 8]},
			"faces": {
				"north": {"uv": [4.25, 1.5, 4.375, 3], "texture": "#0"},
				"east": {"uv": [4.25, 3, 4.375, 4.5], "texture": "#0"},
				"south": {"uv": [4.5, 0, 4.625, 1.5], "texture": "#0"},
				"west": {"uv": [4.5, 1.5, 4.625, 3], "texture": "#0"},
				"up": {"uv": [9.625, 1.625, 9.5, 1.5], "texture": "#0"},
				"down": {"uv": [1.875, 9.5, 1.75, 9.625], "texture": "#0"}
			}
		},
		{
			"name": "hexadecagon",
			"from": [7.90005, 0, 8.3015],
			"to": [8.09995, 6, 8.5025],
			"rotation": {"angle": 45, "axis": "y", "origin": [8, 2, 8]},
			"faces": {
				"north": {"uv": [2.5, 4.5, 2.625, 6], "texture": "#0"},
				"east": {"uv": [2.75, 4.5, 2.875, 6], "texture": "#0"},
				"south": {"uv": [3, 4.5, 3.125, 6], "texture": "#0"},
				"west": {"uv": [4.5, 3, 4.625, 4.5], "texture": "#0"},
				"up": {"uv": [9.625, 1.875, 9.5, 1.75], "texture": "#0"},
				"down": {"uv": [2.125, 9.5, 2, 9.625], "texture": "#0"}
			}
		},
		{
			"name": "hexadecagon",
			"from": [7.4975, 0, 7.90005],
			"to": [7.6985, 6, 8.09995],
			"rotation": {"angle": -22.5, "axis": "y", "origin": [8, 2, 8]},
			"faces": {
				"north": {"uv": [3.25, 4.5, 3.375, 6], "texture": "#0"},
				"east": {"uv": [3.5, 4.5, 3.625, 6], "texture": "#0"},
				"south": {"uv": [3.75, 4.5, 3.875, 6], "texture": "#0"},
				"west": {"uv": [4, 4.5, 4.125, 6], "texture": "#0"},
				"up": {"uv": [9.625, 2.125, 9.5, 2], "texture": "#0"},
				"down": {"uv": [2.375, 9.5, 2.25, 9.625], "texture": "#0"}
			}
		},
		{
			"name": "hexadecagon",
			"from": [7.4975, 0, 7.90005],
			"to": [7.6985, 6, 8.09995],
			"rotation": {"angle": 0, "axis": "y", "origin": [8, 2, 8]},
			"faces": {
				"north": {"uv": [4.25, 4.5, 4.375, 6], "texture": "#0"},
				"east": {"uv": [4.5, 4.5, 4.625, 6], "texture": "#0"},
				"south": {"uv": [4.75, 0, 4.875, 1.5], "texture": "#0"},
				"west": {"uv": [4.75, 1.5, 4.875, 3], "texture": "#0"},
				"up": {"uv": [9.625, 2.375, 9.5, 2.25], "texture": "#0"},
				"down": {"uv": [9.625, 2.5, 9.5, 2.625], "texture": "#0"}
			}
		},
		{
			"name": "hexadecagon",
			"from": [7.4975, 0, 7.90005],
			"to": [7.6985, 6, 8.09995],
			"rotation": {"angle": 22.5, "axis": "y", "origin": [8, 2, 8]},
			"faces": {
				"north": {"uv": [4.75, 3, 4.875, 4.5], "texture": "#0"},
				"east": {"uv": [4.75, 4.5, 4.875, 6], "texture": "#0"},
				"south": {"uv": [0, 5, 0.125, 6.5], "texture": "#0"},
				"west": {"uv": [5, 0, 5.125, 1.5], "texture": "#0"},
				"up": {"uv": [9.625, 2.875, 9.5, 2.75], "texture": "#0"},
				"down": {"uv": [9.625, 3, 9.5, 3.125], "texture": "#0"}
			}
		},
		{
			"name": "hexadecagon",
			"from": [8.3015, 0, 7.90005],
			"to": [8.5025, 6, 8.09995],
			"rotation": {"angle": -22.5, "axis": "y", "origin": [8, 2, 8]},
			"faces": {
				"north": {"uv": [0.25, 5, 0.375, 6.5], "texture": "#0"},
				"east": {"uv": [0.5, 5, 0.625, 6.5], "texture": "#0"},
				"south": {"uv": [0.75, 5, 0.875, 6.5], "texture": "#0"},
				"west": {"uv": [1, 5, 1.125, 6.5], "texture": "#0"},
				"up": {"uv": [9.625, 3.375, 9.5, 3.25], "texture": "#0"},
				"down": {"uv": [9.625, 3.5, 9.5, 3.625], "texture": "#0"}
			}
		},
		{
			"name": "hexadecagon",
			"from": [8.3015, 0, 7.90005],
			"to": [8.5025, 6, 8.09995],
			"rotation": {"angle": 0, "axis": "y", "origin": [8, 2, 8]},
			"faces": {
				"north": {"uv": [1.25, 5, 1.375, 6.5], "texture": "#0"},
				"east": {"uv": [1.5, 5, 1.625, 6.5], "texture": "#0"},
				"south": {"uv": [5, 1.5, 5.125, 3], "texture": "#0"},
				"west": {"uv": [1.75, 5, 1.875, 6.5], "texture": "#0"},
				"up": {"uv": [9.625, 3.875, 9.5, 3.75], "texture": "#0"},
				"down": {"uv": [9.625, 4, 9.5, 4.125], "texture": "#0"}
			}
		},
		{
			"name": "hexadecagon",
			"from": [8.3015, 0, 7.90005],
			"to": [8.5025, 6, 8.09995],
			"rotation": {"angle": 22.5, "axis": "y", "origin": [8, 2, 8]},
			"faces": {
				"north": {"uv": [2, 5, 2.125, 6.5], "texture": "#0"},
				"east": {"uv": [2.25, 5, 2.375, 6.5], "texture": "#0"},
				"south": {"uv": [5, 3, 5.125, 4.5], "texture": "#0"},
				"west": {"uv": [5, 4.5, 5.125, 6], "texture": "#0"},
				"up": {"uv": [9.625, 4.375, 9.5, 4.25], "texture": "#0"},
				"down": {"uv": [9.625, 4.5, 9.5, 4.625], "texture": "#0"}
			}
		},
		{
			"name": "hexadecagon",
			"from": [7.9362, 6, 7.54976],
			"to": [8.12812, 12, 7.74272],
			"rotation": {"angle": -45, "axis": "y", "origin": [8.03216, 6, 8.03216]},
			"faces": {
				"north": {"uv": [5.25, 0, 5.375, 1.5], "texture": "#0"},
				"east": {"uv": [5.25, 1.5, 5.375, 3], "texture": "#0"},
				"south": {"uv": [5.25, 3, 5.375, 4.5], "texture": "#0"},
				"west": {"uv": [5.25, 4.5, 5.375, 6], "texture": "#0"},
				"up": {"uv": [9.625, 4.875, 9.5, 4.75], "texture": "#0"},
				"down": {"uv": [9.625, 5, 9.5, 5.125], "texture": "#0"}
			}
		},
		{
			"name": "hexadecagon",
			"from": [7.9362, 6, 7.54976],
			"to": [8.12812, 12, 7.74272],
			"rotation": {"angle": -22.5, "axis": "y", "origin": [8.03216, 6, 8.03216]},
			"faces": {
				"north": {"uv": [5.5, 0, 5.625, 1.5], "texture": "#0"},
				"east": {"uv": [5.5, 1.5, 5.625, 3], "texture": "#0"},
				"south": {"uv": [5.5, 3, 5.625, 4.5], "texture": "#0"},
				"west": {"uv": [5.5, 4.5, 5.625, 6], "texture": "#0"},
				"up": {"uv": [9.625, 5.375, 9.5, 5.25], "texture": "#0"},
				"down": {"uv": [9.625, 5.5, 9.5, 5.625], "texture": "#0"}
			}
		},
		{
			"name": "hexadecagon",
			"from": [7.9362, 6, 7.54976],
			"to": [8.12812, 12, 7.74272],
			"rotation": {"angle": 0, "axis": "y", "origin": [8.03216, 6, 8.03216]},
			"faces": {
				"north": {"uv": [5.75, 0, 5.875, 1.5], "texture": "#0"},
				"east": {"uv": [5.75, 1.5, 5.875, 3], "texture": "#0"},
				"south": {"uv": [5.75, 3, 5.875, 4.5], "texture": "#0"},
				"west": {"uv": [5.75, 4.5, 5.875, 6], "texture": "#0"},
				"up": {"uv": [9.625, 5.875, 9.5, 5.75], "texture": "#0"},
				"down": {"uv": [9.625, 6, 9.5, 6.125], "texture": "#0"}
			}
		},
		{
			"name": "hexadecagon",
			"from": [7.9362, 6, 7.54976],
			"to": [8.12812, 12, 7.74272],
			"rotation": {"angle": 22.5, "axis": "y", "origin": [8.03216, 6, 8.03216]},
			"faces": {
				"north": {"uv": [6, 0, 6.125, 1.5], "texture": "#0"},
				"east": {"uv": [6, 1.5, 6.125, 3], "texture": "#0"},
				"south": {"uv": [2.5, 6, 2.625, 7.5], "texture": "#0"},
				"west": {"uv": [2.75, 6, 2.875, 7.5], "texture": "#0"},
				"up": {"uv": [9.625, 6.375, 9.5, 6.25], "texture": "#0"},
				"down": {"uv": [9.625, 6.5, 9.5, 6.625], "texture": "#0"}
			}
		},
		{
			"name": "hexadecagon",
			"from": [7.9362, 6, 7.54976],
			"to": [8.12812, 12, 7.74272],
			"rotation": {"angle": 45, "axis": "y", "origin": [8.03216, 6, 8.03216]},
			"faces": {
				"north": {"uv": [3, 6, 3.125, 7.5], "texture": "#0"},
				"east": {"uv": [6, 3, 6.125, 4.5], "texture": "#0"},
				"south": {"uv": [3.25, 6, 3.375, 7.5], "texture": "#0"},
				"west": {"uv": [3.5, 6, 3.625, 7.5], "texture": "#0"},
				"up": {"uv": [9.625, 6.875, 9.5, 6.75], "texture": "#0"},
				"down": {"uv": [9.625, 7, 9.5, 7.125], "texture": "#0"}
			}
		},
		{
			"name": "hexadecagon",
			"from": [7.9362, 6, 8.3216],
			"to": [8.12812, 12, 8.51456],
			"rotation": {"angle": -45, "axis": "y", "origin": [8.03216, 6, 8.03216]},
			"faces": {
				"north": {"uv": [3.75, 6, 3.875, 7.5], "texture": "#0"},
				"east": {"uv": [4, 6, 4.125, 7.5], "texture": "#0"},
				"south": {"uv": [4.25, 6, 4.375, 7.5], "texture": "#0"},
				"west": {"uv": [4.5, 6, 4.625, 7.5], "texture": "#0"},
				"up": {"uv": [9.625, 7.375, 9.5, 7.25], "texture": "#0"},
				"down": {"uv": [9.625, 7.5, 9.5, 7.625], "texture": "#0"}
			}
		},
		{
			"name": "hexadecagon",
			"from": [7.9362, 6, 8.3216],
			"to": [8.12812, 12, 8.51456],
			"rotation": {"angle": -22.5, "axis": "y", "origin": [8.03216, 6, 8.03216]},
			"faces": {
				"north": {"uv": [6, 4.5, 6.125, 6], "texture": "#0"},
				"east": {"uv": [4.75, 6, 4.875, 7.5], "texture": "#0"},
				"south": {"uv": [5, 6, 5.125, 7.5], "texture": "#0"},
				"west": {"uv": [5.25, 6, 5.375, 7.5], "texture": "#0"},
				"up": {"uv": [9.625, 7.875, 9.5, 7.75], "texture": "#0"},
				"down": {"uv": [9.625, 8, 9.5, 8.125], "texture": "#0"}
			}
		},
		{
			"name": "hexadecagon",
			"from": [7.9362, 6, 8.3216],
			"to": [8.12812, 12, 8.51456],
			"rotation": {"angle": 0, "axis": "y", "origin": [8.03216, 6, 8.03216]},
			"faces": {
				"north": {"uv": [5.5, 6, 5.625, 7.5], "texture": "#0"},
				"east": {"uv": [5.75, 6, 5.875, 7.5], "texture": "#0"},
				"south": {"uv": [6, 6, 6.125, 7.5], "texture": "#0"},
				"west": {"uv": [6.25, 0, 6.375, 1.5], "texture": "#0"},
				"up": {"uv": [9.625, 8.375, 9.5, 8.25], "texture": "#0"},
				"down": {"uv": [9.625, 8.5, 9.5, 8.625], "texture": "#0"}
			}
		},
		{
			"name": "hexadecagon",
			"from": [7.9362, 6, 8.3216],
			"to": [8.12812, 12, 8.51456],
			"rotation": {"angle": 22.5, "axis": "y", "origin": [8.03216, 6, 8.03216]},
			"faces": {
				"north": {"uv": [6.25, 1.5, 6.375, 3], "texture": "#0"},
				"east": {"uv": [6.25, 3, 6.375, 4.5], "texture": "#0"},
				"south": {"uv": [6.25, 4.5, 6.375, 6], "texture": "#0"},
				"west": {"uv": [6.25, 6, 6.375, 7.5], "texture": "#0"},
				"up": {"uv": [9.625, 8.875, 9.5, 8.75], "texture": "#0"},
				"down": {"uv": [9.625, 9, 9.5, 9.125], "texture": "#0"}
			}
		},
		{
			"name": "hexadecagon",
			"from": [7.9362, 6, 8.3216],
			"to": [8.12812, 12, 8.51456],
			"rotation": {"angle": 45, "axis": "y", "origin": [8.03216, 6, 8.03216]},
			"faces": {
				"north": {"uv": [0, 6.5, 0.125, 8], "texture": "#0"},
				"east": {"uv": [6.5, 0, 6.625, 1.5], "texture": "#0"},
				"south": {"uv": [0.25, 6.5, 0.375, 8], "texture": "#0"},
				"west": {"uv": [0.5, 6.5, 0.625, 8], "texture": "#0"},
				"up": {"uv": [9.375, 9.625, 9.25, 9.5], "texture": "#0"},
				"down": {"uv": [9.625, 9.25, 9.5, 9.375], "texture": "#0"}
			}
		},
		{
			"name": "hexadecagon",
			"from": [7.54976, 6, 7.9362],
			"to": [7.74272, 12, 8.12812],
			"rotation": {"angle": -22.5, "axis": "y", "origin": [8.03216, 6, 8.03216]},
			"faces": {
				"north": {"uv": [0.75, 6.5, 0.875, 8], "texture": "#0"},
				"east": {"uv": [1, 6.5, 1.125, 8], "texture": "#0"},
				"south": {"uv": [1.25, 6.5, 1.375, 8], "texture": "#0"},
				"west": {"uv": [1.5, 6.5, 1.625, 8], "texture": "#0"},
				"up": {"uv": [9.625, 9.625, 9.5, 9.5], "texture": "#0"},
				"down": {"uv": [0.125, 9.75, 0, 9.875], "texture": "#0"}
			}
		},
		{
			"name": "hexadecagon",
			"from": [7.54976, 6, 7.9362],
			"to": [7.74272, 12, 8.12812],
			"rotation": {"angle": 0, "axis": "y", "origin": [8.03216, 6, 8.03216]},
			"faces": {
				"north": {"uv": [6.5, 1.5, 6.625, 3], "texture": "#0"},
				"east": {"uv": [1.75, 6.5, 1.875, 8], "texture": "#0"},
				"south": {"uv": [2, 6.5, 2.125, 8], "texture": "#0"},
				"west": {"uv": [2.25, 6.5, 2.375, 8], "texture": "#0"},
				"up": {"uv": [9.875, 0.125, 9.75, 0], "texture": "#0"},
				"down": {"uv": [0.375, 9.75, 0.25, 9.875], "texture": "#0"}
			}
		},
		{
			"name": "hexadecagon",
			"from": [7.54976, 6, 7.9362],
			"to": [7.74272, 12, 8.12812],
			"rotation": {"angle": 22.5, "axis": "y", "origin": [8.03216, 6, 8.03216]},
			"faces": {
				"north": {"uv": [6.5, 3, 6.625, 4.5], "texture": "#0"},
				"east": {"uv": [6.5, 4.5, 6.625, 6], "texture": "#0"},
				"south": {"uv": [6.5, 6, 6.625, 7.5], "texture": "#0"},
				"west": {"uv": [6.75, 0, 6.875, 1.5], "texture": "#0"},
				"up": {"uv": [9.875, 0.375, 9.75, 0.25], "texture": "#0"},
				"down": {"uv": [0.625, 9.75, 0.5, 9.875], "texture": "#0"}
			}
		},
		{
			"name": "hexadecagon",
			"from": [8.3216, 6, 7.9362],
			"to": [8.51456, 12, 8.12812],
			"rotation": {"angle": -22.5, "axis": "y", "origin": [8.03216, 6, 8.03216]},
			"faces": {
				"north": {"uv": [6.75, 1.5, 6.875, 3], "texture": "#0"},
				"east": {"uv": [6.75, 3, 6.875, 4.5], "texture": "#0"},
				"south": {"uv": [6.75, 4.5, 6.875, 6], "texture": "#0"},
				"west": {"uv": [6.75, 6, 6.875, 7.5], "texture": "#0"},
				"up": {"uv": [9.875, 0.625, 9.75, 0.5], "texture": "#0"},
				"down": {"uv": [0.875, 9.75, 0.75, 9.875], "texture": "#0"}
			}
		},
		{
			"name": "hexadecagon",
			"from": [8.3216, 6, 7.9362],
			"to": [8.51456, 12, 8.12812],
			"rotation": {"angle": 0, "axis": "y", "origin": [8.03216, 6, 8.03216]},
			"faces": {
				"north": {"uv": [7, 0, 7.125, 1.5], "texture": "#0"},
				"east": {"uv": [7, 1.5, 7.125, 3], "texture": "#0"},
				"south": {"uv": [7, 3, 7.125, 4.5], "texture": "#0"},
				"west": {"uv": [7, 4.5, 7.125, 6], "texture": "#0"},
				"up": {"uv": [9.875, 0.875, 9.75, 0.75], "texture": "#0"},
				"down": {"uv": [1.125, 9.75, 1, 9.875], "texture": "#0"}
			}
		},
		{
			"name": "hexadecagon",
			"from": [8.3216, 6, 7.9362],
			"to": [8.51456, 12, 8.12812],
			"rotation": {"angle": 22.5, "axis": "y", "origin": [8.03216, 6, 8.03216]},
			"faces": {
				"north": {"uv": [7, 6, 7.125, 7.5], "texture": "#0"},
				"east": {"uv": [7.25, 0, 7.375, 1.5], "texture": "#0"},
				"south": {"uv": [7.25, 1.5, 7.375, 3], "texture": "#0"},
				"west": {"uv": [7.25, 3, 7.375, 4.5], "texture": "#0"},
				"up": {"uv": [9.875, 1.125, 9.75, 1], "texture": "#0"},
				"down": {"uv": [1.375, 9.75, 1.25, 9.875], "texture": "#0"}
			}
		},
		{
			"name": "hexadecagon",
			"from": [7.87188, 12, 7.48544],
			"to": [8.0638, 18, 7.6784],
			"rotation": {"angle": -45, "axis": "y", "origin": [7.96784, 12, 7.96784]},
			"faces": {
				"north": {"uv": [7.25, 4.5, 7.375, 6], "texture": "#0"},
				"east": {"uv": [7.25, 6, 7.375, 7.5], "texture": "#0"},
				"south": {"uv": [7.5, 0, 7.625, 1.5], "texture": "#0"},
				"west": {"uv": [7.5, 1.5, 7.625, 3], "texture": "#0"},
				"up": {"uv": [9.875, 1.375, 9.75, 1.25], "texture": "#0"},
				"down": {"uv": [1.625, 9.75, 1.5, 9.875], "texture": "#0"}
			}
		},
		{
			"name": "hexadecagon",
			"from": [7.87188, 12, 7.48544],
			"to": [8.0638, 18, 7.6784],
			"rotation": {"angle": -22.5, "axis": "y", "origin": [7.96784, 12, 7.96784]},
			"faces": {
				"north": {"uv": [2.5, 7.5, 2.625, 9], "texture": "#0"},
				"east": {"uv": [2.75, 7.5, 2.875, 9], "texture": "#0"},
				"south": {"uv": [3, 7.5, 3.125, 9], "texture": "#0"},
				"west": {"uv": [7.5, 3, 7.625, 4.5], "texture": "#0"},
				"up": {"uv": [9.875, 1.625, 9.75, 1.5], "texture": "#0"},
				"down": {"uv": [1.875, 9.75, 1.75, 9.875], "texture": "#0"}
			}
		},
		{
			"name": "hexadecagon",
			"from": [7.87188, 12, 7.48544],
			"to": [8.0638, 18, 7.6784],
			"rotation": {"angle": 0, "axis": "y", "origin": [7.96784, 12, 7.96784]},
			"faces": {
				"north": {"uv": [3.25, 7.5, 3.375, 9], "texture": "#0"},
				"east": {"uv": [3.5, 7.5, 3.625, 9], "texture": "#0"},
				"south": {"uv": [3.75, 7.5, 3.875, 9], "texture": "#0"},
				"west": {"uv": [4, 7.5, 4.125, 9], "texture": "#0"},
				"up": {"uv": [9.875, 1.875, 9.75, 1.75], "texture": "#0"},
				"down": {"uv": [2.125, 9.75, 2, 9.875], "texture": "#0"}
			}
		},
		{
			"name": "hexadecagon",
			"from": [7.87188, 12, 7.48544],
			"to": [8.0638, 18, 7.6784],
			"rotation": {"angle": 22.5, "axis": "y", "origin": [7.96784, 12, 7.96784]},
			"faces": {
				"north": {"uv": [4.25, 7.5, 4.375, 9], "texture": "#0"},
				"east": {"uv": [4.5, 7.5, 4.625, 9], "texture": "#0"},
				"south": {"uv": [7.5, 4.5, 7.625, 6], "texture": "#0"},
				"west": {"uv": [4.75, 7.5, 4.875, 9], "texture": "#0"},
				"up": {"uv": [9.875, 2.125, 9.75, 2], "texture": "#0"},
				"down": {"uv": [2.375, 9.75, 2.25, 9.875], "texture": "#0"}
			}
		},
		{
			"name": "hexadecagon",
			"from": [7.87188, 12, 7.48544],
			"to": [8.0638, 18, 7.6784],
			"rotation": {"angle": 45, "axis": "y", "origin": [7.96784, 12, 7.96784]},
			"faces": {
				"north": {"uv": [5, 7.5, 5.125, 9], "texture": "#0"},
				"east": {"uv": [5.25, 7.5, 5.375, 9], "texture": "#0"},
				"south": {"uv": [5.5, 7.5, 5.625, 9], "texture": "#0"},
				"west": {"uv": [5.75, 7.5, 5.875, 9], "texture": "#0"},
				"up": {"uv": [9.875, 2.375, 9.75, 2.25], "texture": "#0"},
				"down": {"uv": [9.875, 2.5, 9.75, 2.625], "texture": "#0"}
			}
		},
		{
			"name": "hexadecagon",
			"from": [7.87188, 12, 8.25728],
			"to": [8.0638, 18, 8.45024],
			"rotation": {"angle": -45, "axis": "y", "origin": [7.96784, 12, 7.96784]},
			"faces": {
				"north": {"uv": [6, 7.5, 6.125, 9], "texture": "#0"},
				"east": {"uv": [7.5, 6, 7.625, 7.5], "texture": "#0"},
				"south": {"uv": [6.25, 7.5, 6.375, 9], "texture": "#0"},
				"west": {"uv": [6.5, 7.5, 6.625, 9], "texture": "#0"},
				"up": {"uv": [9.875, 2.875, 9.75, 2.75], "texture": "#0"},
				"down": {"uv": [9.875, 3, 9.75, 3.125], "texture": "#0"}
			}
		},
		{
			"name": "hexadecagon",
			"from": [7.87188, 12, 8.25728],
			"to": [8.0638, 18, 8.45024],
			"rotation": {"angle": -22.5, "axis": "y", "origin": [7.96784, 12, 7.96784]},
			"faces": {
				"north": {"uv": [6.75, 7.5, 6.875, 9], "texture": "#0"},
				"east": {"uv": [7, 7.5, 7.125, 9], "texture": "#0"},
				"south": {"uv": [7.25, 7.5, 7.375, 9], "texture": "#0"},
				"west": {"uv": [7.5, 7.5, 7.625, 9], "texture": "#0"},
				"up": {"uv": [9.875, 3.375, 9.75, 3.25], "texture": "#0"},
				"down": {"uv": [9.875, 3.5, 9.75, 3.625], "texture": "#0"}
			}
		},
		{
			"name": "hexadecagon",
			"from": [7.87188, 12, 8.25728],
			"to": [8.0638, 18, 8.45024],
			"rotation": {"angle": 0, "axis": "y", "origin": [7.96784, 12, 7.96784]},
			"faces": {
				"north": {"uv": [7.75, 0, 7.875, 1.5], "texture": "#0"},
				"east": {"uv": [7.75, 1.5, 7.875, 3], "texture": "#0"},
				"south": {"uv": [7.75, 3, 7.875, 4.5], "texture": "#0"},
				"west": {"uv": [7.75, 4.5, 7.875, 6], "texture": "#0"},
				"up": {"uv": [9.875, 3.875, 9.75, 3.75], "texture": "#0"},
				"down": {"uv": [9.875, 4, 9.75, 4.125], "texture": "#0"}
			}
		},
		{
			"name": "hexadecagon",
			"from": [7.87188, 12, 8.25728],
			"to": [8.0638, 18, 8.45024],
			"rotation": {"angle": 22.5, "axis": "y", "origin": [7.96784, 12, 7.96784]},
			"faces": {
				"north": {"uv": [7.75, 6, 7.875, 7.5], "texture": "#0"},
				"east": {"uv": [7.75, 7.5, 7.875, 9], "texture": "#0"},
				"south": {"uv": [0, 8, 0.125, 9.5], "texture": "#0"},
				"west": {"uv": [8, 0, 8.125, 1.5], "texture": "#0"},
				"up": {"uv": [9.875, 4.375, 9.75, 4.25], "texture": "#0"},
				"down": {"uv": [9.875, 4.5, 9.75, 4.625], "texture": "#0"}
			}
		},
		{
			"name": "hexadecagon",
			"from": [7.87188, 12, 8.25728],
			"to": [8.0638, 18, 8.45024],
			"rotation": {"angle": 45, "axis": "y", "origin": [7.96784, 12, 7.96784]},
			"faces": {
				"north": {"uv": [0.25, 8, 0.375, 9.5], "texture": "#0"},
				"east": {"uv": [0.5, 8, 0.625, 9.5], "texture": "#0"},
				"south": {"uv": [0.75, 8, 0.875, 9.5], "texture": "#0"},
				"west": {"uv": [1, 8, 1.125, 9.5], "texture": "#0"},
				"up": {"uv": [9.875, 4.875, 9.75, 4.75], "texture": "#0"},
				"down": {"uv": [9.875, 5, 9.75, 5.125], "texture": "#0"}
			}
		},
		{
			"name": "hexadecagon",
			"from": [7.48544, 12, 7.87188],
			"to": [7.6784, 18, 8.0638],
			"rotation": {"angle": -22.5, "axis": "y", "origin": [7.96784, 12, 7.96784]},
			"faces": {
				"north": {"uv": [1.25, 8, 1.375, 9.5], "texture": "#0"},
				"east": {"uv": [1.5, 8, 1.625, 9.5], "texture": "#0"},
				"south": {"uv": [8, 1.5, 8.125, 3], "texture": "#0"},
				"west": {"uv": [1.75, 8, 1.875, 9.5], "texture": "#0"},
				"up": {"uv": [9.875, 5.375, 9.75, 5.25], "texture": "#0"},
				"down": {"uv": [9.875, 5.5, 9.75, 5.625], "texture": "#0"}
			}
		},
		{
			"name": "hexadecagon",
			"from": [7.48544, 12, 7.87188],
			"to": [7.6784, 18, 8.0638],
			"rotation": {"angle": 0, "axis": "y", "origin": [7.96784, 12, 7.96784]},
			"faces": {
				"north": {"uv": [2, 8, 2.125, 9.5], "texture": "#0"},
				"east": {"uv": [2.25, 8, 2.375, 9.5], "texture": "#0"},
				"south": {"uv": [8, 3, 8.125, 4.5], "texture": "#0"},
				"west": {"uv": [8, 4.5, 8.125, 6], "texture": "#0"},
				"up": {"uv": [9.875, 5.875, 9.75, 5.75], "texture": "#0"},
				"down": {"uv": [9.875, 6, 9.75, 6.125], "texture": "#0"}
			}
		},
		{
			"name": "hexadecagon",
			"from": [7.48544, 12, 7.87188],
			"to": [7.6784, 18, 8.0638],
			"rotation": {"angle": 22.5, "axis": "y", "origin": [7.96784, 12, 7.96784]},
			"faces": {
				"north": {"uv": [8, 6, 8.125, 7.5], "texture": "#0"},
				"east": {"uv": [8, 7.5, 8.125, 9], "texture": "#0"},
				"south": {"uv": [8.25, 0, 8.375, 1.5], "texture": "#0"},
				"west": {"uv": [8.25, 1.5, 8.375, 3], "texture": "#0"},
				"up": {"uv": [9.875, 6.375, 9.75, 6.25], "texture": "#0"},
				"down": {"uv": [9.875, 6.5, 9.75, 6.625], "texture": "#0"}
			}
		},
		{
			"name": "hexadecagon",
			"from": [8.25728, 12, 7.87188],
			"to": [8.45024, 18, 8.0638],
			"rotation": {"angle": -22.5, "axis": "y", "origin": [7.96784, 12, 7.96784]},
			"faces": {
				"north": {"uv": [8.25, 3, 8.375, 4.5], "texture": "#0"},
				"east": {"uv": [8.25, 4.5, 8.375, 6], "texture": "#0"},
				"south": {"uv": [8.25, 6, 8.375, 7.5], "texture": "#0"},
				"west": {"uv": [8.25, 7.5, 8.375, 9], "texture": "#0"},
				"up": {"uv": [9.875, 6.875, 9.75, 6.75], "texture": "#0"},
				"down": {"uv": [9.875, 7, 9.75, 7.125], "texture": "#0"}
			}
		},
		{
			"name": "hexadecagon",
			"from": [8.25728, 12, 7.87188],
			"to": [8.45024, 18, 8.0638],
			"rotation": {"angle": 0, "axis": "y", "origin": [7.96784, 12, 7.96784]},
			"faces": {
				"north": {"uv": [8.5, 0, 8.625, 1.5], "texture": "#0"},
				"east": {"uv": [8.5, 1.5, 8.625, 3], "texture": "#0"},
				"south": {"uv": [8.5, 3, 8.625, 4.5], "texture": "#0"},
				"west": {"uv": [8.5, 4.5, 8.625, 6], "texture": "#0"},
				"up": {"uv": [9.875, 7.375, 9.75, 7.25], "texture": "#0"},
				"down": {"uv": [9.875, 7.5, 9.75, 7.625], "texture": "#0"}
			}
		},
		{
			"name": "hexadecagon",
			"from": [8.25728, 12, 7.87188],
			"to": [8.45024, 18, 8.0638],
			"rotation": {"angle": 22.5, "axis": "y", "origin": [7.96784, 12, 7.96784]},
			"faces": {
				"north": {"uv": [8.5, 6, 8.625, 7.5], "texture": "#0"},
				"east": {"uv": [8.5, 7.5, 8.625, 9], "texture": "#0"},
				"south": {"uv": [8.75, 0, 8.875, 1.5], "texture": "#0"},
				"west": {"uv": [8.75, 1.5, 8.875, 3], "texture": "#0"},
				"up": {"uv": [9.875, 7.875, 9.75, 7.75], "texture": "#0"},
				"down": {"uv": [9.875, 8, 9.75, 8.125], "texture": "#0"}
			}
		},
		{
			"name": "hexadecagon",
			"from": [7.87188, 18, 7.54976],
			"to": [8.0638, 23.5, 7.74272],
			"rotation": {"angle": -45, "axis": "y", "origin": [7.96784, 18, 8.03216]},
			"faces": {
				"north": {"uv": [9, 4.5, 9.125, 5.875], "texture": "#0"},
				"east": {"uv": [4.75, 9, 4.875, 10.375], "texture": "#0"},
				"south": {"uv": [5, 9, 5.125, 10.375], "texture": "#0"},
				"west": {"uv": [5.25, 9, 5.375, 10.375], "texture": "#0"},
				"up": {"uv": [9.875, 8.375, 9.75, 8.25], "texture": "#0"},
				"down": {"uv": [9.875, 8.5, 9.75, 8.625], "texture": "#0"}
			}
		},
		{
			"name": "hexadecagon",
			"from": [7.87188, 18, 7.54976],
			"to": [8.0638, 23.25, 7.74272],
			"rotation": {"angle": -22.5, "axis": "y", "origin": [7.96784, 18, 8.03216]},
			"faces": {
				"north": {"uv": [8, 9, 8.125, 10.25], "texture": "#0"},
				"east": {"uv": [8.25, 9, 8.375, 10.25], "texture": "#0"},
				"south": {"uv": [8.5, 9, 8.625, 10.25], "texture": "#0"},
				"west": {"uv": [8.75, 9, 8.875, 10.25], "texture": "#0"},
				"up": {"uv": [9.875, 8.875, 9.75, 8.75], "texture": "#0"},
				"down": {"uv": [9.875, 9, 9.75, 9.125], "texture": "#0"}
			}
		},
		{
			"name": "hexadecagon",
			"from": [7.87188, 18, 7.54976],
			"to": [8.0638, 23, 7.74272],
			"rotation": {"angle": 0, "axis": "y", "origin": [7.96784, 18, 8.03216]},
			"faces": {
				"north": {"uv": [9, 9, 9.125, 10.25], "texture": "#0"},
				"east": {"uv": [9.25, 0, 9.375, 1.25], "texture": "#0"},
				"south": {"uv": [9.25, 1.25, 9.375, 2.5], "texture": "#0"},
				"west": {"uv": [9.25, 2.5, 9.375, 3.75], "texture": "#0"},
				"up": {"uv": [9.375, 9.875, 9.25, 9.75], "texture": "#0"},
				"down": {"uv": [9.875, 9.25, 9.75, 9.375], "texture": "#0"}
			}
		},
		{
			"name": "hexadecagon",
			"from": [7.87188, 18, 7.54976],
			"to": [8.0638, 23.25, 7.74272],
			"rotation": {"angle": 22.5, "axis": "y", "origin": [7.96784, 18, 8.03216]},
			"faces": {
				"north": {"uv": [9.25, 3.75, 9.375, 5], "texture": "#0"},
				"east": {"uv": [9.25, 5, 9.375, 6.25], "texture": "#0"},
				"south": {"uv": [9.25, 6.25, 9.375, 7.5], "texture": "#0"},
				"west": {"uv": [9.25, 7.5, 9.375, 8.75], "texture": "#0"},
				"up": {"uv": [9.625, 9.875, 9.5, 9.75], "texture": "#0"},
				"down": {"uv": [9.875, 9.5, 9.75, 9.625], "texture": "#0"}
			}
		},
		{
			"name": "hexadecagon",
			"from": [7.87188, 18, 7.54976],
			"to": [8.0638, 23.5, 7.74272],
			"rotation": {"angle": 45, "axis": "y", "origin": [7.96784, 18, 8.03216]},
			"faces": {
				"north": {"uv": [5.5, 9, 5.625, 10.375], "texture": "#0"},
				"east": {"uv": [5.75, 9, 5.875, 10.375], "texture": "#0"},
				"south": {"uv": [6, 9, 6.125, 10.375], "texture": "#0"},
				"west": {"uv": [9, 6, 9.125, 7.375], "texture": "#0"},
				"up": {"uv": [9.875, 9.875, 9.75, 9.75], "texture": "#0"},
				"down": {"uv": [0.125, 10, 0, 10.125], "texture": "#0"}
			}
		},
		{
			"name": "hexadecagon",
			"from": [7.87188, 18, 8.3216],
			"to": [8.0638, 24.5, 8.51456],
			"rotation": {"angle": -45, "axis": "y", "origin": [7.96784, 18, 8.03216]},
			"faces": {
				"north": {"uv": [1, 0, 1.125, 1.625], "texture": "#0"},
				"east": {"uv": [1.25, 0, 1.375, 1.625], "texture": "#0"},
				"south": {"uv": [1.5, 0, 1.625, 1.625], "texture": "#0"},
				"west": {"uv": [0, 1.75, 0.125, 3.375], "texture": "#0"},
				"up": {"uv": [10.125, 0.125, 10, 0], "texture": "#0"},
				"down": {"uv": [0.375, 10, 0.25, 10.125], "texture": "#0"}
			}
		},
		{
			"name": "hexadecagon",
			"from": [7.87188, 18, 8.3216],
			"to": [8.0638, 24.75, 8.51456],
			"rotation": {"angle": -22.5, "axis": "y", "origin": [7.96784, 18, 8.03216]},
			"faces": {
				"north": {"uv": [1.75, 0, 1.875, 1.625], "texture": "#0"},
				"east": {"uv": [0.25, 1.75, 0.375, 3.375], "texture": "#0"},
				"south": {"uv": [0.5, 1.75, 0.625, 3.375], "texture": "#0"},
				"west": {"uv": [0.75, 1.75, 0.875, 3.375], "texture": "#0"},
				"up": {"uv": [10.125, 0.375, 10, 0.25], "texture": "#0"},
				"down": {"uv": [0.625, 10, 0.5, 10.125], "texture": "#0"}
			}
		},
		{
			"name": "hexadecagon",
			"from": [7.87188, 18, 8.3216],
			"to": [8.0638, 25, 8.51456],
			"rotation": {"angle": 0, "axis": "y", "origin": [7.96784, 18, 8.03216]},
			"faces": {
				"north": {"uv": [0, 0, 0.125, 1.75], "texture": "#0"},
				"east": {"uv": [0.25, 0, 0.375, 1.75], "texture": "#0"},
				"south": {"uv": [0.5, 0, 0.625, 1.75], "texture": "#0"},
				"west": {"uv": [0.75, 0, 0.875, 1.75], "texture": "#0"},
				"up": {"uv": [10.125, 0.625, 10, 0.5], "texture": "#0"},
				"down": {"uv": [0.875, 10, 0.75, 10.125], "texture": "#0"}
			}
		},
		{
			"name": "hexadecagon",
			"from": [7.87188, 18, 8.3216],
			"to": [8.0638, 24.75, 8.51456],
			"rotation": {"angle": 22.5, "axis": "y", "origin": [7.96784, 18, 8.03216]},
			"faces": {
				"north": {"uv": [1, 1.75, 1.125, 3.375], "texture": "#0"},
				"east": {"uv": [1.25, 1.75, 1.375, 3.375], "texture": "#0"},
				"south": {"uv": [1.5, 1.75, 1.625, 3.375], "texture": "#0"},
				"west": {"uv": [1.75, 1.75, 1.875, 3.375], "texture": "#0"},
				"up": {"uv": [10.125, 0.875, 10, 0.75], "texture": "#0"},
				"down": {"uv": [1.125, 10, 1, 10.125], "texture": "#0"}
			}
		},
		{
			"name": "hexadecagon",
			"from": [7.87188, 18, 8.3216],
			"to": [8.0638, 24.5, 8.51456],
			"rotation": {"angle": 45, "axis": "y", "origin": [7.96784, 18, 8.03216]},
			"faces": {
				"north": {"uv": [2, 0, 2.125, 1.625], "texture": "#0"},
				"east": {"uv": [2, 1.75, 2.125, 3.375], "texture": "#0"},
				"south": {"uv": [2.25, 0, 2.375, 1.625], "texture": "#0"},
				"west": {"uv": [2.25, 1.75, 2.375, 3.375], "texture": "#0"},
				"up": {"uv": [10.125, 1.125, 10, 1], "texture": "#0"},
				"down": {"uv": [1.375, 10, 1.25, 10.125], "texture": "#0"}
			}
		},
		{
			"name": "hexadecagon",
			"from": [7.48544, 18, 7.9362],
			"to": [7.6784, 23.75, 8.12812],
			"rotation": {"angle": -22.5, "axis": "y", "origin": [7.96784, 18, 8.03216]},
			"faces": {
				"north": {"uv": [6.25, 9, 6.375, 10.375], "texture": "#0"},
				"east": {"uv": [6.5, 9, 6.625, 10.375], "texture": "#0"},
				"south": {"uv": [6.75, 9, 6.875, 10.375], "texture": "#0"},
				"west": {"uv": [7, 9, 7.125, 10.375], "texture": "#0"},
				"up": {"uv": [10.125, 1.375, 10, 1.25], "texture": "#0"},
				"down": {"uv": [1.625, 10, 1.5, 10.125], "texture": "#0"}
			}
		},
		{
			"name": "hexadecagon",
			"from": [7.48544, 18, 7.9362],
			"to": [7.6784, 24, 8.12812],
			"rotation": {"angle": 0, "axis": "y", "origin": [7.96784, 18, 8.03216]},
			"faces": {
				"north": {"uv": [8.75, 3, 8.875, 4.5], "texture": "#0"},
				"east": {"uv": [8.75, 4.5, 8.875, 6], "texture": "#0"},
				"south": {"uv": [8.75, 6, 8.875, 7.5], "texture": "#0"},
				"west": {"uv": [8.75, 7.5, 8.875, 9], "texture": "#0"},
				"up": {"uv": [10.125, 1.625, 10, 1.5], "texture": "#0"},
				"down": {"uv": [1.875, 10, 1.75, 10.125], "texture": "#0"}
			}
		},
		{
			"name": "hexadecagon",
			"from": [7.48544, 18, 7.9362],
			"to": [7.6784, 24.25, 8.12812],
			"rotation": {"angle": 22.5, "axis": "y", "origin": [7.96784, 18, 8.03216]},
			"faces": {
				"north": {"uv": [9, 0, 9.125, 1.5], "texture": "#0"},
				"east": {"uv": [9, 1.5, 9.125, 3], "texture": "#0"},
				"south": {"uv": [2.5, 9, 2.625, 10.5], "texture": "#0"},
				"west": {"uv": [2.75, 9, 2.875, 10.5], "texture": "#0"},
				"up": {"uv": [10.125, 1.875, 10, 1.75], "texture": "#0"},
				"down": {"uv": [2.125, 10, 2, 10.125], "texture": "#0"}
			}
		},
		{
			"name": "hexadecagon",
			"from": [8.25728, 18, 7.9362],
			"to": [8.45024, 24.25, 8.12812],
			"rotation": {"angle": -22.5, "axis": "y", "origin": [7.96784, 18, 8.03216]},
			"faces": {
				"north": {"uv": [3, 9, 3.125, 10.5], "texture": "#0"},
				"east": {"uv": [9, 3, 9.125, 4.5], "texture": "#0"},
				"south": {"uv": [3.25, 9, 3.375, 10.5], "texture": "#0"},
				"west": {"uv": [3.5, 9, 3.625, 10.5], "texture": "#0"},
				"up": {"uv": [10.125, 2.125, 10, 2], "texture": "#0"},
				"down": {"uv": [2.375, 10, 2.25, 10.125], "texture": "#0"}
			}
		},
		{
			"name": "hexadecagon",
			"from": [8.25728, 18, 7.9362],
			"to": [8.45024, 24, 8.12812],
			"rotation": {"angle": 0, "axis": "y", "origin": [7.96784, 18, 8.03216]},
			"faces": {
				"north": {"uv": [3.75, 9, 3.875, 10.5], "texture": "#0"},
				"east": {"uv": [4, 9, 4.125, 10.5], "texture": "#0"},
				"south": {"uv": [4.25, 9, 4.375, 10.5], "texture": "#0"},
				"west": {"uv": [4.5, 9, 4.625, 10.5], "texture": "#0"},
				"up": {"uv": [10.125, 2.375, 10, 2.25], "texture": "#0"},
				"down": {"uv": [10.125, 2.5, 10, 2.625], "texture": "#0"}
			}
		},
		{
			"name": "hexadecagon",
			"from": [8.25728, 18, 7.9362],
			"to": [8.45024, 23.75, 8.12812],
			"rotation": {"angle": 22.5, "axis": "y", "origin": [7.96784, 18, 8.03216]},
			"faces": {
				"north": {"uv": [7.25, 9, 7.375, 10.375], "texture": "#0"},
				"east": {"uv": [7.5, 9, 7.625, 10.375], "texture": "#0"},
				"south": {"uv": [9, 7.5, 9.125, 8.875], "texture": "#0"},
				"west": {"uv": [7.75, 9, 7.875, 10.375], "texture": "#0"},
				"up": {"uv": [10.125, 2.875, 10, 2.75], "texture": "#0"},
				"down": {"uv": [10.125, 3, 10, 3.125], "texture": "#0"}
			}
		}
	],
	"display": {
		"thirdperson_righthand": {
			"translation": [0, 6.5, 1.5]
		},
		"thirdperson_lefthand": {
			"translation": [0, 6.5, 1.5]
		},
		"firstperson_righthand": {
			"rotation": [-36, 0, 0],
			"translation": [4, -3, 0]
		},
		"firstperson_lefthand": {
			"rotation": [-36, 0, 0],
			"translation": [4, -3, 0]
		},
		"gui": {
			"rotation": [-90, -43, -90],
			"translation": [-3.25, -2.5, -0.25],
			"scale": [0.84, 0.84, 0.84]
		},
		"fixed": {
			"rotation": [-90, -43, -90],
			"translation": [-3.75, -2.5, -0.25]
		}
	},
	"groups": [
		{
			"name": "hexadecagon",
			"origin": [8, 8, 8],
			"color": 0,
			"children": [0, 1, 2, 3, 4, 5, 6, 7, 8, 9, 10, 11, 12, 13, 14, 15]
		},
		{
			"name": "hexadecagon",
			"origin": [8, 8, 8],
			"color": 0,
			"children": [16, 17, 18, 19, 20, 21, 22, 23, 24, 25, 26, 27, 28, 29, 30, 31]
		},
		{
			"name": "hexadecagon",
			"origin": [8, 8, 8],
			"color": 0,
			"children": [32, 33, 34, 35, 36, 37, 38, 39, 40, 41, 42, 43, 44, 45, 46, 47]
		},
		{
			"name": "hexadecagon",
			"origin": [8, 8, 8],
			"color": 0,
			"children": [48, 49, 50, 51, 52, 53, 54, 55, 56, 57, 58, 59, 60, 61, 62, 63]
		},
		{
			"name": "group",
			"origin": [8, 0.6, -0.5],
			"color": 0,
			"children": []
		}
	]
}