{
	"credit": "Made with Blockbench",
	"textures": {
		"11": "item/backpacks/stone_slab_top",
		"18": "item/backpacks/concrete_brown",
		"19": "item/backpacks/concrete_gray",
		"particle": "item/backpacks/anvil_base"
	},
	"elements": [
		{
			"from": [2, 0, 2],
			"to": [14, 2, 4],
			"rotation": {"angle": 0, "axis": "y", "origin": [10, 8, 10]},
			"faces": {
				"north": {"uv": [0, 0, 12, 2], "texture": "#19"},
				"east": {"uv": [0, 0, 2, 2], "texture": "#19"},
				"south": {"uv": [0, 0, 12, 2], "texture": "#19"},
				"west": {"uv": [0, 0, 2, 2], "texture": "#19"},
				"up": {"uv": [0, 0, 12, 2], "texture": "#19"},
				"down": {"uv": [0, 0, 12, 2], "texture": "#19"}
			}
		},
		{
			"from": [1, 16, 4.4],
			"to": [15, 19, 7.4],
			"rotation": {"angle": 0, "axis": "y", "origin": [9, 24, 13]},
			"faces": {
				"north": {"uv": [0, 0, 12, 2], "texture": "#19"},
				"east": {"uv": [0, 0, 2, 2], "texture": "#19"},
				"south": {"uv": [0, 0, 12, 2], "texture": "#19"},
				"west": {"uv": [0, 0, 2, 2], "texture": "#19"},
				"up": {"uv": [0, 0, 12, 2], "texture": "#19"},
				"down": {"uv": [0, 0, 12, 2], "texture": "#19"}
			}
		},
		{
			"from": [2, 0, 4],
			"to": [14, 16, 10],
			"rotation": {"angle": 0, "axis": "y", "origin": [10, 8, 12]},
			"faces": {
				"north": {"uv": [0, 0, 10, 14], "texture": "#18"},
				"east": {"uv": [0, 0, 6, 14], "texture": "#18"},
				"south": {"uv": [0, 0, 10, 14], "texture": "#18"},
				"west": {"uv": [0, 0, 6, 14], "texture": "#18"},
				"up": {"uv": [0, 0, 10, 6], "texture": "#18"},
				"down": {"uv": [0, 0, 10, 6], "texture": "#18"}
			}
		},
		{
			"from": [4, 3, 2],
			"to": [12, 9, 4],
			"rotation": {"angle": 0, "axis": "y", "origin": [12, 11, 10]},
			"faces": {
				"north": {"uv": [0, 0, 8, 6], "texture": "#19"},
				"east": {"uv": [0, 0, 2, 6], "texture": "#19"},
				"south": {"uv": [0, 0, 8, 6], "texture": "#19"},
				"west": {"uv": [0, 0, 2, 6], "texture": "#19"},
				"up": {"uv": [0, 0, 8, 2], "texture": "#19"},
				"down": {"uv": [0, 0, 8, 2], "texture": "#19"}
			}
		},
		{
			"from": [5, 11, 3],
			"to": [11, 15, 4],
			"rotation": {"angle": 0, "axis": "y", "origin": [13, 19, 11]},
			"faces": {
				"north": {"uv": [0, 0, 8, 6], "texture": "#19"},
				"east": {"uv": [0, 0, 2, 6], "texture": "#19"},
				"south": {"uv": [0, 0, 8, 6], "texture": "#19"},
				"west": {"uv": [0, 0, 2, 6], "texture": "#19"},
				"up": {"uv": [0, 0, 8, 2], "texture": "#19"},
				"down": {"uv": [0, 0, 8, 2], "texture": "#19"}
			}
		},
		{
			"from": [1, 1, 5],
			"to": [2, 9, 8],
			"rotation": {"angle": 0, "axis": "y", "origin": [9, 9, 13]},
			"faces": {
				"north": {"uv": [0, 0, 1, 8], "texture": "#19"},
				"east": {"uv": [0, 0, 2, 8], "texture": "#19"},
				"south": {"uv": [0, 0, 1, 8], "texture": "#19"},
				"west": {"uv": [0, 0, 2, 8], "texture": "#19"},
				"up": {"uv": [0, 0, 1, 2], "texture": "#19"},
				"down": {"uv": [0, 0, 1, 2], "texture": "#19"}
			}
		},
		{
			"from": [14, 1, 5],
			"to": [15, 9, 8],
			"rotation": {"angle": 0, "axis": "y", "origin": [22, 9, 13]},
			"faces": {
				"north": {"uv": [0, 0, 1, 8], "texture": "#19"},
				"east": {"uv": [0, 0, 2, 8], "texture": "#19"},
				"south": {"uv": [0, 0, 1, 8], "texture": "#19"},
				"west": {"uv": [0, 0, 2, 8], "texture": "#19"},
				"up": {"uv": [0, 0, 1, 2], "texture": "#19"},
				"down": {"uv": [0, 0, 1, 2], "texture": "#19"}
			}
		},
		{
			"from": [14, 9, 5],
			"to": [15, 9.1, 8],
			"rotation": {"angle": 0, "axis": "y", "origin": [22, 17, 13]},
			"faces": {
				"north": {"uv": [0, 0, 1.3, 0.5], "texture": "#18"},
				"east": {"uv": [0, 0, 2.5, 0.5], "texture": "#18"},
				"south": {"uv": [0, 0, 1.3, 0.5], "texture": "#18"},
				"west": {"uv": [0, 0, 2.5, 0.5], "texture": "#18"},
				"up": {"uv": [0, 0, 1.3, 2.5], "texture": "#18"},
				"down": {"uv": [0, 0, 1.3, 2.5], "texture": "#18"}
			}
		},
		{
			"from": [1, 9, 5],
			"to": [3, 9.1, 8],
			"rotation": {"angle": 0, "axis": "y", "origin": [9, 17, 13]},
			"faces": {
				"north": {"uv": [0, 0, 1.3, 0.5], "texture": "#18"},
				"east": {"uv": [0, 0, 2.5, 0.5], "texture": "#18"},
				"south": {"uv": [0, 0, 1.3, 0.5], "texture": "#18"},
				"west": {"uv": [0, 0, 2.5, 0.5], "texture": "#18"},
				"up": {"uv": [0, 0, 1.3, 2.5], "texture": "#18"},
				"down": {"uv": [0, 0, 1.3, 2.5], "texture": "#18"}
			}
		},
		{
			"from": [12, 2, 2],
			"to": [12.3, 2.3, 4],
			"rotation": {"angle": 0, "axis": "y", "origin": [20, 10, 10]},
			"faces": {
				"north": {"uv": [0, 0, 0.3, 0.3], "texture": "#11"},
				"east": {"uv": [0, 0, 2, 0.3], "texture": "#11"},
				"south": {"uv": [0, 0, 0.3, 0.3], "texture": "#11"},
				"west": {"uv": [0, 0, 2, 0.3], "texture": "#11"},
				"up": {"uv": [0, 0, 0.3, 2], "texture": "#11"},
				"down": {"uv": [0, 0, 0.3, 2], "texture": "#11"}
			}
		},
		{
			"from": [12, 19, 4.4],
			"to": [12.3, 19.3, 7.4],
			"rotation": {"angle": 0, "axis": "y", "origin": [20, 27, 12]},
			"faces": {
				"north": {"uv": [0, 0, 0.3, 0.3], "texture": "#11"},
				"east": {"uv": [0, 0, 2, 0.3], "texture": "#11"},
				"south": {"uv": [0, 0, 0.3, 0.3], "texture": "#11"},
				"west": {"uv": [0, 0, 2, 0.3], "texture": "#11"},
				"up": {"uv": [0, 0, 0.3, 2], "texture": "#11"},
				"down": {"uv": [0, 0, 0.3, 2], "texture": "#11"}
			}
		},
		{
			"from": [4, 19, 4.4],
			"to": [4.3, 19.3, 7.4],
			"rotation": {"angle": 0, "axis": "y", "origin": [12, 27, 13]},
			"faces": {
				"north": {"uv": [0, 0, 0.3, 0.3], "texture": "#11"},
				"east": {"uv": [0, 0, 2, 0.3], "texture": "#11"},
				"south": {"uv": [0, 0, 0.3, 0.3], "texture": "#11"},
				"west": {"uv": [0, 0, 2, 0.3], "texture": "#11"},
				"up": {"uv": [0, 0, 0.3, 2], "texture": "#11"},
				"down": {"uv": [0, 0, 0.3, 2], "texture": "#11"}
			}
		},
		{
			"from": [4, 2, 2],
			"to": [4.3, 2.3, 4],
			"rotation": {"angle": 0, "axis": "y", "origin": [12, 10, 10]},
			"faces": {
				"north": {"uv": [0, 0, 0.3, 0.3], "texture": "#11"},
				"east": {"uv": [0, 0, 2, 0.3], "texture": "#11"},
				"south": {"uv": [0, 0, 0.3, 0.3], "texture": "#11"},
				"west": {"uv": [0, 0, 2, 0.3], "texture": "#11"},
				"up": {"uv": [0, 0, 0.3, 2], "texture": "#11"},
				"down": {"uv": [0, 0, 0.3, 2], "texture": "#11"}
			}
		},
		{
			"from": [4, -0.3, 2],
			"to": [4.3, 0, 4],
			"rotation": {"angle": 0, "axis": "y", "origin": [12, 7, 10]},
			"faces": {
				"north": {"uv": [0, 0, 0.3, 0.3], "texture": "#11"},
				"east": {"uv": [0, 0, 2, 0.3], "texture": "#11"},
				"south": {"uv": [0, 0, 0.3, 0.3], "texture": "#11"},
				"west": {"uv": [0, 0, 2, 0.3], "texture": "#11"},
				"up": {"uv": [0, 0, 0.3, 2], "texture": "#11"},
				"down": {"uv": [0, 0, 0.3, 2], "texture": "#11"}
			}
		},
		{
			"from": [12, -0.3, 2],
			"to": [12.3, 0, 4],
			"rotation": {"angle": 0, "axis": "y", "origin": [20, 7, 10]},
			"faces": {
				"north": {"uv": [0, 0, 0.3, 0.3], "texture": "#11"},
				"east": {"uv": [0, 0, 2, 0.3], "texture": "#11"},
				"south": {"uv": [0, 0, 0.3, 0.3], "texture": "#11"},
				"west": {"uv": [0, 0, 2, 0.3], "texture": "#11"},
				"up": {"uv": [0, 0, 0.3, 2], "texture": "#11"},
				"down": {"uv": [0, 0, 0.3, 2], "texture": "#11"}
			}
		},
		{
			"from": [4, -0.3, 1.7],
			"to": [4.3, 2.3, 2],
			"rotation": {"angle": 0, "axis": "y", "origin": [12, 8, 9]},
			"faces": {
				"north": {"uv": [0, 0, 0.3, 2.6], "texture": "#11"},
				"east": {"uv": [0, 0, 0.3, 2.6], "texture": "#11"},
				"south": {"uv": [0, 0, 0.3, 2.6], "texture": "#11"},
				"west": {"uv": [0, 0, 0.3, 2.6], "texture": "#11"},
				"up": {"uv": [0, 0, 0.3, 0.3], "texture": "#11"},
				"down": {"uv": [0, 0, 0.3, 0.3], "texture": "#11"}
			}
		},
		{
			"from": [12, -0.3, 1.7],
			"to": [12.3, 2.3, 2],
			"rotation": {"angle": 0, "axis": "y", "origin": [20, 8, 9]},
			"faces": {
				"north": {"uv": [0, 0, 0.3, 2.6], "texture": "#11"},
				"east": {"uv": [0, 0, 0.3, 2.6], "texture": "#11"},
				"south": {"uv": [0, 0, 0.3, 2.6], "texture": "#11"},
				"west": {"uv": [0, 0, 0.3, 2.6], "texture": "#11"},
				"up": {"uv": [0, 0, 0.3, 0.3], "texture": "#11"},
				"down": {"uv": [0, 0, 0.3, 0.3], "texture": "#11"}
			}
		},
		{
			"from": [12, 15.7, 4.1],
			"to": [12.3, 19.3, 4.4],
			"rotation": {"angle": 0, "axis": "y", "origin": [20, 24, 12]},
			"faces": {
				"north": {"uv": [0, 0, 0.3, 2.6], "texture": "#11"},
				"east": {"uv": [0, 0, 0.3, 2.6], "texture": "#11"},
				"south": {"uv": [0, 0, 0.3, 2.6], "texture": "#11"},
				"west": {"uv": [0, 0, 0.3, 2.6], "texture": "#11"},
				"up": {"uv": [0, 0, 0.3, 0.3], "texture": "#11"},
				"down": {"uv": [0, 0, 0.3, 0.3], "texture": "#11"}
			}
		},
		{
			"from": [4, 15.7, 4.1],
			"to": [4.3, 19.3, 4.4],
			"rotation": {"angle": 0, "axis": "y", "origin": [12, 24, 12]},
			"faces": {
				"north": {"uv": [0, 0, 0.3, 2.6], "texture": "#11"},
				"east": {"uv": [0, 0, 0.3, 2.6], "texture": "#11"},
				"south": {"uv": [0, 0, 0.3, 2.6], "texture": "#11"},
				"west": {"uv": [0, 0, 0.3, 2.6], "texture": "#11"},
				"up": {"uv": [0, 0, 0.3, 0.3], "texture": "#11"},
				"down": {"uv": [0, 0, 0.3, 0.3], "texture": "#11"}
			}
		},
		{
			"from": [4, 15.7, 7.4],
			"to": [4.3, 19.3, 7.7],
			"rotation": {"angle": 0, "axis": "y", "origin": [12, 24, 16]},
			"faces": {
				"north": {"uv": [0, 0, 0.3, 2.6], "texture": "#11"},
				"east": {"uv": [0, 0, 0.3, 2.6], "texture": "#11"},
				"south": {"uv": [0, 0, 0.3, 2.6], "texture": "#11"},
				"west": {"uv": [0, 0, 0.3, 2.6], "texture": "#11"},
				"up": {"uv": [0, 0, 0.3, 0.3], "texture": "#11"},
				"down": {"uv": [0, 0, 0.3, 0.3], "texture": "#11"}
			}
		},
		{
			"from": [12, 15.7, 7.4],
			"to": [12.3, 19.3, 7.7],
			"rotation": {"angle": 0, "axis": "y", "origin": [20, 24, 16]},
			"faces": {
				"north": {"uv": [0, 0, 0.3, 2.6], "texture": "#11"},
				"east": {"uv": [0, 0, 0.3, 2.6], "texture": "#11"},
				"south": {"uv": [0, 0, 0.3, 2.6], "texture": "#11"},
				"west": {"uv": [0, 0, 0.3, 2.6], "texture": "#11"},
				"up": {"uv": [0, 0, 0.3, 0.3], "texture": "#11"},
				"down": {"uv": [0, 0, 0.3, 0.3], "texture": "#11"}
			}
		},
		{
			"from": [4, 9, 3],
			"to": [12, 9.3, 4],
			"rotation": {"angle": 0, "axis": "y", "origin": [12, 17, 11]},
			"faces": {
				"north": {"uv": [0, 0, 8, 0.3], "texture": "#18"},
				"east": {"uv": [0, 0, 1, 0.3], "texture": "#18"},
				"south": {"uv": [0, 0, 8, 0.3], "texture": "#18"},
				"west": {"uv": [0, 0, 1, 0.3], "texture": "#18"},
				"up": {"uv": [0, 0, 8, 1], "texture": "#18"},
				"down": {"uv": [0, 0, 8, 1], "texture": "#18"}
			}
		},
		{
			"from": [5, 15, 3],
			"to": [11, 15.3, 4],
			"rotation": {"angle": 0, "axis": "y", "origin": [13, 23, 11]},
			"faces": {
				"north": {"uv": [0, 0, 8, 0.3], "texture": "#18"},
				"east": {"uv": [0, 0, 1, 0.3], "texture": "#18"},
				"south": {"uv": [0, 0, 8, 0.3], "texture": "#18"},
				"west": {"uv": [0, 0, 1, 0.3], "texture": "#18"},
				"up": {"uv": [0, 0, 8, 1], "texture": "#18"},
				"down": {"uv": [0, 0, 8, 1], "texture": "#18"}
			}
		},
		{
			"from": [5, 9, 2],
			"to": [11, 9.2, 3],
			"rotation": {"angle": 0, "axis": "y", "origin": [13, 17, 10]},
			"faces": {
				"north": {"uv": [0, 0, 6, 0.2], "texture": "#18"},
				"east": {"uv": [0, 0, 1, 0.2], "texture": "#18"},
				"south": {"uv": [0, 0, 6, 0.2], "texture": "#18"},
				"west": {"uv": [0, 0, 1, 0.2], "texture": "#18"},
				"up": {"uv": [0, 0, 6, 1], "texture": "#18"},
				"down": {"uv": [0, 0, 6, 1], "texture": "#18"}
			}
		},
		{
			"from": [5, 8, 1.8],
			"to": [11, 9, 2],
			"rotation": {"angle": 0, "axis": "y", "origin": [13, 16, 9]},
			"faces": {
				"north": {"uv": [0, 0, 6, 1], "texture": "#18"},
				"east": {"uv": [0, 0, 0.2, 1], "texture": "#18"},
				"south": {"uv": [0, 0, 6, 1], "texture": "#18"},
				"west": {"uv": [0, 0, 0.2, 1], "texture": "#18"},
				"up": {"uv": [0, 0, 6, 0.2], "texture": "#18"},
				"down": {"uv": [0, 0, 6, 0.2], "texture": "#18"}
			}
		},
		{
			"from": [5, 14, 2.8],
			"to": [11, 15, 3],
			"rotation": {"angle": 0, "axis": "y", "origin": [13, 22, 10]},
			"faces": {
				"north": {"uv": [0, 0, 6, 1], "texture": "#18"},
				"east": {"uv": [0, 0, 0.2, 1], "texture": "#18"},
				"south": {"uv": [0, 0, 6, 1], "texture": "#18"},
				"west": {"uv": [0, 0, 0.2, 1], "texture": "#18"},
				"up": {"uv": [0, 0, 6, 0.2], "texture": "#18"},
				"down": {"uv": [0, 0, 6, 0.2], "texture": "#18"}
			}
		},
		{
			"from": [6, 13, 2.8],
			"to": [10, 14, 3],
			"rotation": {"angle": 0, "axis": "y", "origin": [14, 21, 10]},
			"faces": {
				"north": {"uv": [0, 0, 4, 1], "texture": "#18"},
				"east": {"uv": [0, 0, 0.2, 1], "texture": "#18"},
				"south": {"uv": [0, 0, 4, 1], "texture": "#18"},
				"west": {"uv": [0, 0, 0.2, 1], "texture": "#18"},
				"up": {"uv": [0, 0, 4, 0.2], "texture": "#18"},
				"down": {"uv": [0, 0, 4, 0.2], "texture": "#18"}
			}
		},
		{
			"from": [6, 7, 1.8],
			"to": [10, 8, 2],
			"rotation": {"angle": 0, "axis": "y", "origin": [14, 15, 9]},
			"faces": {
				"north": {"uv": [0, 0, 4, 1], "texture": "#18"},
				"east": {"uv": [0, 0, 0.2, 1], "texture": "#18"},
				"south": {"uv": [0, 0, 4, 1], "texture": "#18"},
				"west": {"uv": [0, 0, 0.2, 1], "texture": "#18"},
				"up": {"uv": [0, 0, 4, 0.2], "texture": "#18"},
				"down": {"uv": [0, 0, 4, 0.2], "texture": "#18"}
			}
		},
		{
			"from": [7, 6, 1.8],
			"to": [9, 7, 2],
			"rotation": {"angle": 0, "axis": "y", "origin": [15, 14, 9]},
			"faces": {
				"north": {"uv": [0, 0, 2, 1], "texture": "#18"},
				"east": {"uv": [0, 0, 0.2, 1], "texture": "#18"},
				"south": {"uv": [0, 0, 2, 1], "texture": "#18"},
				"west": {"uv": [0, 0, 0.2, 1], "texture": "#18"},
				"up": {"uv": [0, 0, 2, 0.2], "texture": "#18"},
				"down": {"uv": [0, 0, 2, 0.2], "texture": "#18"}
			}
		},
		{
			"from": [7, 12, 2.8],
			"to": [9, 13, 3],
			"rotation": {"angle": 0, "axis": "y", "origin": [15, 20, 10]},
			"faces": {
				"north": {"uv": [0, 0, 2, 1], "texture": "#18"},
				"east": {"uv": [0, 0, 0.2, 1], "texture": "#18"},
				"south": {"uv": [0, 0, 2, 1], "texture": "#18"},
				"west": {"uv": [0, 0, 0.2, 1], "texture": "#18"},
				"up": {"uv": [0, 0, 2, 0.2], "texture": "#18"},
				"down": {"uv": [0, 0, 2, 0.2], "texture": "#18"}
			}
		},
		{
			"from": [8, 5.5, 1.8],
			"to": [8.5, 6, 2],
			"rotation": {"angle": 0, "axis": "y", "origin": [16, 13, 9]},
			"faces": {
				"north": {"uv": [0, 0, 0.5, 0.5], "texture": "#11"},
				"east": {"uv": [0, 0, 0.2, 0.5], "texture": "#11"},
				"south": {"uv": [0, 0, 0.5, 0.5], "texture": "#11"},
				"west": {"uv": [0, 0, 0.2, 0.5], "texture": "#11"},
				"up": {"uv": [0, 0, 0.5, 0.2], "texture": "#11"},
				"down": {"uv": [0, 0, 0.5, 0.2], "texture": "#11"}
			}
		},
		{
			"from": [7.5, 5.5, 1.8],
			"to": [8, 6, 2],
			"rotation": {"angle": 0, "axis": "y", "origin": [15, 13, 9]},
			"faces": {
				"north": {"uv": [0, 0, 0.5, 0.5], "texture": "#11"},
				"east": {"uv": [0, 0, 0.2, 0.5], "texture": "#11"},
				"south": {"uv": [0, 0, 0.5, 0.5], "texture": "#11"},
				"west": {"uv": [0, 0, 0.2, 0.5], "texture": "#11"},
				"up": {"uv": [0, 0, 0.5, 0.2], "texture": "#11"},
				"down": {"uv": [0, 0, 0.5, 0.2], "texture": "#11"}
			}
		},
		{
			"from": [8, 11.5, 2.8],
			"to": [8.5, 12, 3],
			"rotation": {"angle": 0, "axis": "y", "origin": [16, 19, 10]},
			"faces": {
				"north": {"uv": [0, 0, 0.5, 0.5], "texture": "#11"},
				"east": {"uv": [0, 0, 0.2, 0.5], "texture": "#11"},
				"south": {"uv": [0, 0, 0.5, 0.5], "texture": "#11"},
				"west": {"uv": [0, 0, 0.2, 0.5], "texture": "#11"},
				"up": {"uv": [0, 0, 0.5, 0.2], "texture": "#11"},
				"down": {"uv": [0, 0, 0.5, 0.2], "texture": "#11"}
			}
		},
		{
			"from": [7.5, 11.5, 2.8],
			"to": [8, 12, 3],
			"rotation": {"angle": 0, "axis": "y", "origin": [15, 19, 10]},
			"faces": {
				"north": {"uv": [0, 0, 0.5, 0.5], "texture": "#11"},
				"east": {"uv": [0, 0, 0.2, 0.5], "texture": "#11"},
				"south": {"uv": [0, 0, 0.5, 0.5], "texture": "#11"},
				"west": {"uv": [0, 0, 0.2, 0.5], "texture": "#11"},
				"up": {"uv": [0, 0, 0.5, 0.2], "texture": "#11"},
				"down": {"uv": [0, 0, 0.5, 0.2], "texture": "#11"}
			}
		}
	],
	"display": {
		"thirdperson_righthand": {
			"rotation": [68, -180, 2],
			"translation": [-6, -7.5, 6.5],
			"scale": [0.8, 0.8, 0.8]
		},
		"thirdperson_lefthand": {
			"rotation": [68, -180, 2],
			"translation": [-6, -7.25, 6.5],
			"scale": [0.8, 0.8, 0.8]
		},
		"firstperson_righthand": {
			"rotation": [0, 147, 0],
			"translation": [-0.75, 4.25, 1],
			"scale": [0.6, 0.6, 0.6]
		},
		"firstperson_lefthand": {
			"translation": [3.5, 0, 0.5],
			"scale": [0, 0, 0]
		},
		"ground": {
			"translation": [0, 3, 0],
			"scale": [0.7, 0.7, 0.7]
		},
		"gui": {
			"rotation": [18, 136, 0],
			"translation": [1, -0.5, 0],
			"scale": [0.6, 0.6, 0.6]
		},
		"head": {
			"rotation": [-1, -180, 2],
			"translation": [0, -14.25, 5.5]
		},
		"fixed": {
			"scale": [0.8, 0.8, 0.8]
		}
	},
	"groups": [
		{
			"name": "Body",
			"origin": [10, 8, 10],
			"color": 0,
			"children": [
				0,
				1,
				2,
				3,
				4,
				{
					"name": "Handle",
					"origin": [10, 22, 11],
					"color": 0,
					"children": []
				},
				5,
				6,
				7,
				8
			]
		},
		{
			"name": "Straps",
			"origin": [12, 10, 10],
			"color": 0,
			"children": [9, 10, 11, 12, 13, 14, 15, 16, 17, 18, 19, 20]
		},
		{
			"name": "Details tops",
			"origin": [8, 8, 8],
			"color": 0,
			"children": [
				{
					"name": "pouch",
					"origin": [8, 8, 8],
					"color": 0,
					"children": [21, 22, 23, 24, 25, 26, 27, 28, 29, 30, 31, 32, 33]
				}
			]
		}
	]
}