{
	"credit": "Made with Blockbench",
	"textures": {
		"5": "item/backpacks/concrete_red",
		"11": "item/backpacks/stone_slab_top",
		"18": "item/backpacks/concrete_brown",
		"19": "item/backpacks/concrete_gray",
		"particle": "item/backpacks/anvil_base"
	},
	"elements": [
		{
			"from": [2, 0, 2],
			"to": [14, 2, 4],
			"rotation": {"angle": 0, "axis": "y", "origin": [10, 8, 10]},
			"faces": {
				"north": {"uv": [0, 0, 12, 2], "texture": "#19"},
				"east": {"uv": [0, 0, 2, 2], "texture": "#19"},
				"south": {"uv": [0, 0, 12, 2], "texture": "#19"},
				"west": {"uv": [0, 0, 2, 2], "texture": "#19"},
				"up": {"uv": [0, 0, 12, 2], "texture": "#19"},
				"down": {"uv": [0, 0, 12, 2], "texture": "#19"}
			}
		},
		{
			"from": [3, 0, 4],
			"to": [13, 14, 10],
			"rotation": {"angle": 0, "axis": "y", "origin": [11, 8, 12]},
			"faces": {
				"north": {"uv": [0, 0, 10, 14], "texture": "#18"},
				"east": {"uv": [0, 0, 6, 14], "texture": "#18"},
				"south": {"uv": [0, 0, 10, 14], "texture": "#18"},
				"west": {"uv": [0, 0, 6, 14], "texture": "#18"},
				"up": {"uv": [0, 0, 10, 6], "texture": "#18"},
				"down": {"uv": [0, 0, 10, 6], "texture": "#18"}
			}
		},
		{
			"from": [2, 14, 3],
			"to": [14, 15.5, 10],
			"rotation": {"angle": 0, "axis": "y", "origin": [10, 22, 11]},
			"faces": {
				"north": {"uv": [0, 0, 12, 1.5], "texture": "#19"},
				"east": {"uv": [0, 0, 7, 1.5], "texture": "#19"},
				"south": {"uv": [0, 0, 12, 1.5], "texture": "#19"},
				"west": {"uv": [0, 0, 7, 1.5], "texture": "#19"},
				"up": {"uv": [0, 0, 12, 7], "texture": "#19"},
				"down": {"uv": [0, 0, 12, 7], "texture": "#19"}
			}
		},
		{
			"from": [4, 3, 2],
			"to": [12, 9, 4],
			"rotation": {"angle": 0, "axis": "y", "origin": [12, 11, 10]},
			"faces": {
				"north": {"uv": [0, 0, 8, 6], "texture": "#19"},
				"east": {"uv": [0, 0, 2, 6], "texture": "#19"},
				"south": {"uv": [0, 0, 8, 6], "texture": "#19"},
				"west": {"uv": [0, 0, 2, 6], "texture": "#19"},
				"up": {"uv": [0, 0, 8, 2], "texture": "#19"},
				"down": {"uv": [0, 0, 8, 2], "texture": "#19"}
			}
		},
		{
			"from": [9, 15, 4],
			"to": [9.5, 16.5, 4.5],
			"rotation": {"angle": 0, "axis": "y", "origin": [17, 23, 12]},
			"faces": {
				"north": {"uv": [0, 0, 0.5, 1.5], "texture": "#5"},
				"east": {"uv": [0, 0, 0.5, 1.5], "texture": "#5"},
				"south": {"uv": [0, 0, 0.5, 1.5], "texture": "#5"},
				"west": {"uv": [0, 0, 0.5, 1.5], "texture": "#5"},
				"up": {"uv": [0, 0, 0.5, 0.5], "texture": "#5"},
				"down": {"uv": [0, 0, 0.5, 0.5], "texture": "#5"}
			}
		},
		{
			"from": [6.5, 15, 4],
			"to": [7, 16.5, 4.5],
			"rotation": {"angle": 0, "axis": "y", "origin": [15, 23, 12]},
			"faces": {
				"north": {"uv": [0, 0, 0.5, 1.5], "texture": "#5"},
				"east": {"uv": [0, 0, 0.5, 1.5], "texture": "#5"},
				"south": {"uv": [0, 0, 0.5, 1.5], "texture": "#5"},
				"west": {"uv": [0, 0, 0.5, 1.5], "texture": "#5"},
				"up": {"uv": [0, 0, 0.5, 0.5], "texture": "#5"},
				"down": {"uv": [0, 0, 0.5, 0.5], "texture": "#5"}
			}
		},
		{
			"from": [6.5, 16.5, 4],
			"to": [9.5, 16.8, 4.5],
			"rotation": {"angle": 0, "axis": "y", "origin": [15, 25, 12]},
			"faces": {
				"north": {"uv": [0, 0, 3, 0.3], "texture": "#5"},
				"east": {"uv": [0, 0, 0.5, 0.3], "texture": "#5"},
				"south": {"uv": [0, 0, 3, 0.3], "texture": "#5"},
				"west": {"uv": [0, 0, 0.5, 0.3], "texture": "#5"},
				"up": {"uv": [0, 0, 3, 0.5], "texture": "#5"},
				"down": {"uv": [0, 0, 3, 0.5], "texture": "#5"}
			}
		},
		{
			"from": [2, 1, 6],
			"to": [3, 9, 8],
			"rotation": {"angle": 0, "axis": "y", "origin": [10, 9, 14]},
			"faces": {
				"north": {"uv": [0, 0, 1, 8], "texture": "#19"},
				"east": {"uv": [0, 0, 2, 8], "texture": "#19"},
				"south": {"uv": [0, 0, 1, 8], "texture": "#19"},
				"west": {"uv": [0, 0, 2, 8], "texture": "#19"},
				"up": {"uv": [0, 0, 1, 2], "texture": "#19"},
				"down": {"uv": [0, 0, 1, 2], "texture": "#19"}
			}
		},
		{
			"from": [13, 1, 6],
			"to": [14, 9, 8],
			"rotation": {"angle": 0, "axis": "y", "origin": [21, 9, 14]},
			"faces": {
				"north": {"uv": [0, 0, 1, 8], "texture": "#19"},
				"east": {"uv": [0, 0, 2, 8], "texture": "#19"},
				"south": {"uv": [0, 0, 1, 8], "texture": "#19"},
				"west": {"uv": [0, 0, 2, 8], "texture": "#19"},
				"up": {"uv": [0, 0, 1, 2], "texture": "#19"},
				"down": {"uv": [0, 0, 1, 2], "texture": "#19"}
			}
		},
		{
			"from": [13, 9, 5.7],
			"to": [14.3, 9.5, 8.2],
			"rotation": {"angle": 0, "axis": "y", "origin": [21, 17, 13]},
			"faces": {
				"north": {"uv": [0, 0, 1.3, 0.5], "texture": "#19"},
				"east": {"uv": [0, 0, 2.5, 0.5], "texture": "#19"},
				"south": {"uv": [0, 0, 1.3, 0.5], "texture": "#19"},
				"west": {"uv": [0, 0, 2.5, 0.5], "texture": "#19"},
				"up": {"uv": [0, 0, 1.3, 2.5], "texture": "#19"},
				"down": {"uv": [0, 0, 1.3, 2.5], "texture": "#19"}
			}
		},
		{
			"from": [1.7, 9, 5.7],
			"to": [3, 9.5, 8.2],
			"rotation": {"angle": 0, "axis": "y", "origin": [10, 17, 13]},
			"faces": {
				"north": {"uv": [0, 0, 1.3, 0.5], "texture": "#19"},
				"east": {"uv": [0, 0, 2.5, 0.5], "texture": "#19"},
				"south": {"uv": [0, 0, 1.3, 0.5], "texture": "#19"},
				"west": {"uv": [0, 0, 2.5, 0.5], "texture": "#19"},
				"up": {"uv": [0, 0, 1.3, 2.5], "texture": "#19"},
				"down": {"uv": [0, 0, 1.3, 2.5], "texture": "#19"}
			}
		},
		{
			"from": [12, 2, 2],
			"to": [12.3, 2.3, 4],
			"rotation": {"angle": 0, "axis": "y", "origin": [20, 10, 10]},
			"faces": {
				"north": {"uv": [0, 0, 0.3, 0.3], "texture": "#11"},
				"east": {"uv": [0, 0, 2, 0.3], "texture": "#11"},
				"south": {"uv": [0, 0, 0.3, 0.3], "texture": "#11"},
				"west": {"uv": [0, 0, 2, 0.3], "texture": "#11"},
				"up": {"uv": [0, 0, 0.3, 2], "texture": "#11"},
				"down": {"uv": [0, 0, 0.3, 2], "texture": "#11"}
			}
		},
		{
			"from": [4, 2, 2],
			"to": [4.3, 2.3, 4],
			"rotation": {"angle": 0, "axis": "y", "origin": [12, 10, 10]},
			"faces": {
				"north": {"uv": [0, 0, 0.3, 0.3], "texture": "#11"},
				"east": {"uv": [0, 0, 2, 0.3], "texture": "#11"},
				"south": {"uv": [0, 0, 0.3, 0.3], "texture": "#11"},
				"west": {"uv": [0, 0, 2, 0.3], "texture": "#11"},
				"up": {"uv": [0, 0, 0.3, 2], "texture": "#11"},
				"down": {"uv": [0, 0, 0.3, 2], "texture": "#11"}
			}
		},
		{
			"from": [4, -0.3, 2],
			"to": [4.3, 0, 4],
			"rotation": {"angle": 0, "axis": "y", "origin": [12, 7, 10]},
			"faces": {
				"north": {"uv": [0, 0, 0.3, 0.3], "texture": "#11"},
				"east": {"uv": [0, 0, 2, 0.3], "texture": "#11"},
				"south": {"uv": [0, 0, 0.3, 0.3], "texture": "#11"},
				"west": {"uv": [0, 0, 2, 0.3], "texture": "#11"},
				"up": {"uv": [0, 0, 0.3, 2], "texture": "#11"},
				"down": {"uv": [0, 0, 0.3, 2], "texture": "#11"}
			}
		},
		{
			"from": [12, -0.3, 2],
			"to": [12.3, 0, 4],
			"rotation": {"angle": 0, "axis": "y", "origin": [20, 7, 10]},
			"faces": {
				"north": {"uv": [0, 0, 0.3, 0.3], "texture": "#11"},
				"east": {"uv": [0, 0, 2, 0.3], "texture": "#11"},
				"south": {"uv": [0, 0, 0.3, 0.3], "texture": "#11"},
				"west": {"uv": [0, 0, 2, 0.3], "texture": "#11"},
				"up": {"uv": [0, 0, 0.3, 2], "texture": "#11"},
				"down": {"uv": [0, 0, 0.3, 2], "texture": "#11"}
			}
		},
		{
			"from": [4, -0.3, 1.7],
			"to": [4.3, 2.3, 2],
			"rotation": {"angle": 0, "axis": "y", "origin": [12, 8, 9]},
			"faces": {
				"north": {"uv": [0, 0, 0.3, 2.6], "texture": "#11"},
				"east": {"uv": [0, 0, 0.3, 2.6], "texture": "#11"},
				"south": {"uv": [0, 0, 0.3, 2.6], "texture": "#11"},
				"west": {"uv": [0, 0, 0.3, 2.6], "texture": "#11"},
				"up": {"uv": [0, 0, 0.3, 0.3], "texture": "#11"},
				"down": {"uv": [0, 0, 0.3, 0.3], "texture": "#11"}
			}
		},
		{
			"from": [12, -0.3, 1.7],
			"to": [12.3, 2.3, 2],
			"rotation": {"angle": 0, "axis": "y", "origin": [20, 8, 9]},
			"faces": {
				"north": {"uv": [0, 0, 0.3, 2.6], "texture": "#11"},
				"east": {"uv": [0, 0, 0.3, 2.6], "texture": "#11"},
				"south": {"uv": [0, 0, 0.3, 2.6], "texture": "#11"},
				"west": {"uv": [0, 0, 0.3, 2.6], "texture": "#11"},
				"up": {"uv": [0, 0, 0.3, 0.3], "texture": "#11"},
				"down": {"uv": [0, 0, 0.3, 0.3], "texture": "#11"}
			}
		},
		{
			"from": [4, 9, 3],
			"to": [12, 9.3, 4],
			"rotation": {"angle": 0, "axis": "y", "origin": [12, 17, 11]},
			"faces": {
				"north": {"uv": [0, 0, 8, 0.3], "texture": "#18"},
				"east": {"uv": [0, 0, 1, 0.3], "texture": "#18"},
				"south": {"uv": [0, 0, 8, 0.3], "texture": "#18"},
				"west": {"uv": [0, 0, 1, 0.3], "texture": "#18"},
				"up": {"uv": [0, 0, 8, 1], "texture": "#18"},
				"down": {"uv": [0, 0, 8, 1], "texture": "#18"}
			}
		},
		{
			"from": [5, 9, 2],
			"to": [11, 9.2, 3],
			"rotation": {"angle": 0, "axis": "y", "origin": [13, 17, 10]},
			"faces": {
				"north": {"uv": [0, 0, 6, 0.2], "texture": "#18"},
				"east": {"uv": [0, 0, 1, 0.2], "texture": "#18"},
				"south": {"uv": [0, 0, 6, 0.2], "texture": "#18"},
				"west": {"uv": [0, 0, 1, 0.2], "texture": "#18"},
				"up": {"uv": [0, 0, 6, 1], "texture": "#18"},
				"down": {"uv": [0, 0, 6, 1], "texture": "#18"}
			}
		},
		{
			"from": [5, 8, 1.8],
			"to": [11, 9, 2],
			"rotation": {"angle": 0, "axis": "y", "origin": [13, 16, 9]},
			"faces": {
				"north": {"uv": [0, 0, 6, 1], "texture": "#18"},
				"east": {"uv": [0, 0, 0.2, 1], "texture": "#18"},
				"south": {"uv": [0, 0, 6, 1], "texture": "#18"},
				"west": {"uv": [0, 0, 0.2, 1], "texture": "#18"},
				"up": {"uv": [0, 0, 6, 0.2], "texture": "#18"},
				"down": {"uv": [0, 0, 6, 0.2], "texture": "#18"}
			}
		},
		{
			"from": [6, 7, 1.8],
			"to": [10, 8, 2],
			"rotation": {"angle": 0, "axis": "y", "origin": [14, 15, 9]},
			"faces": {
				"north": {"uv": [0, 0, 4, 1], "texture": "#18"},
				"east": {"uv": [0, 0, 0.2, 1], "texture": "#18"},
				"south": {"uv": [0, 0, 4, 1], "texture": "#18"},
				"west": {"uv": [0, 0, 0.2, 1], "texture": "#18"},
				"up": {"uv": [0, 0, 4, 0.2], "texture": "#18"},
				"down": {"uv": [0, 0, 4, 0.2], "texture": "#18"}
			}
		},
		{
			"from": [7, 6, 1.8],
			"to": [9, 7, 2],
			"rotation": {"angle": 0, "axis": "y", "origin": [15, 14, 9]},
			"faces": {
				"north": {"uv": [0, 0, 2, 1], "texture": "#18"},
				"east": {"uv": [0, 0, 0.2, 1], "texture": "#18"},
				"south": {"uv": [0, 0, 2, 1], "texture": "#18"},
				"west": {"uv": [0, 0, 0.2, 1], "texture": "#18"},
				"up": {"uv": [0, 0, 2, 0.2], "texture": "#18"},
				"down": {"uv": [0, 0, 2, 0.2], "texture": "#18"}
			}
		},
		{
			"from": [8, 5.5, 1.8],
			"to": [8.5, 6, 2],
			"rotation": {"angle": 0, "axis": "y", "origin": [16, 13, 9]},
			"faces": {
				"north": {"uv": [0, 0, 0.5, 0.5], "texture": "#11"},
				"east": {"uv": [0, 0, 0.2, 0.5], "texture": "#11"},
				"south": {"uv": [0, 0, 0.5, 0.5], "texture": "#11"},
				"west": {"uv": [0, 0, 0.2, 0.5], "texture": "#11"},
				"up": {"uv": [0, 0, 0.5, 0.2], "texture": "#11"},
				"down": {"uv": [0, 0, 0.5, 0.2], "texture": "#11"}
			}
		},
		{
			"from": [7.5, 5.5, 1.8],
			"to": [8, 6, 2],
			"rotation": {"angle": 0, "axis": "y", "origin": [15, 13, 9]},
			"faces": {
				"north": {"uv": [0, 0, 0.5, 0.5], "texture": "#11"},
				"east": {"uv": [0, 0, 0.2, 0.5], "texture": "#11"},
				"south": {"uv": [0, 0, 0.5, 0.5], "texture": "#11"},
				"west": {"uv": [0, 0, 0.2, 0.5], "texture": "#11"},
				"up": {"uv": [0, 0, 0.5, 0.2], "texture": "#11"},
				"down": {"uv": [0, 0, 0.5, 0.2], "texture": "#11"}
			}
		}
	],
	"display": {
		"thirdperson_righthand": {
			"rotation": [68, -180, 2],
			"translation": [-6, -7, 7.25],
			"scale": [0.8, 0.8, 0.8]
		},
		"thirdperson_lefthand": {
			"rotation": [68, -180, 2],
			"translation": [-6, -7, 7.25],
			"scale": [0.8, 0.8, 0.8]
		},
		"firstperson_righthand": {
			"rotation": [0, 147, 0],
			"translation": [-0.75, 4.25, 1],
			"scale": [0.6, 0.6, 0.6]
		},
		"firstperson_lefthand": {
			"rotation": [0, 147, 0],
			"translation": [-0.75, 4.25, 1],
			"scale": [0.6, 0.6, 0.6]
		},
		"ground": {
			"translation": [0, 3, 0],
			"scale": [0.65, 0.65, 0.65]
		},
		"gui": {
			"rotation": [18, 136, 0],
			"translation": [1, 0.5, 0],
			"scale": [0.57, 0.57, 0.57]
		},
		"head": {
			"rotation": [-1, -180, 2],
			"translation": [0, -14.25, 5.5]
		}
	},
	"groups": [
		{
			"name": "Body",
			"origin": [10, 8, 10],
			"color": 0,
			"children": [
				0,
				1,
				2,
				3,
				{
					"name": "Handle",
					"origin": [10, 22, 11],
					"color": 0,
					"children": [4, 5, 6]
				},
				7,
				8,
				9,
				10
			]
		},
		{
			"name": "Straps",
			"origin": [12, 10, 10],
			"color": 0,
			"children": [11, 12, 13, 14, 15, 16]
		},
		{
			"name": "Details tops",
			"origin": [8, 8, 8],
			"color": 0,
			"children": [
				{
					"name": "pouch",
					"origin": [8, 8, 8],
					"color": 0,
					"children": [17, 18, 19, 20, 21, 22, 23]
				}
			]
		}
	]
}