{"textures":{"0":"item/mobs/giant_zombie"},"elements":[{"from":[5.714286,6.857143,4.5714283],"to":[11.428572,10.857143,10.285714],"rotation":{"angle":0.0,"axis":"y","origin":[8.0,-18.285715,5.714286]},"faces":{"east":{"uv":[4.375,7.0,5.625,7.875],"rotation":0,"texture":"#0","tintindex":0},"south":{"uv":[7.0,6.5,8.25,7.375],"rotation":0,"texture":"#0","tintindex":0},"north":{"uv":[2.125,6.875,3.375,7.75],"rotation":0,"texture":"#0","tintindex":0},"west":{"uv":[7.125,3.25,8.375,4.125],"rotation":0,"texture":"#0","tintindex":0},"up":{"uv":[6.875,2.5,5.625,1.25],"rotation":0,"texture":"#0","tintindex":0},"down":{"uv":[6.0,5.75,4.75,7.0],"rotation":0,"texture":"#0","tintindex":0}}}],"display":{"head":{"translation":[0.0,-6.4,0.0],"scale":[4.0,4.0,4.0]}}}