{
	"credit": "Made with Blockbench",
	"textures": {
		"0": "item/meele/katana/kold/inner_handle",
		"1": "item/meele/katana/kold/outer_handle",
		"3": "item/meele/katana/kold/outer_blade",
		"4": "item/meele/katana/kold/inner_blade",
		"5": "item/meele/katana/kold/dark_gray",
		"particle": "item/meele/katana/kold/inner_handle"
	},
	"elements": [
		{
			"name": "inner handle",
			"from": [7.875, 4.35, 7.55],
			"to": [8.125, 10.55, 8.45],
			"rotation": {"angle": 0, "axis": "y", "origin": [8, 8, 8]},
			"faces": {
				"north": {"uv": [0, 0, 0.25, 6.2], "texture": "#0"},
				"east": {"uv": [0, 0, 0.9, 6.2], "texture": "#0"},
				"south": {"uv": [0, 0, 0.25, 6.2], "texture": "#0"},
				"west": {"uv": [0, 0, 0.9, 6.2], "texture": "#0"},
				"up": {"uv": [0, 0, 0.25, 0.9], "texture": "#0"},
				"down": {"uv": [0, 0, 0.25, 0.9], "texture": "#0"}
			}
		},
		{
			"name": "inner handle",
			"from": [7.875, 10.55, 8],
			"to": [8.125, 11.25, 8.1],
			"rotation": {"angle": 0, "axis": "y", "origin": [8, 11, 8.4]},
			"faces": {
				"north": {"uv": [0, 0, 0.25, 0.7], "texture": "#5"},
				"east": {"uv": [0, 0, 0.1, 0.7], "texture": "#5"},
				"south": {"uv": [0, 0, 0.25, 0.7], "texture": "#5"},
				"west": {"uv": [0, 0, 0.1, 0.7], "texture": "#5"},
				"up": {"uv": [0, 0, 0.25, 0.1], "texture": "#5"},
				"down": {"uv": [0, 0, 0.25, 0.1], "texture": "#5"}
			}
		},
		{
			"name": "inner handle",
			"from": [7.875, 10.55, 8.2],
			"to": [8.125, 11.45, 8.3],
			"rotation": {"angle": 0, "axis": "y", "origin": [8, 11.3, 8.6]},
			"faces": {
				"north": {"uv": [0, 0, 0.25, 0.9], "texture": "#5"},
				"east": {"uv": [0, 0, 0.1, 0.9], "texture": "#5"},
				"south": {"uv": [0, 0, 0.25, 0.9], "texture": "#5"},
				"west": {"uv": [0, 0, 0.1, 0.9], "texture": "#5"},
				"up": {"uv": [0, 0, 0.25, 0.1], "texture": "#5"},
				"down": {"uv": [0, 0, 0.25, 0.1], "texture": "#5"}
			}
		},
		{
			"name": "outer handle",
			"from": [7.75, 6.8112, 8.14616],
			"to": [8.25, 8.5512, 8.54616],
			"rotation": {"angle": 0, "axis": "y", "origin": [15.25, 15.0612, 15.44616]},
			"faces": {
				"north": {"uv": [0, 0, 0.5, 1.74], "texture": "#1"},
				"east": {"uv": [0, 0, 0.4, 1.74], "texture": "#1"},
				"south": {"uv": [0, 0, 0.5, 1.74], "texture": "#1"},
				"west": {"uv": [0, 0, 0.4, 1.74], "texture": "#1"},
				"up": {"uv": [0, 0, 0.5, 0.4], "texture": "#1"},
				"down": {"uv": [0, 0, 0.5, 0.4], "texture": "#1"}
			}
		},
		{
			"name": "outer handle",
			"from": [7.75, 6.81, 7.45],
			"to": [8.25, 8.55, 7.85],
			"rotation": {"angle": 0, "axis": "y", "origin": [15.25, 15.06, 14.85]},
			"faces": {
				"north": {"uv": [0, 0, 0.5, 1.74], "texture": "#1"},
				"east": {"uv": [0, 0, 0.4, 1.74], "texture": "#1"},
				"south": {"uv": [0, 0, 0.5, 1.74], "texture": "#1"},
				"west": {"uv": [0, 0, 0.4, 1.74], "texture": "#1"},
				"up": {"uv": [0, 0, 0.5, 0.4], "texture": "#1"},
				"down": {"uv": [0, 0, 0.5, 0.4], "texture": "#1"}
			}
		},
		{
			"name": "outer handle",
			"from": [7.75, 8.55714, 7.56987],
			"to": [8.25, 8.75714, 8.53987],
			"rotation": {"angle": 22.5, "axis": "x", "origin": [8, 8.65714, 8.11987]},
			"faces": {
				"north": {"uv": [1, 0.2, 1.5, 0.4], "texture": "#1"},
				"east": {"uv": [2, 0.2, 2.97, 0.4], "texture": "#1"},
				"south": {"uv": [1, 0.2, 1.5, 0.4], "texture": "#1"},
				"west": {"uv": [2, 0.2, 2.97, 0.4], "texture": "#1"},
				"up": {"uv": [0.5, 2, 1, 2.97], "texture": "#1"},
				"down": {"uv": [0.5, 2, 1, 2.97], "texture": "#1"}
			}
		},
		{
			"name": "outer handle",
			"from": [7.75, 6.64286, 7.56987],
			"to": [8.25, 6.84286, 8.53987],
			"rotation": {"angle": -22.5, "axis": "x", "origin": [8, 6.74286, 8.11987]},
			"faces": {
				"north": {"uv": [1.5, 0.4, 2, 0.6], "texture": "#1"},
				"east": {"uv": [2.97, 0.4, 3.94, 0.6], "texture": "#1"},
				"south": {"uv": [1.5, 0.4, 2, 0.6], "texture": "#1"},
				"west": {"uv": [2.97, 0.4, 3.94, 0.6], "texture": "#1"},
				"up": {"uv": [1, 2.97, 1.5, 3.94], "texture": "#1"},
				"down": {"uv": [1, 2.97, 1.5, 3.94], "texture": "#1"}
			}
		},
		{
			"name": "outer handle",
			"from": [7.75, 8.55, 7.45],
			"to": [8.25, 8.96, 7.65],
			"rotation": {"angle": 0, "axis": "y", "origin": [8, 9.1, 7.55]},
			"faces": {
				"north": {"uv": [0.5, 2, 1, 2.41], "rotation": 180, "texture": "#1"},
				"east": {"uv": [2, 0.2, 2.41, 0.4], "rotation": 90, "texture": "#1"},
				"south": {"uv": [0.5, 2, 1, 2.41], "texture": "#1"},
				"west": {"uv": [2, 0.2, 2.41, 0.4], "rotation": 270, "texture": "#1"},
				"up": {"uv": [1, 0.2, 1.5, 0.4], "texture": "#1"},
				"down": {"uv": [1, 0.2, 1.5, 0.4], "rotation": 180, "texture": "#1"}
			}
		},
		{
			"name": "outer handle",
			"from": [7.75, 6.44, 7.45],
			"to": [8.25, 6.85, 7.65],
			"rotation": {"angle": 0, "axis": "y", "origin": [8, 6.99, 7.55]},
			"faces": {
				"north": {"uv": [0.5, 2, 1, 2.41], "rotation": 180, "texture": "#1"},
				"east": {"uv": [2, 0.2, 2.41, 0.4], "rotation": 90, "texture": "#1"},
				"south": {"uv": [0.5, 2, 1, 2.41], "texture": "#1"},
				"west": {"uv": [2, 0.2, 2.41, 0.4], "rotation": 270, "texture": "#1"},
				"up": {"uv": [1, 0.2, 1.5, 0.4], "texture": "#1"},
				"down": {"uv": [1, 0.2, 1.5, 0.4], "rotation": 180, "texture": "#1"}
			}
		},
		{
			"name": "outer handle",
			"from": [7.75, 8.5, 7.6],
			"to": [8.25, 8.8, 8.01],
			"rotation": {"angle": 0, "axis": "y", "origin": [8, 8.6, 8.15]},
			"faces": {
				"north": {"uv": [1, 0.2, 1.5, 0.5], "texture": "#1"},
				"east": {"uv": [2, 0.2, 2.41, 0.5], "texture": "#1"},
				"south": {"uv": [1, 0.2, 1.5, 0.5], "texture": "#1"},
				"west": {"uv": [2, 0.2, 2.41, 0.5], "texture": "#1"},
				"up": {"uv": [0.5, 2, 1, 2.41], "texture": "#1"},
				"down": {"uv": [0.5, 2, 1, 2.41], "texture": "#1"}
			}
		},
		{
			"name": "outer handle",
			"from": [7.75, 8.25, 7.85],
			"to": [8.25, 8.65, 8.26],
			"rotation": {"angle": 0, "axis": "y", "origin": [8, 8.35, 8.4]},
			"faces": {
				"north": {"uv": [1, 0.2, 1.5, 0.6], "texture": "#1"},
				"east": {"uv": [2, 0.2, 2.41, 0.6], "texture": "#1"},
				"south": {"uv": [1, 0.2, 1.5, 0.6], "texture": "#1"},
				"west": {"uv": [2, 0.2, 2.41, 0.6], "texture": "#1"},
				"up": {"uv": [0.5, 2, 1, 2.41], "texture": "#1"},
				"down": {"uv": [0.5, 2, 1, 2.41], "texture": "#1"}
			}
		},
		{
			"name": "outer handle",
			"from": [7.75, 7.95, 7.85],
			"to": [8.25, 8.1, 8.26],
			"rotation": {"angle": 0, "axis": "y", "origin": [8, 8.05, 8.4]},
			"faces": {
				"north": {"uv": [1, 0.2, 1.5, 0.35], "texture": "#1"},
				"east": {"uv": [2, 0.2, 2.41, 0.35], "texture": "#1"},
				"south": {"uv": [1, 0.2, 1.5, 0.35], "texture": "#1"},
				"west": {"uv": [2, 0.2, 2.41, 0.35], "texture": "#1"},
				"up": {"uv": [0.5, 2, 1, 2.41], "texture": "#1"},
				"down": {"uv": [0.5, 2, 1, 2.41], "texture": "#1"}
			}
		},
		{
			"name": "outer handle",
			"from": [7.75, 7.63, 7.85],
			"to": [8.25, 7.78, 8.26],
			"rotation": {"angle": 0, "axis": "y", "origin": [8, 7.75, 8.4]},
			"faces": {
				"north": {"uv": [1, 0.2, 1.5, 0.35], "texture": "#1"},
				"east": {"uv": [2, 0.2, 2.41, 0.35], "texture": "#1"},
				"south": {"uv": [1, 0.2, 1.5, 0.35], "texture": "#1"},
				"west": {"uv": [2, 0.2, 2.41, 0.35], "texture": "#1"},
				"up": {"uv": [0.5, 2, 1, 2.41], "texture": "#1"},
				"down": {"uv": [0.5, 2, 1, 2.41], "texture": "#1"}
			}
		},
		{
			"name": "outer handle",
			"from": [7.75, 7.3, 7.85],
			"to": [8.25, 7.45, 8.26],
			"rotation": {"angle": 0, "axis": "y", "origin": [8, 7.35, 8.4]},
			"faces": {
				"north": {"uv": [1, 0.2, 1.5, 0.35], "texture": "#1"},
				"east": {"uv": [2, 0.2, 2.41, 0.35], "texture": "#1"},
				"south": {"uv": [1, 0.2, 1.5, 0.35], "texture": "#1"},
				"west": {"uv": [2, 0.2, 2.41, 0.35], "texture": "#1"},
				"up": {"uv": [0.5, 2, 1, 2.41], "texture": "#1"},
				"down": {"uv": [0.5, 2, 1, 2.41], "texture": "#1"}
			}
		},
		{
			"name": "outer handle",
			"from": [7.75, 6.75, 7.85],
			"to": [8.25, 7.15, 8.26],
			"rotation": {"angle": 0, "axis": "y", "origin": [8, 6.85, 8.4]},
			"faces": {
				"north": {"uv": [1, 0.2, 1.5, 0.6], "texture": "#1"},
				"east": {"uv": [2, 0.2, 2.41, 0.6], "texture": "#1"},
				"south": {"uv": [1, 0.2, 1.5, 0.6], "texture": "#1"},
				"west": {"uv": [2, 0.2, 2.41, 0.6], "texture": "#1"},
				"up": {"uv": [0.5, 2, 1, 2.41], "texture": "#1"},
				"down": {"uv": [0.5, 2, 1, 2.41], "texture": "#1"}
			}
		},
		{
			"name": "outer handle",
			"from": [7.75, 6.6388, 7.60384],
			"to": [8.25, 6.9388, 8.01384],
			"rotation": {"angle": 0, "axis": "y", "origin": [8, 6.8388, 8.15384]},
			"faces": {
				"north": {"uv": [1.5, 0.5, 2, 0.8], "texture": "#1"},
				"east": {"uv": [2.41, 0.5, 2.82, 0.8], "texture": "#1"},
				"south": {"uv": [1.5, 0.5, 2, 0.8], "texture": "#1"},
				"west": {"uv": [2.41, 0.5, 2.82, 0.8], "texture": "#1"},
				"up": {"uv": [1, 2.41, 1.5, 2.82], "texture": "#1"},
				"down": {"uv": [1, 2.41, 1.5, 2.82], "texture": "#1"}
			}
		},
		{
			"name": "outer handle",
			"from": [7.75, 8.76732, 8.37388],
			"to": [8.25, 11.17732, 8.55388],
			"rotation": {"angle": 0, "axis": "y", "origin": [8, 8.61732, 8.47388]},
			"faces": {
				"north": {"uv": [0, 0, 0.5, 2.41], "rotation": 180, "texture": "#1"},
				"east": {"uv": [0, 0, 2.41, 0.18], "rotation": 90, "texture": "#1"},
				"south": {"uv": [0, 0, 0.5, 2.41], "texture": "#1"},
				"west": {"uv": [0, 0, 2.41, 0.18], "rotation": 270, "texture": "#1"},
				"up": {"uv": [0, 0, 0.5, 0.18], "texture": "#1"},
				"down": {"uv": [0, 0, 0.5, 0.18], "rotation": 180, "texture": "#1"}
			}
		},
		{
			"name": "outer handle",
			"from": [7.75, 9.15, 7.45],
			"to": [8.25, 10.25, 8.55],
			"rotation": {"angle": 0, "axis": "y", "origin": [15.25, 17.4, 15.45]},
			"faces": {
				"north": {"uv": [0, 0, 0.5, 1.1], "texture": "#1"},
				"east": {"uv": [0, 0, 1.1, 1.1], "texture": "#1"},
				"south": {"uv": [0, 0, 0.5, 1.1], "texture": "#1"},
				"west": {"uv": [0, 0, 1.1, 1.1], "texture": "#1"},
				"up": {"uv": [0, 0, 0.5, 1.1], "texture": "#1"},
				"down": {"uv": [0, 0, 0.5, 1.1], "texture": "#1"}
			}
		},
		{
			"name": "outer handle",
			"from": [7.75, 8.93191, 7.4464],
			"to": [8.25, 9.13191, 8.4464],
			"rotation": {"angle": 22.5, "axis": "x", "origin": [8, 9.03191, 7.9964]},
			"faces": {
				"north": {"uv": [0, 0, 0.5, 0.2], "texture": "#1"},
				"east": {"uv": [0, 0, 1, 0.2], "texture": "#1"},
				"south": {"uv": [0, 0, 0.5, 0.2], "texture": "#1"},
				"west": {"uv": [0, 0, 1, 0.2], "texture": "#1"},
				"up": {"uv": [0, 0, 0.5, 1], "texture": "#1"},
				"down": {"uv": [0, 0, 0.5, 1], "texture": "#1"}
			}
		},
		{
			"name": "outer handle",
			"from": [7.75, 10.05924, 7.76924],
			"to": [8.25, 10.56924, 8.14924],
			"rotation": {"angle": 0, "axis": "y", "origin": [8, 10.40924, 7.86924]},
			"faces": {
				"north": {"uv": [0, 0, 0.5, 0.51], "rotation": 180, "texture": "#1"},
				"east": {"uv": [0, 0, 0.51, 0.38], "rotation": 90, "texture": "#1"},
				"south": {"uv": [0, 0, 0.5, 0.51], "texture": "#1"},
				"west": {"uv": [0, 0, 0.51, 0.38], "rotation": 270, "texture": "#1"},
				"up": {"uv": [0, 0, 0.5, 0.38], "texture": "#1"},
				"down": {"uv": [0, 0, 0.5, 0.38], "rotation": 180, "texture": "#1"}
			}
		},
		{
			"name": "outer handle",
			"from": [7.75, 10.0182, 7.80962],
			"to": [8.25, 11.3182, 8.00962],
			"rotation": {"angle": 45, "axis": "x", "origin": [8, 10.5682, 7.90962]},
			"faces": {
				"north": {"uv": [0, 0, 0.5, 1.3], "rotation": 180, "texture": "#1"},
				"east": {"uv": [0, 0, 1.3, 0.2], "rotation": 90, "texture": "#1"},
				"south": {"uv": [0, 0, 0.5, 1.3], "texture": "#1"},
				"west": {"uv": [0, 0, 1.3, 0.2], "rotation": 270, "texture": "#1"},
				"up": {"uv": [0, 0, 0.5, 0.2], "texture": "#1"},
				"down": {"uv": [0, 0, 0.5, 0.2], "rotation": 180, "texture": "#1"}
			}
		},
		{
			"name": "outer handle",
			"from": [7.75, 8.85924, 8.21924],
			"to": [8.25, 10.86924, 8.39924],
			"rotation": {"angle": 0, "axis": "y", "origin": [8, 10.50924, 8.31924]},
			"faces": {
				"north": {"uv": [0, 0, 0.5, 2.01], "rotation": 180, "texture": "#1"},
				"east": {"uv": [0, 0, 2.01, 0.18], "rotation": 90, "texture": "#1"},
				"south": {"uv": [0, 0, 0.5, 2.01], "texture": "#1"},
				"west": {"uv": [0, 0, 2.01, 0.18], "rotation": 270, "texture": "#1"},
				"up": {"uv": [0, 0, 0.5, 0.18], "texture": "#1"},
				"down": {"uv": [0, 0, 0.5, 0.18], "rotation": 180, "texture": "#1"}
			}
		},
		{
			"name": "outer handle",
			"from": [7.75, 9.05924, 8.01924],
			"to": [8.25, 10.76924, 8.29924],
			"rotation": {"angle": 0, "axis": "y", "origin": [8, 10.50924, 8.21924]},
			"faces": {
				"north": {"uv": [0, 0, 0.5, 1.71], "rotation": 180, "texture": "#1"},
				"east": {"uv": [0, 0, 1.71, 0.28], "rotation": 90, "texture": "#1"},
				"south": {"uv": [0, 0, 0.5, 1.71], "texture": "#1"},
				"west": {"uv": [0, 0, 1.71, 0.28], "rotation": 270, "texture": "#1"},
				"up": {"uv": [0, 0, 0.5, 0.28], "texture": "#1"},
				"down": {"uv": [0, 0, 0.5, 0.28], "rotation": 180, "texture": "#1"}
			}
		},
		{
			"name": "outer handle",
			"from": [7.75, 4.22268, 8.37388],
			"to": [8.25, 6.63268, 8.55388],
			"rotation": {"angle": 0, "axis": "y", "origin": [8, 6.78268, 8.47388]},
			"faces": {
				"north": {"uv": [0.5, 2.41, 1, 4.82], "rotation": 180, "texture": "#1"},
				"east": {"uv": [2.41, 0.18, 4.82, 0.36], "rotation": 270, "texture": "#1"},
				"south": {"uv": [0.5, 2.41, 1, 4.82], "texture": "#1"},
				"west": {"uv": [2.41, 0.18, 4.82, 0.36], "rotation": 90, "texture": "#1"},
				"up": {"uv": [0.5, 0.18, 1, 0.36], "rotation": 180, "texture": "#1"},
				"down": {"uv": [0.5, 0.18, 1, 0.36], "texture": "#1"}
			}
		},
		{
			"name": "outer handle",
			"from": [7.75, 4.60537, 7.45],
			"to": [8.25, 6.01537, 7.63],
			"rotation": {"angle": 0, "axis": "y", "origin": [8, 7.16537, 7.55]},
			"faces": {
				"north": {"uv": [0.5, 2.41, 1, 3.82], "rotation": 180, "texture": "#1"},
				"east": {"uv": [2.41, 0.18, 3.82, 0.36], "rotation": 270, "texture": "#1"},
				"south": {"uv": [0.5, 2.41, 1, 3.82], "texture": "#1"},
				"west": {"uv": [2.41, 0.18, 3.82, 0.36], "rotation": 90, "texture": "#1"},
				"up": {"uv": [0.5, 0.18, 1, 0.36], "rotation": 180, "texture": "#1"},
				"down": {"uv": [0.5, 0.18, 1, 0.36], "texture": "#1"}
			}
		},
		{
			"name": "outer handle",
			"from": [7.75, 5.15, 7.45],
			"to": [8.25, 6.25, 8.55],
			"rotation": {"angle": 0, "axis": "y", "origin": [0.75, -2, 15.45]},
			"faces": {
				"north": {"uv": [0.5, 1.1, 1, 2.2], "texture": "#1"},
				"east": {"uv": [1.1, 1.1, 2.2, 2.2], "texture": "#1"},
				"south": {"uv": [0.5, 1.1, 1, 2.2], "texture": "#1"},
				"west": {"uv": [1.1, 1.1, 2.2, 2.2], "texture": "#1"},
				"up": {"uv": [0.5, 1.1, 1, 2.2], "texture": "#1"},
				"down": {"uv": [0.5, 1.1, 1, 2.2], "texture": "#1"}
			}
		},
		{
			"name": "outer handle",
			"from": [7.75, 6.26809, 7.4464],
			"to": [8.25, 6.46809, 8.4464],
			"rotation": {"angle": -22.5, "axis": "x", "origin": [8, 6.36809, 7.9964]},
			"faces": {
				"north": {"uv": [0.5, 0.2, 1, 0.4], "texture": "#1"},
				"east": {"uv": [1, 0.2, 2, 0.4], "texture": "#1"},
				"south": {"uv": [0.5, 0.2, 1, 0.4], "texture": "#1"},
				"west": {"uv": [1, 0.2, 2, 0.4], "texture": "#1"},
				"up": {"uv": [0.5, 1, 1, 2], "texture": "#1"},
				"down": {"uv": [0.5, 1, 1, 2], "texture": "#1"}
			}
		},
		{
			"name": "outer handle",
			"from": [7.75, 4.63076, 7.56924],
			"to": [8.25, 5.34076, 8.34924],
			"rotation": {"angle": 0, "axis": "y", "origin": [8, 4.99076, 7.86924]},
			"faces": {
				"north": {"uv": [0.5, 0.51, 1, 1.22], "rotation": 180, "texture": "#1"},
				"east": {"uv": [0.51, 0.38, 1.22, 1.16], "rotation": 270, "texture": "#1"},
				"south": {"uv": [0.5, 0.51, 1, 1.22], "texture": "#1"},
				"west": {"uv": [0.51, 0.38, 1.22, 1.16], "rotation": 90, "texture": "#1"},
				"up": {"uv": [0.5, 0.38, 1, 1.16], "rotation": 180, "texture": "#1"},
				"down": {"uv": [0.5, 0.38, 1, 1.16], "texture": "#1"}
			}
		},
		{
			"name": "outer handle",
			"from": [7.75, 4.50208, 7.46924],
			"to": [8.25, 4.70208, 8.46924],
			"rotation": {"angle": 22.5, "axis": "x", "origin": [8, 4.60208, 7.71924]},
			"faces": {
				"north": {"uv": [0.5, 0.2, 1, 0.4], "texture": "#1"},
				"east": {"uv": [1.3, 0.2, 2.3, 0.4], "texture": "#1"},
				"south": {"uv": [0.5, 0.2, 1, 0.4], "texture": "#1"},
				"west": {"uv": [1.3, 0.2, 2.3, 0.4], "texture": "#1"},
				"up": {"uv": [0.5, 1.3, 1, 2.3], "texture": "#1"},
				"down": {"uv": [0.5, 1.3, 1, 2.3], "texture": "#1"}
			}
		},
		{
			"name": "outer handle",
			"from": [7.75, 4.43076, 7.91924],
			"to": [8.25, 6.44076, 8.39924],
			"rotation": {"angle": 0, "axis": "y", "origin": [8, 4.89076, 8.31924]},
			"faces": {
				"north": {"uv": [0.5, 2.01, 1, 4.02], "rotation": 180, "texture": "#1"},
				"east": {"uv": [2.01, 0.18, 4.02, 0.66], "rotation": 270, "texture": "#1"},
				"south": {"uv": [0.5, 2.01, 1, 4.02], "texture": "#1"},
				"west": {"uv": [2.01, 0.18, 4.02, 0.66], "rotation": 90, "texture": "#1"},
				"up": {"uv": [0.5, 0.18, 1, 0.66], "rotation": 180, "texture": "#1"},
				"down": {"uv": [0.5, 0.18, 1, 0.66], "texture": "#1"}
			}
		},
		{
			"name": "outer handle",
			"from": [7.75, 4.63076, 8.01924],
			"to": [8.25, 6.34076, 8.29924],
			"rotation": {"angle": 0, "axis": "y", "origin": [8, 4.89076, 8.21924]},
			"faces": {
				"north": {"uv": [0.5, 1.71, 1, 3.42], "rotation": 180, "texture": "#1"},
				"east": {"uv": [1.71, 0.28, 3.42, 0.56], "rotation": 270, "texture": "#1"},
				"south": {"uv": [0.5, 1.71, 1, 3.42], "texture": "#1"},
				"west": {"uv": [1.71, 0.28, 3.42, 0.56], "rotation": 90, "texture": "#1"},
				"up": {"uv": [0.5, 0.28, 1, 0.56], "rotation": 180, "texture": "#1"},
				"down": {"uv": [0.5, 0.28, 1, 0.56], "texture": "#1"}
			}
		},
		{
			"from": [7.9, 10.47732, 7.90388],
			"to": [8.1, 30.10732, 8.40388],
			"rotation": {"angle": 0, "axis": "y", "origin": [15.9, 18.57732, 15.85388]},
			"faces": {
				"north": {"uv": [0, 0, 0.2, 16], "texture": "#4"},
				"east": {"uv": [0, 0, 0.5, 16], "texture": "#4"},
				"south": {"uv": [0, 0, 0.2, 16], "texture": "#4"},
				"west": {"uv": [0, 0, 0.5, 16], "texture": "#4"},
				"up": {"uv": [0, 0, 0.2, 0.5], "texture": "#4"},
				"down": {"uv": [0, 0, 0.2, 0.5], "texture": "#4"}
			}
		},
		{
			"from": [7.9, 28.75532, 8.31722],
			"to": [8.1, 31.10532, 8.41722],
			"rotation": {"angle": 0, "axis": "y", "origin": [15.9, 24.85532, 15.86722]},
			"faces": {
				"north": {"uv": [0, 0, 0.2, 2.35], "texture": "#4"},
				"east": {"uv": [0, 0, 0.1, 2.35], "texture": "#4"},
				"south": {"uv": [0, 0, 0.2, 2.35], "texture": "#4"},
				"west": {"uv": [0, 0, 0.1, 2.35], "texture": "#4"},
				"up": {"uv": [0, 0, 0.2, 0.1], "texture": "#4"},
				"down": {"uv": [0, 0, 0.2, 0.1], "texture": "#4"}
			}
		},
		{
			"from": [7.9, 29.95532, 8.21722],
			"to": [8.1, 30.85532, 8.31722],
			"rotation": {"angle": 0, "axis": "y", "origin": [15.9, 25.35532, 15.76722]},
			"faces": {
				"north": {"uv": [0, 0, 0.2, 0.9], "texture": "#4"},
				"east": {"uv": [0, 0, 0.1, 0.9], "texture": "#4"},
				"south": {"uv": [0, 0, 0.2, 0.9], "texture": "#4"},
				"west": {"uv": [0, 0, 0.1, 0.9], "texture": "#4"},
				"up": {"uv": [0, 0, 0.2, 0.1], "texture": "#4"},
				"down": {"uv": [0, 0, 0.2, 0.1], "texture": "#4"}
			}
		},
		{
			"from": [7.9, 29.75532, 8.11722],
			"to": [8.1, 30.60532, 8.21722],
			"rotation": {"angle": 0, "axis": "y", "origin": [15.9, 25.15532, 15.66722]},
			"faces": {
				"north": {"uv": [0, 0, 0.2, 0.85], "texture": "#4"},
				"east": {"uv": [0, 0, 0.1, 0.85], "texture": "#4"},
				"south": {"uv": [0, 0, 0.2, 0.85], "texture": "#4"},
				"west": {"uv": [0, 0, 0.1, 0.85], "texture": "#4"},
				"up": {"uv": [0, 0, 0.2, 0.1], "texture": "#4"},
				"down": {"uv": [0, 0, 0.2, 0.1], "texture": "#4"}
			}
		},
		{
			"from": [7.9, 29.95532, 8.01722],
			"to": [8.1, 30.37532, 8.11722],
			"rotation": {"angle": 0, "axis": "y", "origin": [15.9, 24.85532, 15.56722]},
			"faces": {
				"north": {"uv": [0, 0, 0.2, 0.42], "texture": "#4"},
				"east": {"uv": [0, 0, 0.1, 0.42], "texture": "#4"},
				"south": {"uv": [0, 0, 0.2, 0.42], "texture": "#4"},
				"west": {"uv": [0, 0, 0.1, 0.42], "texture": "#4"},
				"up": {"uv": [0, 0, 0.2, 0.1], "texture": "#4"},
				"down": {"uv": [0, 0, 0.2, 0.1], "texture": "#4"}
			}
		},
		{
			"from": [7.9, 30.0349, 7.96904],
			"to": [8.1, 31.1149, 8.06904],
			"rotation": {"angle": 22.5, "axis": "x", "origin": [8, 30.2349, 8.11904]},
			"faces": {
				"north": {"uv": [0, 0, 0.2, 1.08], "texture": "#4"},
				"east": {"uv": [0, 0, 0.1, 1.08], "texture": "#4"},
				"south": {"uv": [0, 0, 0.2, 1.08], "texture": "#4"},
				"west": {"uv": [0, 0, 0.1, 1.08], "texture": "#4"},
				"up": {"uv": [0, 0, 0.2, 0.1], "texture": "#4"},
				"down": {"uv": [0, 0, 0.2, 0.1], "texture": "#4"}
			}
		},
		{
			"from": [7.9, 29.76642, 8.06139],
			"to": [8.1, 30.66642, 8.14139],
			"rotation": {"angle": 22.5, "axis": "x", "origin": [8, 29.96642, 8.21139]},
			"faces": {
				"north": {"uv": [0, 0, 0.2, 0.9], "texture": "#4"},
				"east": {"uv": [0, 0, 0.08, 0.9], "texture": "#4"},
				"south": {"uv": [0, 0, 0.2, 0.9], "texture": "#4"},
				"west": {"uv": [0, 0, 0.08, 0.9], "texture": "#4"},
				"up": {"uv": [0, 0, 0.2, 0.08], "texture": "#4"},
				"down": {"uv": [0, 0, 0.2, 0.08], "texture": "#4"}
			}
		},
		{
			"from": [7.95, 10.55, 7.55],
			"to": [8.05, 30.1, 8.15],
			"rotation": {"angle": 0, "axis": "y", "origin": [15.85, 18.65, 15.3]},
			"faces": {
				"north": {"uv": [0, 0, 0.1, 16], "texture": "#3"},
				"east": {"uv": [0, 0, 0.6, 16], "texture": "#3"},
				"south": {"uv": [0, 0, 0.1, 16], "texture": "#3"},
				"west": {"uv": [0, 0, 0.6, 16], "texture": "#3"},
				"up": {"uv": [0, 0, 0.1, 0.6], "texture": "#3"},
				"down": {"uv": [0, 0, 0.1, 0.6], "texture": "#3"}
			}
		},
		{
			"from": [7.95, 29.93592, 7.97486],
			"to": [8.05, 31.93592, 8.07486],
			"rotation": {"angle": 22.5, "axis": "x", "origin": [8, 31.08592, 8.17486]},
			"faces": {
				"north": {"uv": [0, 0, 0.1, 2], "texture": "#3"},
				"east": {"uv": [0, 0, 0.1, 2], "texture": "#3"},
				"south": {"uv": [0, 0, 0.1, 2], "texture": "#3"},
				"west": {"uv": [0, 0, 0.1, 2], "texture": "#3"},
				"up": {"uv": [0, 0, 0.1, 0.1], "texture": "#3"},
				"down": {"uv": [0, 0, 0.1, 0.1], "texture": "#3"}
			}
		},
		{
			"from": [7.95, 29.93592, 8.07486],
			"to": [8.05, 31.63592, 8.17486],
			"rotation": {"angle": 22.5, "axis": "x", "origin": [8, 31.08592, 8.27486]},
			"faces": {
				"north": {"uv": [0, 0, 0.1, 1.7], "texture": "#3"},
				"east": {"uv": [0, 0, 0.1, 1.7], "texture": "#3"},
				"south": {"uv": [0, 0, 0.1, 1.7], "texture": "#3"},
				"west": {"uv": [0, 0, 0.1, 1.7], "texture": "#3"},
				"up": {"uv": [0, 0, 0.1, 0.1], "texture": "#3"},
				"down": {"uv": [0, 0, 0.1, 0.1], "texture": "#3"}
			}
		},
		{
			"from": [7.95, 29.93592, 8.17486],
			"to": [8.05, 31.38592, 8.27486],
			"rotation": {"angle": 22.5, "axis": "x", "origin": [8, 31.08592, 8.37486]},
			"faces": {
				"north": {"uv": [0, 0, 0.1, 1.45], "texture": "#3"},
				"east": {"uv": [0, 0, 0.1, 1.45], "texture": "#3"},
				"south": {"uv": [0, 0, 0.1, 1.45], "texture": "#3"},
				"west": {"uv": [0, 0, 0.1, 1.45], "texture": "#3"},
				"up": {"uv": [0, 0, 0.1, 0.1], "texture": "#3"},
				"down": {"uv": [0, 0, 0.1, 0.1], "texture": "#3"}
			}
		},
		{
			"from": [7.95, 29.93592, 8.27486],
			"to": [8.05, 31.11592, 8.37486],
			"rotation": {"angle": 22.5, "axis": "x", "origin": [8, 31.08592, 8.47486]},
			"faces": {
				"north": {"uv": [0, 0, 0.1, 1.18], "texture": "#3"},
				"east": {"uv": [0, 0, 0.1, 1.18], "texture": "#3"},
				"south": {"uv": [0, 0, 0.1, 1.18], "texture": "#3"},
				"west": {"uv": [0, 0, 0.1, 1.18], "texture": "#3"},
				"up": {"uv": [0, 0, 0.1, 0.1], "texture": "#3"},
				"down": {"uv": [0, 0, 0.1, 0.1], "texture": "#3"}
			}
		},
		{
			"from": [7.95, 29.93592, 7.97486],
			"to": [8.05, 31.93592, 8.07486],
			"rotation": {"angle": 22.5, "axis": "x", "origin": [8, 31.08592, 8.17486]},
			"faces": {
				"north": {"uv": [0, 0, 0.1, 2], "texture": "#3"},
				"east": {"uv": [0, 0, 0.1, 2], "texture": "#3"},
				"south": {"uv": [0, 0, 0.1, 2], "texture": "#3"},
				"west": {"uv": [0, 0, 0.1, 2], "texture": "#3"},
				"up": {"uv": [0, 0, 0.1, 0.1], "texture": "#3"},
				"down": {"uv": [0, 0, 0.1, 0.1], "texture": "#3"}
			}
		},
		{
			"from": [7.95, 29.40949, 8.30775],
			"to": [8.05, 31.94949, 8.40775],
			"rotation": {"angle": 0, "axis": "y", "origin": [8, 30.55949, 8.50775]},
			"faces": {
				"north": {"uv": [0, 0, 0.1, 2.54], "texture": "#3"},
				"east": {"uv": [0, 0, 0.1, 2.54], "texture": "#3"},
				"south": {"uv": [0, 0, 0.1, 2.54], "texture": "#3"},
				"west": {"uv": [0, 0, 0.1, 2.54], "texture": "#3"},
				"up": {"uv": [0, 0, 0.1, 0.1], "texture": "#3"},
				"down": {"uv": [0, 0, 0.1, 0.1], "texture": "#3"}
			}
		}
	],
	"gui_light": "front",
	"display": {
		"thirdperson_righthand": {
			"translation": [0, -2, 0.75],
			"scale": [1.2, 1.2, 1.2]
		},
		"thirdperson_lefthand": {
			"translation": [0, -2, 0.75],
			"scale": [1.2, 1.2, 1.2]
		},
		"firstperson_righthand": {
			"rotation": [-8.5, 0, 0],
			"scale": [1, 0.8, 1]
		},
		"firstperson_lefthand": {
			"rotation": [-2, 2, 0.09],
			"translation": [0, -1.25, 0],
			"scale": [1, 0.8, 1]
		},
		"gui": {
			"rotation": [-90, 49.75, 90],
			"translation": [4, -5.25, 0],
			"scale": [0.9, 0.7, 0.9]
		},
		"head": {
			"rotation": [0, 0, 102.75],
			"translation": [15, 5.25, -0.25],
			"scale": [1.5, 1.5, 1.5]
		},
		"fixed": {
			"rotation": [0, 90, 0],
			"translation": [0, -10, -1.25]
		}
	},
	"groups": [
		0,
		1,
		2,
		{
			"name": "outer handle",
			"origin": [15.25, 13.5, 15.5],
			"color": 0,
			"children": [
				3,
				4,
				5,
				6,
				7,
				8,
				9,
				10,
				11,
				12,
				13,
				14,
				15,
				{
					"name": "top handle part",
					"origin": [8, 10.90924, 8.21924],
					"color": 0,
					"children": [16, 17, 18, 19, 20, 21, 22]
				},
				{
					"name": "bottom handle",
					"origin": [8, 10.90924, 8.21924],
					"color": 0,
					"children": [23, 24, 25, 26, 27, 28, 29, 30]
				}
			]
		},
		{
			"name": "inner black blade",
			"origin": [8, 8, 8],
			"color": 0,
			"children": [31, 32, 33, 34, 35, 36, 37]
		},
		{
			"name": "blue blade",
			"origin": [15.9, 18.57732, 15.55388],
			"color": 0,
			"children": [38, 39, 40, 41, 42, 43, 44]
		}
	]
}